PRODUCT NAME,CATEGORY,BRAND,SKU,SUPPLIER,GTIN / EAN / UPC,MAP (Targeted price or RRP),Cost price,Bottom price,Ceiling price,Your site URL,Competitor #1 URL,Competitor #2 URL,Competitor #3 URL,Competitor #4 URL,Competitor #5 URL,Competitor #6 URL,Harga Amazon
"Apple iPad 10 Wifi 10.9"" (4GB RAM, 256GB, Blue) - Brand New",Apple iPad Series,Apple,,,iPad10.910Gen256BluPRT-AU,,,,,,https://www.jbhifi.com.au/products/apple-ipad-10-9-inch-256gb-wi-fi-blue-10th-gen,,,,,,#N/A
"Apple iPad 10 Wifi 10.9"" (4GB RAM, 256GB, Silver) - Brand New",Apple iPad Series,Apple,,,iPad10.910Gen256SlvPRT-AU,,,,,,https://www.jbhifi.com.au/products/apple-ipad-10-9-inch-256gb-wi-fi-silver-10th-gen,,,,,,#N/A
"Apple iPad 10 Wifi 10.9"" (4GB RAM, 64GB, Blue) - Brand New",Apple iPad Series,Apple,,,iPad10.910Gen64BluPRT-AU,,,,,,https://www.jbhifi.com.au/products/apple-ipad-10-9-inch-64gb-wi-fi-blue-10th-gen,,,,,,#N/A
"Apple iPad 10 Wifi 10.9"" (4GB RAM, 64GB, Silver) - Brand New",Apple iPad Series,Apple,,,iPad10.910Gen64SlvPRT-AU,,,,,,https://www.jbhifi.com.au/products/apple-ipad-10-9-inch-64gb-wi-fi-silver-10th-gen,,,,,,#N/A
"Apple iPad 10 Wifi 10.9"" (4GB RAM, 64GB, Yellow) - Brand New",Apple iPad Series,Apple,,,iPad10.910WF64YlwPRT-AU,,,,,,https://www.jbhifi.com.au/products/apple-ipad-10-9-inch-64gb-wi-fi-yellow-10th-gen,,,,,,#N/A
"Apple iPad 2025 5G 11"" (6GB RAM, 128GB, Blue) - Brand New",Apple iPad Air Series,Apple,,,iPad1120255G6R128Blu-AU,,,,,,https://www.jbhifi.com.au/products/apple-ipad-11-inch-a16-128gb-wi-fi-cellular-blue,,,,,,#N/A
"Apple iPad 2025 5G 11"" (6GB RAM, 128GB, Pink) - Brand New",Apple iPad Air Series,Apple,,,iPad1120255G6R128Pnk-AU,,,,,,https://www.jbhifi.com.au/products/apple-ipad-11-inch-a16-128gb-wi-fi-cellular-pink,,,,,,#N/A
"Apple iPad 2025 5G 11"" (6GB RAM, 128GB, Silver) - Brand New",Apple iPad Air Series,Apple,,,iPad1120255G6R128Slv-AU,,,,,,https://www.jbhifi.com.au/products/apple-ipad-11-inch-a16-128gb-wi-fi-cellular-silver,,,,,,#N/A
"Apple iPad 2025 5G 11"" (6GB RAM, 128GB, Yellow) - Brand New",Apple iPad Air Series,Apple,,,iPad1120255G6R128Ylw-AU,,,,,,https://www.jbhifi.com.au/products/apple-ipad-11-inch-a16-128gb-wi-fi-cellular-yellow,,,,,,#N/A
"Apple iPad 2025 5G 11"" (6GB RAM, 256GB, Blue) - Brand New",Apple iPad Air Series,Apple,,,iPad1120255G6R256Blu-AU,,,,,,https://www.jbhifi.com.au/products/apple-ipad-11-inch-a16-256gb-wi-fi-cellular-blue,,,,,,#N/A
"Apple iPad 2025 5G 11"" (6GB RAM, 256GB, Pink) - Brand New",Apple iPad Air Series,Apple,,,iPad1120255G6R256Pnk-AU,,,,,,https://www.jbhifi.com.au/products/apple-ipad-11-inch-a16-256gb-wi-fi-cellular-pink,,,,,,#N/A
"Apple iPad 2025 5G 11"" (6GB RAM, 256GB, Silver) - Brand New",Apple iPad Air Series,Apple,,,iPad1120255G6R256Slv-AU,,,,,,https://www.jbhifi.com.au/products/apple-ipad-11-inch-a16-256gb-wi-fi-cellular-silver,,,,,,#N/A
"Apple iPad 2025 5G 11"" (6GB RAM, 256GB, Yellow) - Brand New",Apple iPad Air Series,Apple,,,iPad1120255G6R256Ylw-AU,,,,,,https://www.jbhifi.com.au/products/apple-ipad-11-inch-a16-256gb-wi-fi-cellular-yellow,,,,,,#N/A
"Apple iPad 2025 5G 11"" (6GB RAM, 512GB, Blue) - Brand New",Apple iPad Air Series,Apple,,,iPad1120255G6R512Blu-AU,,,,,,https://www.jbhifi.com.au/products/apple-ipad-11-inch-a16-512gb-wi-fi-cellular-blue,,,,,,#N/A
"Apple iPad 2025 5G 11"" (6GB RAM, 512GB, Pink) - Brand New",Apple iPad Air Series,Apple,,,iPad1120255G6R512Pnk-AU,,,,,,https://www.jbhifi.com.au/products/apple-ipad-11-inch-a16-512gb-wi-fi-cellular-pink,,,,,,#N/A
"Apple iPad 2025 5G 11"" (6GB RAM, 512GB, Silver) - Brand New",Apple iPad Air Series,Apple,,,iPad1120255G6R512Slv-AU,,,,,,https://www.jbhifi.com.au/products/apple-ipad-11-inch-a16-512gb-wi-fi-cellular-silver,,,,,,#N/A
"Apple iPad 2025 5G 11"" (6GB RAM, 512GB, Yellow) - Brand New",Apple iPad Air Series,Apple,,,iPad1120255G6R512Ylw-AU,,,,,,https://www.jbhifi.com.au/products/apple-ipad-11-inch-a16-512gb-wi-fi-cellular-yellow,,,,,,#N/A
"Apple iPad 2025 Wifi 11"" (6GB RAM, 128GB, Blue) - Brand New",Apple iPad Series,Apple,,,iPad112025WF6R128Blu-AU,,,,,,https://www.jbhifi.com.au/products/apple-ipad-11-inch-a16-128gb-wi-fi-blue,,,,,,#N/A
"Apple iPad 2025 Wifi 11"" (6GB RAM, 128GB, Pink) - Brand New",Apple iPad Series,Apple,,,iPad112025WF6R128Pnk-AU,,,,,,https://www.jbhifi.com.au/products/apple-ipad-11-inch-a16-128gb-wi-fi-pink,,,,,,#N/A
"Apple iPad 2025 Wifi 11"" (6GB RAM, 128GB, Silver) - Brand New",Apple iPad Series,Apple,,,iPad112025WF6R128Slv-AU,,,,,,https://www.jbhifi.com.au/products/apple-ipad-11-inch-a16-128gb-wi-fi-silver,,,,,,#N/A
"Apple iPad 2025 Wifi 11"" (6GB RAM, 128GB, Yellow) - Brand New",Apple iPad Series,Apple,,,iPad112025WF6R128Ylw-AU,,,,,,https://www.jbhifi.com.au/products/apple-ipad-11-inch-a16-128gb-wi-fi-yellow,,,,,,#N/A
"Apple iPad 2025 Wifi 11"" (6GB RAM, 256GB, Blue) - Brand New",Apple iPad Series,Apple,,,iPad112025WF6R256Blu-AU,,,,,,https://www.jbhifi.com.au/products/apple-ipad-11-inch-a16-256gb-wi-fi-blue,,,,,,#N/A
"Apple iPad 2025 Wifi 11"" (6GB RAM, 256GB, Pink) - Brand New",Apple iPad Series,Apple,,,iPad112025WF6R256Pnk-AU,,,,,,https://www.jbhifi.com.au/products/apple-ipad-11-inch-a16-256gb-wi-fi-pink,,,,,,#N/A
"Apple iPad 2025 Wifi 11"" (6GB RAM, 256GB, Silver) - Brand New",Apple iPad Series,Apple,,,iPad112025WF6R256Slv-AU,,,,,,https://www.jbhifi.com.au/products/apple-ipad-11-inch-a16-256gb-wi-fi-silver,,,,,,#N/A
"Apple iPad 2025 Wifi 11"" (6GB RAM, 256GB, Yellow) - Brand New",Apple iPad Series,Apple,,,iPad112025WF6R256Ylw-AU,,,,,,https://www.jbhifi.com.au/products/apple-ipad-11-inch-a16-256gb-wi-fi-yellow,,,,,,#N/A
"Apple iPad 2025 Wifi 11"" (6GB RAM, 512GB, Blue) - Brand New",Apple iPad Air Series,Apple,,,iPad112025WF6R512Blu-AU,,,,,,https://www.jbhifi.com.au/products/apple-ipad-11-inch-a16-512gb-wi-fi-blue,,,,,,#N/A
"Apple iPad 2025 Wifi 11"" (6GB RAM, 512GB, Pink) - Brand New",Apple iPad Air Series,Apple,,,iPad112025WF6R512Pnk-AU,,,,,,https://www.jbhifi.com.au/products/apple-ipad-11-inch-a16-512gb-wi-fi-pink,,,,,,#N/A
"Apple iPad 2025 Wifi 11"" (6GB RAM, 512GB, Silver) - Brand New",Apple iPad Air Series,Apple,,,iPad112025WF6R512Slv-AU,,,,,,https://www.jbhifi.com.au/products/apple-ipad-11-inch-a16-512gb-wi-fi-silver,,,,,,#N/A
"Apple iPad 2025 Wifi 11"" (6GB RAM, 512GB, Yellow) - Brand New",Apple iPad Air Series,Apple,,,iPad112025WF6R512Ylw-AU,,,,,,https://www.jbhifi.com.au/products/apple-ipad-11-inch-a16-512gb-wi-fi-yellow,,,,,,#N/A
"Apple iPad Air 2025 5G 11"" (8GB RAM, 128GB, Blue) - Brand New",Apple iPad Air Series,Apple,,,iPadAir1120255G8R128Blu-AU,,,,,,https://www.jbhifi.com.au/products/apple-ipad-air-11-inch-m3-128gb-wi-fi-cellular-blue,,,,,,#N/A
"Apple iPad Air 2025 5G 11"" (8GB RAM, 128GB, Purple) - Brand New",Apple iPad Air Series,Apple,,,iPadAir1120255G8R128Prp-AU,,,,,,https://www.jbhifi.com.au/products/apple-ipad-air-11-inch-m3-128gb-wi-fi-cellular-purple,,,,,,#N/A
"Apple iPad Air 2025 5G 11"" (8GB RAM, 128GB, Space Gray) - Brand New",Apple iPad Air Series,Apple,,,iPadAir1120255G8R128Gry-AU,,,,,,https://www.jbhifi.com.au/products/apple-ipad-air-11-inch-m3-128gb-wi-fi-cellular-space-grey,,,,,,#N/A
"Apple iPad Air 2025 5G 11"" (8GB RAM, 128GB, Starlight) - Brand New",Apple iPad Air Series,Apple,,,iPadAir1120255G8R128Stl-AU,,,,,,https://www.jbhifi.com.au/products/apple-ipad-air-11-inch-m3-128gb-wi-fi-cellular-starlight,,,,,,#N/A
"Apple iPad Air 2025 5G 11"" (8GB RAM, 1TB, Blue) - Brand New",Apple iPad Air Series,Apple,,,iPadAir1120255G8R1TBBlu-AU,,,,,,https://www.jbhifi.com.au/products/apple-ipad-air-11-inch-m3-1tb-wi-fi-cellular-blue,,,,,,#N/A
"Apple iPad Air 2025 5G 11"" (8GB RAM, 1TB, Purple) - Brand New",Apple iPad Air Series,Apple,,,iPadAir1120255G8R1TBPrp-AU,,,,,,https://www.jbhifi.com.au/products/apple-ipad-air-11-inch-m3-1tb-wi-fi-cellular-purple,,,,,,#N/A
"Apple iPad Air 2025 5G 11"" (8GB RAM, 1TB, Space Gray) - Brand New",Apple iPad Air Series,Apple,,,iPadAir1120255G8R1TBGry-AU,,,,,,https://www.jbhifi.com.au/products/apple-ipad-air-11-inch-m3-1tb-wi-fi-cellular-space-grey,,,,,,#N/A
"Apple iPad Air 2025 5G 11"" (8GB RAM, 1TB, Starlight) - Brand New",Apple iPad Air Series,Apple,,,iPadAir1120255G8R1TBStl-AU,,,,,,https://www.jbhifi.com.au/products/apple-ipad-air-11-inch-m3-1tb-wi-fi-cellular-starlight,,,,,,#N/A
"Apple iPad Air 2025 5G 11"" (8GB RAM, 256GB, Blue) - Brand New",Apple iPad Air Series,Apple,,,iPadAir1120255G8R256Blu-AU,,,,,,https://www.jbhifi.com.au/products/apple-ipad-air-11-inch-m3-256gb-wi-fi-cellular-blue,,,,,,#N/A
"Apple iPad Air 2025 5G 11"" (8GB RAM, 256GB, Purple) - Brand New",Apple iPad Air Series,Apple,,,iPadAir1120255G8R256Prp-AU,,,,,,https://www.jbhifi.com.au/products/apple-ipad-air-11-inch-m3-256gb-wi-fi-cellular-purple,,,,,,#N/A
"Apple iPad Air 2025 5G 11"" (8GB RAM, 256GB, Space Gray) - Brand New",Apple iPad Air Series,Apple,,,iPadAir1120255G8R256Gry-AU,,,,,,https://www.jbhifi.com.au/products/apple-ipad-air-11-inch-m3-256gb-wi-fi-cellular-space-grey,,,,,,#N/A
"Apple iPad Air 2025 5G 11"" (8GB RAM, 256GB, Starlight) - Brand New",Apple iPad Air Series,Apple,,,iPadAir1120255G8R256Stl-AU,,,,,,https://www.jbhifi.com.au/products/apple-ipad-air-11-inch-m3-256gb-wi-fi-cellular-starlight,,,,,,#N/A
"Apple iPad Air 2025 5G 11"" (8GB RAM, 512GB, Blue) - Brand New",Apple iPad Air Series,Apple,,,iPadAir1120255G8R512Blu-AU,,,,,,https://www.jbhifi.com.au/products/apple-ipad-air-11-inch-m3-512gb-wi-fi-cellular-blue,,,,,,#N/A
"Apple iPad Air 2025 5G 11"" (8GB RAM, 512GB, Purple) - Brand New",Apple iPad Air Series,Apple,,,iPadAir1120255G8R512Prp-AU,,,,,,https://www.jbhifi.com.au/products/apple-ipad-air-11-inch-m3-512gb-wi-fi-cellular-purple,,,,,,#N/A
"Apple iPad Air 2025 5G 11"" (8GB RAM, 512GB, Space Gray) - Brand New",Apple iPad Air Series,Apple,,,iPadAir1120255G8R512Gry-AU,,,,,,https://www.jbhifi.com.au/products/apple-ipad-air-11-inch-m3-512gb-wi-fi-cellular-space-grey,,,,,,#N/A
"Apple iPad Air 2025 5G 11"" (8GB RAM, 512GB, Starlight) - Brand New",Apple iPad Air Series,Apple,,,iPadAir1120255G8R512Stl-AU,,,,,,https://www.jbhifi.com.au/products/apple-ipad-air-11-inch-m3-512gb-wi-fi-cellular-starlight,,,,,,#N/A
"Apple iPad Air 2025 5G 13"" (8GB RAM, 128GB, Blue) - Brand New",Apple iPad Air Series,Apple,,,iPadAir1320255G8R128Blu-AU,,,,,,https://www.jbhifi.com.au/products/apple-ipad-air-13-inch-m3-128gb-wi-fi-cellular-blue,,,,,,#N/A
"Apple iPad Air 2025 5G 13"" (8GB RAM, 128GB, Purple) - Brand New",Apple iPad Air Series,Apple,,,iPadAir1320255G8R128Prp-AU,,,,,,https://www.jbhifi.com.au/products/apple-ipad-air-13-inch-m3-128gb-wi-fi-cellular-purple,,,,,,#N/A
"Apple iPad Air 2025 5G 13"" (8GB RAM, 128GB, Space Gray) - Brand New",Apple iPad Air Series,Apple,,,iPadAir1320255G8R128Gry-AU,,,,,,https://www.jbhifi.com.au/products/apple-ipad-air-13-inch-m3-128gb-wi-fi-cellular-space-grey,,,,,,#N/A
"Apple iPad Air 2025 5G 13"" (8GB RAM, 128GB, Starlight) - Brand New",Apple iPad Air Series,Apple,,,iPadAir1320255G8R128Stl-AU,,,,,,https://www.jbhifi.com.au/products/apple-ipad-air-13-inch-m3-128gb-wi-fi-cellular-starlight,,,,,,#N/A
"Apple iPad Air 2025 5G 13"" (8GB RAM, 1TB, Blue) - Brand New",Apple iPad Air Series,Apple,,,iPadAir1320255G8R1TBBlu-AU,,,,,,https://www.jbhifi.com.au/products/apple-ipad-air-13-inch-m3-1tb-wi-fi-cellular-blue,,,,,,#N/A
"Apple iPad Air 2025 5G 13"" (8GB RAM, 1TB, Purple) - Brand New",Apple iPad Air Series,Apple,,,iPadAir1320255G8R1TBPrp-AU,,,,,,https://www.jbhifi.com.au/products/apple-ipad-air-13-inch-m3-1tb-wi-fi-cellular-purple,,,,,,#N/A
"Apple iPad Air 2025 5G 13"" (8GB RAM, 1TB, Space Gray) - Brand New",Apple iPad Air Series,Apple,,,iPadAir1320255G8R1TBGry-AU,,,,,,https://www.jbhifi.com.au/products/apple-ipad-air-13-inch-m3-1tb-wi-fi-cellular-space-grey,,,,,,#N/A
"Apple iPad Air 2025 5G 13"" (8GB RAM, 1TB, Starlight) - Brand New",Apple iPad Air Series,Apple,,,iPadAir1320255G8R1TBStl-AU,,,,,,https://www.jbhifi.com.au/products/apple-ipad-air-13-inch-m3-1tb-wi-fi-cellular-starlight,,,,,,#N/A
"Apple iPad Air 2025 5G 13"" (8GB RAM, 256GB, Blue) - Brand New",Apple iPad Air Series,Apple,,,iPadAir1320255G8R256Blu-AU,,,,,,https://www.jbhifi.com.au/products/apple-ipad-air-13-inch-m3-256gb-wi-fi-cellular-blue,,,,,,#N/A
"Apple iPad Air 2025 5G 13"" (8GB RAM, 256GB, Purple) - Brand New",Apple iPad Air Series,Apple,,,iPadAir1320255G8R256Prp-AU,,,,,,https://www.jbhifi.com.au/products/apple-ipad-air-13-inch-m3-256gb-wi-fi-cellular-purple,,,,,,#N/A
"Apple iPad Air 2025 5G 13"" (8GB RAM, 256GB, Space Gray) - Brand New",Apple iPad Air Series,Apple,,,iPadAir1320255G8R256Gry-AU,,,,,,https://www.jbhifi.com.au/products/apple-ipad-air-13-inch-m3-256gb-wi-fi-cellular-space-grey,,,,,,#N/A
"Apple iPad Air 2025 5G 13"" (8GB RAM, 256GB, Starlight) - Brand New",Apple iPad Air Series,Apple,,,iPadAir1320255G8R256Stl-AU,,,,,,https://www.jbhifi.com.au/products/apple-ipad-air-13-inch-m3-256gb-wi-fi-cellular-starlight,,,,,,#N/A
"Apple iPad Air 2025 5G 13"" (8GB RAM, 512GB, Blue) - Brand New",Apple iPad Air Series,Apple,,,iPadAir1320255G8R512Blu-AU,,,,,,https://www.jbhifi.com.au/products/apple-ipad-air-13-inch-m3-512gb-wi-fi-cellular-blue,,,,,,#N/A
"Apple iPad Air 2025 5G 13"" (8GB RAM, 512GB, Purple) - Brand New",Apple iPad Air Series,Apple,,,iPadAir1320255G8R512Prp-AU,,,,,,https://www.jbhifi.com.au/products/apple-ipad-air-13-inch-m3-512gb-wi-fi-cellular-purple,,,,,,#N/A
"Apple iPad Air 2025 5G 13"" (8GB RAM, 512GB, Space Gray) - Brand New",Apple iPad Air Series,Apple,,,iPadAir1320255G8R512Gry-AU,,,,,,https://www.jbhifi.com.au/products/apple-ipad-air-13-inch-m3-512gb-wi-fi-cellular-space-grey,,,,,,#N/A
"Apple iPad Air 2025 5G 13"" (8GB RAM, 512GB, Starlight) - Brand New",Apple iPad Air Series,Apple,,,iPadAir1320255G8R512Stl-AU,,,,,,https://www.jbhifi.com.au/products/apple-ipad-air-13-inch-m3-512gb-wi-fi-cellular-starlight,,,,,,#N/A
"Apple iPad Air 2025 Wifi 11"" (8GB RAM, 128GB, Blue) - Brand New",Apple iPad Air Series,,,,iPadAir112025WF8R128Blu-AU,,,,,,https://www.jbhifi.com.au/products/apple-ipad-air-11-inch-m3-128gb-wi-fi-blue,,,,,,#N/A
"Apple iPad Air 2025 Wifi 11"" (8GB RAM, 128GB, Purple) - Brand New",Apple iPad Air Series,,,,iPadAir112025WF8R128Prp-AU,,,,,,https://www.jbhifi.com.au/products/apple-ipad-air-11-inch-m3-128gb-wi-fi-purple,,,,,,#N/A
"Apple iPad Air 2025 Wifi 11"" (8GB RAM, 128GB, Space Gray) - Brand New",Apple iPad Air Series,,,,iPadAir112025WF8R128Gry-AU,,,,,,https://www.jbhifi.com.au/products/apple-ipad-air-11-inch-m3-128gb-wi-fi-space-grey,https://www.mobileciti.com.au/apple-ipad-air-11-m3-wi-fi-128gb-mc9w4x-a-space-grey,,,,,#N/A
"Apple iPad Air 2025 Wifi 11"" (8GB RAM, 128GB, Starlight) - Brand New",Apple iPad Air Series,,,,iPadAir112025WF8R128Stl-AU,,,,,,https://www.jbhifi.com.au/products/apple-ipad-air-11-inch-m3-128gb-wi-fi-starlight,https://www.mobileciti.com.au/apple-ipad-air-m3-11-wi-fi-128gb-mc9y4x-a-starlight,,,,,#N/A
"Apple iPad Air 2025 Wifi 11"" (8GB RAM, 1TB, Blue) - Brand New",Apple iPad Air Series,Apple,,,iPadAir112025WF8R1TBBlu-AU,,,,,,https://www.jbhifi.com.au/products/apple-ipad-air-11-inch-m3-1tb-wi-fi-blue,,,,,,#N/A
"Apple iPad Air 2025 Wifi 11"" (8GB RAM, 1TB, Purple) - Brand New",Apple iPad Air Series,Apple,,,iPadAir112025WF8R1TBPrp-AU,,,,,,https://www.jbhifi.com.au/products/apple-ipad-air-11-inch-m3-1tb-wi-fi-purple,,,,,,#N/A
"Apple iPad Air 2025 Wifi 11"" (8GB RAM, 1TB, Space Gray) - Brand New",Apple iPad Air Series,Apple,,,iPadAir112025WF8R1TBGry-AU,,,,,,https://www.jbhifi.com.au/products/apple-ipad-air-11-inch-m3-1tb-wi-fi-space-grey,,,,,,#N/A
"Apple iPad Air 2025 Wifi 11"" (8GB RAM, 1TB, Starlight) - Brand New",Apple iPad Air Series,Apple,,,iPadAir112025WF8R1TBStl-AU,,,,,,https://www.jbhifi.com.au/products/apple-ipad-air-11-inch-m3-1tb-wi-fi-starlight,,,,,,#N/A
"Apple iPad Air 2025 Wifi 11"" (8GB RAM, 256GB, Blue) - Brand New",Apple iPad Air Series,,,,iPadAir112025WF8R256Blu-AU,,,,,,https://www.jbhifi.com.au/products/apple-ipad-air-11-inch-m3-256gb-wi-fi-blue,,,,,,#N/A
"Apple iPad Air 2025 Wifi 11"" (8GB RAM, 256GB, Purple) - Brand New",Apple iPad Air Series,,,,iPadAir112025WF8R256Prp-AU,,,,,,https://www.jbhifi.com.au/products/apple-ipad-air-11-inch-m3-256gb-wi-fi-purple,,,,,,#N/A
"Apple iPad Air 2025 Wifi 11"" (8GB RAM, 256GB, Space Gray) - Brand New",Apple iPad Air Series,,,,iPadAir112025WF8R256Gry-AU,,,,,,https://www.jbhifi.com.au/products/apple-ipad-air-11-inch-m3-256gb-wi-fi-space-grey,,,,,,#N/A
"Apple iPad Air 2025 Wifi 11"" (8GB RAM, 256GB, Starlight) - Brand New",Apple iPad Air Series,,,,iPadAir112025WF8R256Stl-AU,,,,,,https://www.jbhifi.com.au/products/apple-ipad-air-11-inch-m3-256gb-wi-fi-starlight,,,,,,#N/A
"Apple iPad Air 2025 Wifi 13"" (8GB RAM, 128GB, Blue) - Brand New",Apple iPad Air Series,,,,iPadAir132025WF8R128Blu-AU,,,,,,https://www.jbhifi.com.au/products/apple-ipad-air-13-inch-m3-128gb-wi-fi-blue,,,,,,#N/A
"Apple iPad Air 2025 Wifi 13"" (8GB RAM, 128GB, Purple) - Brand New",Apple iPad Air Series,,,,iPadAir132025WF8R128Prp-AU,,,,,,https://www.jbhifi.com.au/products/apple-ipad-air-13-inch-m3-128gb-wi-fi-purple,,,,,,#N/A
"Apple iPad Air 2025 Wifi 13"" (8GB RAM, 128GB, Space Gray) - Brand New",Apple iPad Air Series,,,,iPadAir132025WF8R128Gry-AU,,,,,,https://www.jbhifi.com.au/products/apple-ipad-air-13-inch-m3-128gb-wi-fi-space-grey,https://www.mobileciti.com.au/apple-ipad-air-m3-13-wi-fi-128gb-mcnh4x-a-space-grey,,,,,#N/A
"Apple iPad Air 2025 Wifi 13"" (8GB RAM, 128GB, Starlight) - Brand New",Apple iPad Air Series,,,,iPadAir132025WF8R128Stl-AU,,,,,,https://www.jbhifi.com.au/products/apple-ipad-air-13-inch-m3-128gb-wi-fi-starlight,,,,,,#N/A
"Apple iPad Air 2025 Wifi 13"" (8GB RAM, 1TB, Blue) - Brand New",Apple iPad Air Series,Apple,,,iPadAir132025WF8R1TBBlu-AU,,,,,,https://www.jbhifi.com.au/products/apple-ipad-air-13-inch-m3-1tb-wi-fi-blue,,,,,,#N/A
"Apple iPad Air 2025 Wifi 13"" (8GB RAM, 1TB, Purple) - Brand New",Apple iPad Air Series,Apple,,,iPadAir132025WF8R1TBPrp-AU,,,,,,https://www.jbhifi.com.au/products/apple-ipad-air-13-inch-m3-1tb-wi-fi-purple,,,,,,#N/A
"Apple iPad Air 2025 Wifi 13"" (8GB RAM, 1TB, Space Gray) - Brand New",Apple iPad Air Series,Apple,,,iPadAir132025WF8R1TBGry-AU,,,,,,https://www.jbhifi.com.au/products/apple-ipad-air-13-inch-m3-1tb-wi-fi-space-grey,,,,,,#N/A
"Apple iPad Air 2025 Wifi 13"" (8GB RAM, 1TB, Starlight) - Brand New",Apple iPad Air Series,Apple,,,iPadAir132025WF8R1TBStl-AU,,,,,,https://www.jbhifi.com.au/products/apple-ipad-air-13-inch-m3-1tb-wi-fi-starlight,,,,,,#N/A
"Apple iPad Air 2025 Wifi 13"" (8GB RAM, 256GB, Blue) - Brand New",Apple iPad Air Series,,,,iPadAir132025WF8R256Blu-AU,,,,,,https://www.jbhifi.com.au/products/apple-ipad-air-13-inch-m3-256gb-wi-fi-blue,,,,,,#N/A
"Apple iPad Air 2025 Wifi 13"" (8GB RAM, 256GB, Purple) - Brand New",Apple iPad Air Series,,,,iPadAir132025WF8R256Prp-AU,,,,,,https://www.jbhifi.com.au/products/apple-ipad-air-13-inch-m3-256gb-wi-fi-purple,,,,,,#N/A
"Apple iPad Air 2025 Wifi 13"" (8GB RAM, 256GB, Space Gray) - Brand New",Apple iPad Air Series,,,,iPadAir132025WF8R256Gry-AU,,,,,,https://www.jbhifi.com.au/products/apple-ipad-air-13-inch-m3-256gb-wi-fi-space-grey,,,,,,#N/A
"Apple iPad Air 2025 Wifi 13"" (8GB RAM, 256GB, Starlight) - Brand New",Apple iPad Air Series,,,,iPadAir132025WF8R256Stl-AU,,,,,,https://www.jbhifi.com.au/products/apple-ipad-air-13-inch-m3-256gb-wi-fi-starlight,,,,,,#N/A
"Apple iPad Air 2025 Wifi 13"" (8GB RAM, 512GB, Blue) - Brand New",Apple iPad Air Series,Apple,,,iPadAir132025WF8R512Blu-AU,,,,,,https://www.jbhifi.com.au/products/apple-ipad-air-13-inch-m3-512gb-wi-fi-blue,,,,,,#N/A
"Apple iPad Air 2025 Wifi 13"" (8GB RAM, 512GB, Purple) - Brand New",Apple iPad Air Series,Apple,,,iPadAir132025WF8R512Prp-AU,,,,,,https://www.jbhifi.com.au/products/apple-ipad-air-13-inch-m3-512gb-wi-fi-purple,,,,,,#N/A
"Apple iPad Air 2025 Wifi 13"" (8GB RAM, 512GB, Space Gray) - Brand New",Apple iPad Air Series,Apple,,,iPadAir132025WF8R512Gry-AU,,,,,,https://www.jbhifi.com.au/products/apple-ipad-air-13-inch-m3-512gb-wi-fi-space-grey,,,,,,#N/A
"Apple iPad Air 2025 Wifi 13"" (8GB RAM, 512GB, Starlight) - Brand New",Apple iPad Air Series,Apple,,,iPadAir132025WF8R512Stl-AU,,,,,,https://www.jbhifi.com.au/products/apple-ipad-air-13-inch-m3-512gb-wi-fi-starlight,,,,,,#N/A
"Apple iPad Mini 2024 5G (8GB RAM, 128GB, Blue) - Brand New",Apple iPad Mini Series,Apple,,,AppIpdMin20245G8R128Blu-AU,,,,,,https://www.jbhifi.com.au/products/apple-ipad-mini-8-3-inch-wi-fi-cellular-128gb-bluea17-pro-chip,,,,,,#N/A
"Apple iPad Mini 2024 5G (8GB RAM, 128GB, Purple) - Brand New",Apple iPad Mini Series,Apple,,,AppIpdMin20245G8R128Pur-AU,,,,,,https://www.jbhifi.com.au/products/apple-ipad-mini-8-3-inch-wi-fi-cellular-128gb-purplea17-pro-chip,,,,,,#N/A
"Apple iPad Mini 2024 5G (8GB RAM, 128GB, Space Gray) - Brand New",Apple iPad Mini Series,Apple,,,AppIpdMin20245G8R128Gry-AU,,,,,,https://www.jbhifi.com.au/products/apple-ipad-mini-8-3-inch-wi-fi-cellular-128gb-space-greya17-pro-chip,,,,,,#N/A
"Apple iPad Mini 2024 5G (8GB RAM, 128GB, Starlight) - Brand New",Apple iPad Mini Series,Apple,,,AppIpdMin20245G8R128Stl-AU,,,,,,https://www.jbhifi.com.au/products/apple-ipad-mini-8-3-inch-wi-fi-cellular-128gb-starlighta17-pro-chip,,,,,,#N/A
"Apple iPad Mini 2024 5G (8GB RAM, 256GB, Blue) - Brand New",Apple iPad Mini Series,Apple,,,AppIpdMin20245G8R256Blu-AU,,,,,,https://www.jbhifi.com.au/products/apple-ipad-mini-8-3-inch-wi-fi-cellular-256gb-bluea17-pro-chip,,,,,,#N/A
"Apple iPad Mini 2024 5G (8GB RAM, 256GB, Purple) - Brand New",Apple iPad Mini Series,Apple,,,AppIpdMin20245G8R256Pur-AU,,,,,,https://www.jbhifi.com.au/products/apple-ipad-mini-8-3-inch-wi-fi-cellular-256gb-purplea17-pro-chip,,,,,,#N/A
"Apple iPad Mini 2024 5G (8GB RAM, 256GB, Space Gray) - Brand New",Apple iPad Mini Series,Apple,,,AppIpdMin20245G8R256Gry-AU,,,,,,https://www.jbhifi.com.au/products/apple-ipad-mini-8-3-inch-wi-fi-cellular-256gb-space-greya17-pro-chip,,,,,,#N/A
"Apple iPad Mini 2024 5G (8GB RAM, 256GB, Starlight) - Brand New",Apple iPad Mini Series,Apple,,,AppIpdMin20245G8R256Stl-AU,,,,,,https://www.jbhifi.com.au/products/apple-ipad-mini-8-3-inch-wi-fi-cellular-256gb-starlighta17-pro-chip,,,,,,#N/A
"Apple iPad Mini 2024 5G (8GB RAM, 512GB, Blue) - Brand New",Apple iPad Mini Series,Apple,,,AppIpdMin20245G8R512Blu-AU,,,,,,https://www.jbhifi.com.au/products/apple-ipad-mini-8-3-inch-wi-fi-cellular-512gb-bluea17-pro-chip,,,,,,#N/A
"Apple iPad Mini 2024 5G (8GB RAM, 512GB, Purple) - Brand New",Apple iPad Mini Series,Apple,,,AppIpdMin20245G8R512Pur-AU,,,,,,https://www.jbhifi.com.au/products/apple-ipad-mini-8-3-inch-wi-fi-cellular-512gb-purplea17-pro-chip,,,,,,#N/A
"Apple iPad Mini 2024 5G (8GB RAM, 512GB, Space Gray) - Brand New",Apple iPad Mini Series,Apple,,,AppIpdMin20245G8R512Gry-AU,,,,,,https://www.jbhifi.com.au/products/apple-ipad-mini-8-3-inch-wi-fi-cellular-512gb-space-greya17-pro-chip,,,,,,#N/A
"Apple iPad Mini 2024 5G (8GB RAM, 512GB, Starlight) - Brand New",Apple iPad Mini Series,Apple,,,AppIpdMin20245G8R512Stl-AU,,,,,,https://www.jbhifi.com.au/products/apple-ipad-mini-8-3-inch-wi-fi-cellular-512gb-starlighta17-pro-chip,,,,,,#N/A
"Apple iPad Mini 2024 Wifi (8GB RAM, 128GB, Blue) - Brand New",Apple iPad Mini Series,Apple,,,AppIpdMin2024WF8R128Blu-AU,,,,,,https://www.jbhifi.com.au/products/apple-ipad-mini-8-3-inch-wi-fi-128gb-bluea17-pro-chip,,,,,,#N/A
"Apple iPad Mini 2024 Wifi (8GB RAM, 128GB, Purple) - Brand New",Apple iPad Mini Series,Apple,,,AppIpdMin2024WF8R128Pur-AU,,,,,,https://www.jbhifi.com.au/products/apple-ipad-mini-8-3-inch-wi-fi-128gb-purplea17-pro-chip,,,,,,#N/A
"Apple iPad Mini 2024 Wifi (8GB RAM, 128GB, Space Gray) - Brand New",Apple iPad Mini Series,Apple,,,AppIpdMin2024WF8R128Gry-AU,,,,,,https://www.jbhifi.com.au/products/apple-ipad-mini-8-3-inch-wi-fi-128gb-space-greya17-pro-chip,,,,,,#N/A
"Apple iPad Mini 2024 Wifi (8GB RAM, 128GB, Starlight) - Brand New",Apple iPad Mini Series,Apple,,,AppIpdMin2024WF8R128Stl-AU,,,,,,https://www.jbhifi.com.au/products/apple-ipad-mini-8-3-inch-wi-fi-128gb-starlighta17-pro-chip,,,,,,#N/A
"Apple iPad Mini 2024 Wifi (8GB RAM, 256GB, Blue) - Brand New",Apple iPad Mini Series,Apple,,,AppIpdMin2024WF8R256Blu-AU,,,,,,https://www.jbhifi.com.au/products/apple-ipad-mini-8-3-inch-wi-fi-256gb-bluea17-pro-chip,,,,,,#N/A
"Apple iPad Mini 2024 Wifi (8GB RAM, 256GB, Purple) - Brand New",Apple iPad Mini Series,Apple,,,AppIpdMin2024WF8R256Pur-AU,,,,,,https://www.jbhifi.com.au/products/apple-ipad-mini-8-3-inch-wi-fi-256gb-purplea17-pro-chip,,,,,,#N/A
"Apple iPad Mini 2024 Wifi (8GB RAM, 256GB, Space Gray) - Brand New",Apple iPad Mini Series,Apple,,,AppIpdMin2024WF8R256Gry-AU,,,,,,https://www.jbhifi.com.au/products/apple-ipad-mini-8-3-inch-wi-fi-256gb-space-greya17-pro-chip,,,,,,#N/A
"Apple iPad Mini 2024 Wifi (8GB RAM, 256GB, Starlight) - Brand New",Apple iPad Mini Series,Apple,,,AppIpdMin2024WF8R256Stl-AU,,,,,,https://www.jbhifi.com.au/products/apple-ipad-mini-8-3-inch-wi-fi-256gb-starlighta17-pro-chip,,,,,,#N/A
"Apple iPad Mini 2024 Wifi (8GB RAM, 512GB, Blue) - Brand New",Apple iPad Mini Series,Apple,,,AppIpdMin2024WF8R512Blu-AU,,,,,,https://www.jbhifi.com.au/products/apple-ipad-mini-8-3-inch-wi-fi-512gb-bluea17-pro-chip,,,,,,#N/A
"Apple iPad Mini 2024 Wifi (8GB RAM, 512GB, Purple) - Brand New",Apple iPad Mini Series,Apple,,,AppIpdMin2024WF8R512Pur-AU,,,,,,https://www.jbhifi.com.au/products/apple-ipad-mini-8-3-inch-wi-fi-512gb-purplea17-pro-chip,,,,,,#N/A
"Apple iPad Mini 2024 Wifi (8GB RAM, 512GB, Space Gray) - Brand New",Apple iPad Mini Series,Apple,,,AppIpdMin2024WF8R512Gry-AU,,,,,,https://www.jbhifi.com.au/products/apple-ipad-mini-8-3-inch-wi-fi-512gb-space-greya17-pro-chip,,,,,,#N/A
"Apple iPad Mini 2024 Wifi (8GB RAM, 512GB, Starlight) - Brand New",Apple iPad Mini Series,Apple,,,AppIpdMin2024WF8R512Stl-AU,,,,,,https://www.jbhifi.com.au/products/apple-ipad-mini-8-3-inch-wi-fi-512gb-starlighta17-pro-chip,,,,,,#N/A
"Apple iPad Mini 6 Wifi (4GB RAM, 256GB, Pink) - Brand New",Apple iPad Mini Series,Apple,,,AppIpdMin2021WF4R256Pnk-AU,,,,,,,,https://buymobile.com.au/products/ipad-mini-2021-256gb-wifi?variant=39618036039795,,,,#N/A
"Apple iPad Mini 6 Wifi (4GB RAM, 256GB, Purple) - Brand New",Apple iPad Mini Series,Apple,,,AppIpdMin2021WF4R256Prp-AU,,,,,,,,https://buymobile.com.au/products/ipad-mini-2021-256gb-wifi?variant=40241411588211,,,,#N/A
"Apple iPad Mini 6 Wifi (4GB RAM, 256GB, Starlight) - Brand New",Apple iPad Mini Series,Apple,,,AppIpdMin2021WF4R256Str-AU,,,,,,,,https://buymobile.com.au/products/ipad-mini-2021-256gb-wifi?variant=39476147716211,,,,#N/A
"Apple iPad Mini 6 Wifi (4GB RAM, 64GB, Starlight) - Brand New",Apple iPad Mini Series,Apple,,,iPdMn6WF202164StLFI-AU,,,,,,,,https://buymobile.com.au/products/ipad-mini-2021-64gb-wifi?variant=39476103774323,,,,#N/A
"Apple iPad Pro 2024 5G 11"" (16GB RAM, 1TB, Black) - Brand New",Apple iPad Pro Series,Apple,,,iPadPro20245G16R1TBBlk-AU,,,,,,https://www.jbhifi.com.au/products/apple-ipad-pro-11-inch-1tb-wi-fi-cellular-space-blackm4,,,,,,#N/A
"Apple iPad Pro 2024 5G 11"" (16GB RAM, 1TB, Silver) - Brand New",Apple iPad Pro Series,Apple,,,iPadPro20245G16R1TBSlv-AU,,,,,,https://www.jbhifi.com.au/products/apple-ipad-pro-11-inch-1tb-wi-fi-cellular-silverm4,,,,,,#N/A
"Apple iPad Pro 2024 5G 11"" (16GB RAM, 2TB, Black) - Brand New",Apple iPad Pro Series,Apple,,,iPadPro20245G16R2TBBlk-AU,,,,,,https://www.jbhifi.com.au/products/apple-ipad-pro-11-inch-2tb-wi-fi-cellular-space-blackm4,,,,,,#N/A
"Apple iPad Pro 2024 5G 11"" (16GB RAM, 2TB, Silver) - Brand New",Apple iPad Pro Series,Apple,,,iPadPro20245G16R2TBSlv-AU,,,,,,https://www.jbhifi.com.au/products/apple-ipad-pro-11-inch-2tb-wi-fi-cellular-silverm4,,,,,,#N/A
"Apple iPad Pro 2024 5G 11"" (8GB RAM, 256GB, Black) - Brand New",Apple iPad Pro Series,Apple,,,iPadPro20245G8R256Blk-AU,,,,,,https://www.jbhifi.com.au/products/apple-ipad-pro-11-inch-256gb-wi-fi-cellular-space-blackm4,,,,,,#N/A
"Apple iPad Pro 2024 5G 11"" (8GB RAM, 256GB, Silver) - Brand New",Apple iPad Pro Series,Apple,,,iPadPro20245G8R256Slv-AU,,,,,,https://www.jbhifi.com.au/products/apple-ipad-pro-11-inch-256gb-wi-fi-cellular-silverm4,https://www.mobileciti.com.au/apple-ipad-pro-11-m4-wi-fi-cellular-256gb-mvw23x-a-silver,,,,,#N/A
"Apple iPad Pro 2024 5G 11"" (8GB RAM, 512GB, Black) - Brand New",Apple iPad Pro Series,Apple,,,iPadPro20245G8R512Blk-AU,,,,,,https://www.jbhifi.com.au/products/apple-ipad-pro-11-inch-512gb-wi-fi-cellular-space-blackm4,https://www.mobileciti.com.au/apple-ipad-pro-11-inch-m4-wi-fi-cellular-512gb-8gb-mvw33x-a-space-black,,,,,#N/A
"Apple iPad Pro 2024 5G 11"" (8GB RAM, 512GB, Silver) - Brand New",Apple iPad Pro Series,Apple,,,iPadPro20245G8R512Slv-AU,,,,,,https://www.jbhifi.com.au/products/apple-ipad-pro-11-inch-512gb-wi-fi-cellular-silverm4,,,,,,#N/A
"Apple iPad Pro 2024 5G 13"" (16GB RAM, 1TB, Black) - Brand New",Apple iPad Pro Series,Apple,,,iPadPro2024135G16R1TBBlk-AU,,,,,,https://www.jbhifi.com.au/products/apple-ipad-pro-13-inch-1tb-wi-fi-cellular-space-blackm4,,,,,,#N/A
"Apple iPad Pro 2024 5G 13"" (16GB RAM, 1TB, Silver) - Brand New",Apple iPad Pro Series,Apple,,,iPadPro2024135G16R1TBSlv-AU,,,,,,https://www.jbhifi.com.au/products/apple-ipad-pro-13-inch-1tb-wi-fi-cellular-silverm4,,,,,,#N/A
"Apple iPad Pro 2024 5G 13"" (16GB RAM, 2TB, Black) - Brand New",Apple iPad Pro Series,Apple,,,iPadPro2024135G16R2TBBlk-AU,,,,,,https://www.jbhifi.com.au/products/apple-ipad-pro-13-inch-2tb-wi-fi-cellular-space-blackm4,,,,,,#N/A
"Apple iPad Pro 2024 5G 13"" (16GB RAM, 2TB, Silver) - Brand New",Apple iPad Pro Series,Apple,,,iPadPro2024135G16R2TBSlv-AU,,,,,,https://www.jbhifi.com.au/products/apple-ipad-pro-13-inch-2tb-wi-fi-cellular-silverm4,,,,,,#N/A
"Apple iPad Pro 2024 5G 13"" (8GB RAM, 256GB, Black) - Brand New",Apple iPad Pro Series,Apple,,,iPadPro2024135G8R256Blk-AU,,,,,,https://www.jbhifi.com.au/products/apple-ipad-pro-13-inch-256gb-wi-fi-cellular-space-blackm4,,,,,,#N/A
"Apple iPad Pro 2024 5G 13"" (8GB RAM, 256GB, Silver) - Brand New",Apple iPad Pro Series,Apple,,,iPadPro2024135G8R256Slv-AU,,,,,,https://www.jbhifi.com.au/products/apple-ipad-pro-13-inch-256gb-wi-fi-cellular-silverm4,,,,,,#N/A
"Apple iPad Pro 2024 5G 13"" (8GB RAM, 512GB, Black) - Brand New",Apple iPad Pro Series,Apple,,,iPadPro2024135G8R512Blk-AU,,,,,,https://www.jbhifi.com.au/products/apple-ipad-pro-13-inch-512gb-wi-fi-cellular-space-blackm4,,,,,,#N/A
"Apple iPad Pro 2024 5G 13"" (8GB RAM, 512GB, Silver) - Brand New",Apple iPad Pro Series,Apple,,,iPadPro2024135G8R512Slv-AU,,,,,,https://www.jbhifi.com.au/products/apple-ipad-pro-13-inch-512gb-wi-fi-cellular-silverm4,,,,,,#N/A
"Apple iPad Pro 2024 Wifi 11"" (16GB RAM, 1TB, Black) - Brand New",Apple iPad Pro Series,Apple,,,iPadPro2024WF16R1TBBlk-AU,,,,,,https://www.jbhifi.com.au/products/apple-ipad-pro-11-inch-1tb-wi-fi-space-blackm4,,,,,,#N/A
"Apple iPad Pro 2024 Wifi 11"" (16GB RAM, 1TB, Silver) - Brand New",Apple iPad Pro Series,Apple,,,iPadPro2024WF16R1TBSlv-AU,,,,,,https://www.jbhifi.com.au/products/apple-ipad-pro-11-inch-1tb-wi-fi-silverm4,,,,,,#N/A
"Apple iPad Pro 2024 Wifi 11"" (16GB RAM, 2TB, Black) - Brand New",Apple iPad Pro Series,Apple,,,iPadPro2024WF16R2TBBlk-AU,,,,,,https://www.jbhifi.com.au/products/apple-ipad-pro-11-inch-2tb-wi-fi-space-blackm4,https://www.mobileciti.com.au/apple-ipad-pro-11-inch-m4-wi-fi-2tb-16gb-mvvg3x-a-space-black,,,,,#N/A
"Apple iPad Pro 2024 Wifi 11"" (16GB RAM, 2TB, Silver) - Brand New",Apple iPad Pro Series,Apple,,,iPadPro2024WF16R2TBSlv-AU,,,,,,https://www.jbhifi.com.au/products/apple-ipad-pro-11-inch-2tb-wi-fi-silverm4,,,,,,#N/A
"Apple iPad Pro 2024 Wifi 11"" (8GB RAM, 256GB, Black) - Brand New",Apple iPad Pro Series,Apple,,,iPadPro2024WF8R256Blk-AU,,,,,,https://www.jbhifi.com.au/products/apple-ipad-pro-11-inch-256gb-wi-fi-space-blackm4,,,,,,#N/A
"Apple iPad Pro 2024 Wifi 11"" (8GB RAM, 256GB, Silver) - Brand New",Apple iPad Pro Series,Apple,,,iPadPro2024WF8R256Slv-AU,,,,,,https://www.jbhifi.com.au/products/apple-ipad-pro-11-inch-256gb-wi-fi-silverm4,,,,,,#N/A
"Apple iPad Pro 2024 Wifi 11"" (8GB RAM, 512GB, Black) - Brand New",Apple iPad Pro Series,Apple,,,iPadPro2024WF8R512Blk-AU,,,,,,https://www.jbhifi.com.au/products/apple-ipad-pro-11-inch-512gb-wi-fi-space-blackm4,,,,,,#N/A
"Apple iPad Pro 2024 Wifi 11"" (8GB RAM, 512GB, Silver) - Brand New",Apple iPad Pro Series,Apple,,,iPadPro2024WF8R512Slv-AU,,,,,,https://www.jbhifi.com.au/products/apple-ipad-pro-11-inch-512gb-wi-fi-silverm4,,,,,,#N/A
"Apple iPad Pro 2024 Wifi 13"" (16GB RAM, 1TB, Black) - Brand New",Apple iPad Pro Series,Apple,,,iPadPro202413WF16R1TBBlk-AU,,,,,,https://www.jbhifi.com.au/products/apple-ipad-pro-13-inch-1tb-wi-fi-space-blackm4,,,,,,#N/A
"Apple iPad Pro 2024 Wifi 13"" (16GB RAM, 1TB, Silver) - Brand New",Apple iPad Pro Series,Apple,,,iPadPro202413WF16R1TBSlv-AU,,,,,,https://www.jbhifi.com.au/products/apple-ipad-pro-13-inch-1tb-wi-fi-silverm4,,,,,,#N/A
"Apple iPad Pro 2024 Wifi 13"" (16GB RAM, 2TB, Black) - Brand New",Apple iPad Pro Series,Apple,,,iPadPro202413WF16R2TBBlk-AU,,,,,,https://www.jbhifi.com.au/products/apple-ipad-pro-13-inch-2tb-wi-fi-space-blackm4,,,,,,#N/A
"Apple iPad Pro 2024 Wifi 13"" (16GB RAM, 2TB, Silver) - Brand New",Apple iPad Pro Series,Apple,,,iPadPro202413WF16R2TBSlv-AU,,,,,,https://www.jbhifi.com.au/products/apple-ipad-pro-13-inch-2tb-wi-fi-silverm4,,,,,,#N/A
"Apple iPad Pro 2024 Wifi 13"" (8GB RAM, 256GB, Black) - Brand New",Apple iPad Pro Series,Apple,,,iPadPro202413WF8R256Blk-AU,,,,,,https://www.jbhifi.com.au/products/apple-ipad-pro-13-inch-256gb-wi-fi-space-blackm4,,,,,,#N/A
"Apple iPad Pro 2024 Wifi 13"" (8GB RAM, 256GB, Silver) - Brand New",Apple iPad Pro Series,Apple,,,iPadPro202413WF8R256Slv-AU,,,,,,https://www.jbhifi.com.au/products/apple-ipad-pro-13-inch-256gb-wi-fi-silverm4,,,,,,#N/A
"Apple iPad Pro 2024 Wifi 13"" (8GB RAM, 512GB, Black) - Brand New",Apple iPad Pro Series,Apple,,,iPadPro202413WF8R512Blk-AU,,,,,,https://www.jbhifi.com.au/products/apple-ipad-pro-13-inch-512gb-wi-fi-space-blackm4,,,,,,#N/A
"Apple iPad Pro 2024 Wifi 13"" (8GB RAM, 512GB, Silver) - Brand New",Apple iPad Pro Series,Apple,,,iPadPro202413WF8R512Slv-AU,,,,,,https://www.jbhifi.com.au/products/apple-ipad-pro-13-inch-512gb-wi-fi-silverm4,,,,,,#N/A
"Apple iPhone 15 Pro Max (8GB RAM, 512GB, Black Titanium) - Brand New",Apple iPhone 15 Series,Apple,,,iPhn15ProMax8R512BlkPRT-AU,,,,,,,,https://buymobile.com.au/products/apple-iphone-15-pro-max-dual-sim-512gb-5g?variant=40943820406899,,,,#N/A
"Apple iPhone 16 5G (8GB RAM, 128GB, Pink) - Brand New",Apple iPhone 16 Series,Apple,,,iPhn168R128Pnk-AU,,,,,,https://www.jbhifi.com.au/products/apple-iphone-16-128gb-pink,,https://buymobile.com.au/products/apple-iphone-16-dual-sim-128gb-5g?variant=42270260822131,,,,#N/A
"Apple iPhone 16 5G (8GB RAM, 128GB, Ultramarine) - Brand New",Apple iPhone 16 Series,Apple,,,iPhn168R128Ult-AU,,,,,,https://www.jbhifi.com.au/products/apple-iphone-16-128gb-ultramarine,,https://buymobile.com.au/products/apple-iphone-16-dual-sim-128gb-5g?variant=42270260854899,,,,#N/A
"Apple iPhone 16 5G (8GB RAM, 256GB, Black) - Brand New",Apple iPhone 16 Series,Apple,,,iPhn168R256Blk-AU,,,,,,https://www.jbhifi.com.au/products/apple-iphone-16-256gb-black,https://www.mobileciti.com.au/apple-iphone-16-256gb-black,https://buymobile.com.au/products/apple-iphone-16-dual-sim-256gb-5g?variant=42270272159859,,,,#N/A
"Apple iPhone 16 5G (8GB RAM, 256GB, Pink) - Brand New",Apple iPhone 16 Series,Apple,,,iPhn168R256Pnk-AU,,,,,,https://www.jbhifi.com.au/products/apple-iphone-16-256gb-pink,,https://buymobile.com.au/products/apple-iphone-16-dual-sim-256gb-5g?variant=42270272258163,,,,#N/A
"Apple iPhone 16 5G (8GB RAM, 256GB, Teal) - Brand New",Apple iPhone 16 Series,Apple,,,iPhn168R256Tel-AU,,,,,,https://www.jbhifi.com.au/products/apple-iphone-16-256gb-teal,,https://buymobile.com.au/products/apple-iphone-16-dual-sim-256gb-5g?variant=42270272225395,,,,#N/A
"Apple iPhone 16 5G (8GB RAM, 256GB, Ultramarine) - Brand New",Apple iPhone 16 Series,Apple,,,iPhn168R256Ult-AU,,,,,,https://www.jbhifi.com.au/products/apple-iphone-16-256gb-ultramarine,,https://buymobile.com.au/products/apple-iphone-16-dual-sim-256gb-5g?variant=42270272290931,,,,#N/A
"Apple iPhone 16 5G (8GB RAM, 256GB, White) - Brand New",Apple iPhone 16 Series,Apple,,,iPhn168R256Wht-AU,,,,,,https://www.jbhifi.com.au/products/apple-iphone-16-256gb-white,,https://buymobile.com.au/products/apple-iphone-16-dual-sim-256gb-5g?variant=42270272192627,,,,#N/A
"Apple iPhone 16 5G (8GB RAM, 512GB, Pink) - Brand New",Apple iPhone 16 Series,Apple,,,iPhn168R512Pnk-AU,,,,,,https://www.jbhifi.com.au/products/apple-iphone-16-512gb-pink,,https://buymobile.com.au/products/apple-iphone-16-dual-sim-512gb-5g?variant=42270279106675,,,,#N/A
"Apple iPhone 16 Plus 5G (8GB RAM, 128GB, Black) - Brand New",Apple iPhone 16 Series,Apple,,,iPhn16Pls8R128Blk-AU,,,,,,https://www.jbhifi.com.au/products/apple-iphone-16-plus-128gb-black,,https://buymobile.com.au/products/apple-iphone-16-dual-sim-128gb-5g?variant=42270260723827,,,,#N/A
"Apple iPhone 16 Plus 5G (8GB RAM, 128GB, Pink) - Brand New",Apple iPhone 16 Series,Apple,,,iPhn16Pls8R128Pnk-AU,,,,,,https://www.jbhifi.com.au/products/apple-iphone-16-plus-128gb-pink,,https://buymobile.com.au/products/apple-iphone-16-dual-sim-128gb-5g?variant=42270260822131,,,,#N/A
"Apple iPhone 16 Plus 5G (8GB RAM, 128GB, Teal) - Brand New",Apple iPhone 16 Series,Apple,,,iPhn16Pls8R128Tel-AU,,,,,,https://www.jbhifi.com.au/products/apple-iphone-16-plus-128gb-teal,,https://buymobile.com.au/products/apple-iphone-16-dual-sim-128gb-5g?variant=42270260789363,,,,#N/A
"Apple iPhone 16 Plus 5G (8GB RAM, 128GB, Ultramarine) - Brand New",Apple iPhone 16 Series,Apple,,,iPhn16Pls8R128Ult-AU,,,,,,https://www.jbhifi.com.au/products/apple-iphone-16-plus-128gb-ultramarine,,https://buymobile.com.au/products/apple-iphone-16-dual-sim-128gb-5g?variant=42270260854899,,,,#N/A
"Apple iPhone 16 Plus 5G (8GB RAM, 128GB, White) - Brand New",Apple iPhone 16 Series,Apple,,,iPhn16Pls8R128Wht-AU,,,,,,https://www.jbhifi.com.au/products/apple-iphone-16-plus-128gb-white,,https://buymobile.com.au/products/apple-iphone-16-dual-sim-128gb-5g?variant=42270260756595,,,,#N/A
"Apple iPhone 16 Plus 5G (8GB RAM, 256GB, Black) - Brand New",Apple iPhone 16 Series,Apple,,,iPhn16Pls8R256Blk-AU,,,,,,https://www.jbhifi.com.au/products/apple-iphone-16-plus-256gb-black,,https://buymobile.com.au/products/apple-iphone-16-plus-dual-sim-256gb-5g?variant=42270295294067,,,,#N/A
"Apple iPhone 16 Plus 5G (8GB RAM, 256GB, Pink) - Brand New",Apple iPhone 16 Series,Apple,,,iPhn16Pls8R256Pnk-AU,,,,,,https://www.jbhifi.com.au/products/apple-iphone-16-plus-256gb-pink,,https://buymobile.com.au/products/apple-iphone-16-plus-dual-sim-256gb-5g?variant=42270295392371,,,,#N/A
"Apple iPhone 16 Plus 5G (8GB RAM, 256GB, Ultramarine) - Brand New",Apple iPhone 16 Series,Apple,,,iPhn16Pls8R256Ult-AU,,,,,,https://www.jbhifi.com.au/products/apple-iphone-16-plus-256gb-ultramarine,https://www.mobileciti.com.au/apple-iphone-16-plus-256gb-ultramarine,https://buymobile.com.au/products/apple-iphone-16-plus-dual-sim-256gb-5g?variant=42270295425139,,,,#N/A
"Apple iPhone 16 Plus 5G (8GB RAM, 256GB, White) - Brand New",Apple iPhone 16 Series,Apple,,,iPhn16Pls8R256Wht-AU,,,,,,https://www.jbhifi.com.au/products/apple-iphone-16-plus-256gb-white,,https://buymobile.com.au/products/apple-iphone-16-plus-dual-sim-256gb-5g?variant=42270295326835,,,,#N/A
"Apple iPhone 16 Pro 5G (8GB RAM, 128GB, Black) - Brand New",Apple iPhone 16 Series,Apple,,,iPhn16Pro8R128Blk-AU,,,,,,https://www.jbhifi.com.au/products/apple-iphone-16-pro-128gb-black-titanium,,https://buymobile.com.au/collections/apple-iphone-16-pro/products/apple-iphone-16-pro-dual-sim-128gb-5g?variant=42270418108531,,,,#N/A
"Apple iPhone 16 Pro 5G (8GB RAM, 128GB, Desert) - Brand New",Apple iPhone 16 Series,Apple,,,iPhn16Pro8R128Des-AU,,,,,,https://www.jbhifi.com.au/products/apple-iphone-16-pro-128gb-desert-titanium,,https://buymobile.com.au/collections/apple-iphone-16-pro/products/apple-iphone-16-pro-dual-sim-128gb-5g?variant=42270418239603,,,,#N/A
"Apple iPhone 16 Pro 5G (8GB RAM, 128GB, Natural) - Brand New",Apple iPhone 16 Series,Apple,,,iPhn16Pro8R128Nat-AU,,,,,,https://www.jbhifi.com.au/products/apple-iphone-16-pro-128gb-natural-titanium,,https://buymobile.com.au/collections/apple-iphone-16-pro/products/apple-iphone-16-pro-dual-sim-128gb-5g?variant=42270418174067,,,,#N/A
"Apple iPhone 16 Pro 5G (8GB RAM, 128GB, White) - Brand New",Apple iPhone 16 Series,Apple,,,iPhn16Pro8R128Wht-AU,,,,,,https://www.jbhifi.com.au/products/apple-iphone-16-pro-128gb-white-titanium,,https://buymobile.com.au/collections/apple-iphone-16-pro/products/apple-iphone-16-pro-dual-sim-128gb-5g?variant=42270418141299,,,,#N/A
"Apple iPhone 16 Pro 5G (8GB RAM, 1TB, Black) - Brand New",Apple iPhone 16 Series,Apple,,,iPhn16Pro8R1TBBlk-AU,,,,,,https://www.jbhifi.com.au/products/apple-iphone-16-pro-1tb-black-titanium,,https://buymobile.com.au/collections/apple-iphone-16-pro/products/apple-iphone-16-pro-dual-sim-1tb-5g?variant=42270441570419,,,,#N/A
"Apple iPhone 16 Pro 5G (8GB RAM, 1TB, Desert) - Brand New",Apple iPhone 16 Series,Apple,,,iPhn16Pro8R1TBDes-AU,,,,,,https://www.jbhifi.com.au/products/apple-iphone-16-pro-1tb-desert-titanium,,https://buymobile.com.au/collections/apple-iphone-16-pro/products/apple-iphone-16-pro-dual-sim-1tb-5g?variant=42270441668723,,,,#N/A
"Apple iPhone 16 Pro 5G (8GB RAM, 256GB, Black) - Brand New",Apple iPhone 16 Series,Apple,,,iPhn16Pro8R256Blk-AU,,,,,,https://www.jbhifi.com.au/products/apple-iphone-16-pro-256gb-black-titanium,https://www.mobileciti.com.au/apple-iphone-16-pro-256gb-black-titanium,https://buymobile.com.au/products/apple-iphone-16-pro-dual-sim-256gb-5g?variant=42270428495987,,,,#N/A
"Apple iPhone 16 Pro 5G (8GB RAM, 256GB, Desert) - Brand New",Apple iPhone 16 Series,Apple,,,iPhn16Pro8R256Des-AU,,,,,,https://www.jbhifi.com.au/products/apple-iphone-16-pro-256gb-desert-titanium,https://www.mobileciti.com.au/apple-iphone-16-pro-256gb-desert-titanium,https://buymobile.com.au/products/apple-iphone-16-pro-dual-sim-256gb-5g?variant=42270428594291,,,,#N/A
"Apple iPhone 16 Pro 5G (8GB RAM, 256GB, Natural) - Brand New",Apple iPhone 16 Series,Apple,,,iPhn16Pro8R256Nat-AU,,,,,,https://www.jbhifi.com.au/products/apple-iphone-16-pro-256gb-natural-titanium,https://www.mobileciti.com.au/apple-iphone-16-pro-256gb-natural-titanium,https://buymobile.com.au/products/apple-iphone-16-pro-dual-sim-256gb-5g?variant=42270428561523,,,,#N/A
"Apple iPhone 16 Pro 5G (8GB RAM, 256GB, White) - Brand New",Apple iPhone 16 Series,Apple,,,iPhn16Pro8R256Wht-AU,,,,,,https://www.jbhifi.com.au/products/apple-iphone-16-pro-256gb-white-titanium,,https://buymobile.com.au/products/apple-iphone-16-pro-dual-sim-256gb-5g?variant=42270428528755,,,,#N/A
"Apple iPhone 16 Pro 5G (8GB RAM, 512GB, Black) - Brand New",Apple iPhone 16 Series,Apple,,,iPhn16Pro8R512Blk-AU,,,,,,https://www.jbhifi.com.au/products/apple-iphone-16-pro-512gb-black-titanium,,https://buymobile.com.au/products/apple-iphone-16-pro-dual-sim-512gb-5g?variant=42270435213427,,,,#N/A
"Apple iPhone 16 Pro 5G (8GB RAM, 512GB, Desert) - Brand New",Apple iPhone 16 Series,Apple,,,iPhn16Pro8R512Des-AU,,,,,,https://www.jbhifi.com.au/products/apple-iphone-16-pro-512gb-desert-titanium,,https://buymobile.com.au/collections/apple-iphone-16-pro/products/apple-iphone-16-pro-dual-sim-512gb-5g?variant=42270435311731,,,,#N/A
"Apple iPhone 16 Pro 5G (8GB RAM, 512GB, Natural) - Brand New",Apple iPhone 16 Series,Apple,,,iPhn16Pro8R512Nat-AU,,,,,,https://www.jbhifi.com.au/products/apple-iphone-16-pro-512gb-natural-titanium,,https://buymobile.com.au/collections/apple-iphone-16-pro/products/apple-iphone-16-pro-dual-sim-512gb-5g?variant=42270435278963,,,,#N/A
"Apple iPhone 16 Pro Max 5G (8GB RAM, 1TB, Black) - Brand New",Apple iPhone 16 Series,Apple,,,iPhn16ProMax8R1TBBlk-AU,,,,,,https://www.jbhifi.com.au/products/apple-iphone-16-pro-max-1tb-black-titanium,,https://buymobile.com.au/collections/apple-iphone-16-pro-max/products/apple-iphone-16-pro-max-dual-sim-1tb-5g?variant=42270462279795,,,,#N/A
"Apple iPhone 16 Pro Max 5G (8GB RAM, 1TB, Desert) - Brand New",Apple iPhone 16 Series,Apple,,,iPhn16ProMax8R1TBDes-AU,,,,,,https://www.jbhifi.com.au/products/apple-iphone-16-pro-max-1tb-desert-titanium,,https://buymobile.com.au/collections/apple-iphone-16-pro-max/products/apple-iphone-16-pro-max-dual-sim-1tb-5g?variant=42270462378099,,,,#N/A
"Apple iPhone 16 Pro Max 5G (8GB RAM, 1TB, Natural) - Brand New",Apple iPhone 16 Series,Apple,,,iPhn16ProMax8R1TBNat-AU,,,,,,https://www.jbhifi.com.au/products/apple-iphone-16-pro-max-1tb-natural-titanium,,https://buymobile.com.au/collections/apple-iphone-16-pro-max/products/apple-iphone-16-pro-max-dual-sim-1tb-5g?variant=42270462345331,,,,#N/A
"Apple iPhone 16 Pro Max 5G (8GB RAM, 512GB, Black) - Brand New",Apple iPhone 16 Series,Apple,,,iPhn16ProMax8R512Blk-AU,,,,,,https://www.jbhifi.com.au/products/apple-iphone-16-pro-max-512gb-black-titanium,,https://buymobile.com.au/products/apple-iphone-16-pro-max-dual-sim-512gb-5g?variant=42270457167987,,,,#N/A
"Apple iPhone 16 Pro Max 5G (8GB RAM, 512GB, Desert) - Brand New",Apple iPhone 16 Series,Apple,,,iPhn16ProMax8R512Des-AU,,,,,,https://www.jbhifi.com.au/products/apple-iphone-16-pro-max-512gb-desert-titanium,,https://buymobile.com.au/products/apple-iphone-16-pro-max-dual-sim-512gb-5g?variant=42270457266291,,,,#N/A
"Apple iPhone 16 Pro Max 5G (8GB RAM, 512GB, Natural) - Brand New",Apple iPhone 16 Series,Apple,,,iPhn16ProMax8R512Nat-AU,,,,,,https://www.jbhifi.com.au/products/apple-iphone-16-pro-max-512gb-natural-titanium,,https://buymobile.com.au/products/apple-iphone-16-pro-max-dual-sim-512gb-5g?variant=42270457233523,,,,#N/A
"Apple iPhone 16e 5G (8GB RAM, 128GB, Black) - Brand New",Apple iPhone 16 Series,Apple,,,iPhn16e8R128Blk-AU,,,,,,https://www.jbhifi.com.au/products/apple-iphone-16e-128gb-black,,,,,,#N/A
"Apple iPhone 16e 5G (8GB RAM, 128GB, White) - Brand New",Apple iPhone 16 Series,Apple,,,iPhn16e8R128Wht-AU,,,,,,https://www.jbhifi.com.au/products/apple-iphone-16e-128gb-white,https://www.mobileciti.com.au/apple-iphone-16e-128gb-white,,,,,#N/A
"Apple iPhone 16e 5G (8GB RAM, 256GB, Black) - Brand New",Apple iPhone 16 Series,Apple,,,iPhn16e8R256Blk-AU,,,,,,https://www.jbhifi.com.au/products/apple-iphone-16e-256gb-black,,,,,,#N/A
"Apple iPhone 16e 5G (8GB RAM, 256GB, White) - Brand New",Apple iPhone 16 Series,Apple,,,iPhn16e8R256Wht-AU,,,,,,https://www.jbhifi.com.au/products/apple-iphone-16e-256gb-white,,,,,,#N/A
"Apple iPhone 16e 5G (8GB RAM, 512GB, Black) - Brand New",Apple iPhone 16 Series,Apple,,,iPhn16e8R512Blk-AU,,,,,,https://www.jbhifi.com.au/products/apple-iphone-16e-512gb-black,https://www.mobileciti.com.au/apple-iphone-16e-512gb-black,,,,,#N/A
"Apple iPhone 16e 5G (8GB RAM, 512GB, White) - Brand New",Apple iPhone 16 Series,Apple,,,iPhn16e8R512Wht-AU,,,,,,https://www.jbhifi.com.au/products/apple-iphone-16e-512gb-white,https://www.mobileciti.com.au/apple-iphone-16e-512gb-white,,,,,#N/A
"Apple Watch Series 10 (MWWA3, 42mm, Denim Sport S/M) - Brand New",Apple Watch Series 10,Apple,,,AppWat10MWWA342DnmSptSM-AU,,,,,,https://www.jbhifi.com.au/products/apple-watch-series-10-42mm-silver-aluminium-case-gps-sport-band-s-m-denim,,,,,,#N/A
"Apple Watch Series 10 (MWWE3, 42mm, Black Sport S/M) - Brand New",Apple Watch Series 10,Apple,,,AppWat10MWWE342BlkSptSM-AU,,,,,,https://www.jbhifi.com.au/products/apple-watch-series-10-42mm-jet-black-aluminium-case-gps-sport-band-s-m-black,,,,,,#N/A
"Apple Watch Series 10 (MWWF3, 42mm, Black Sport M/L) - Brand New",Apple Watch Series 10,Apple,,,AppWat10MWWF342BlkSptML-AU,,,,,,https://www.jbhifi.com.au/products/apple-watch-series-10-42mm-jet-black-aluminium-case-gps-sport-band-m-l-black,https://www.mobileciti.com.au/apple-watch-series-10-gps-42mm-jet-black-aluminium-case-w-black-sport-band-m-l,,,,,#N/A
"Apple Watch Series 10 (MWWH3, 42mm, Light Blush Sport S/M) - Brand New",Apple Watch Series 10,Apple,,,AppWat10MWWH342LbuSptSM-AU,,,,,,https://www.jbhifi.com.au/products/apple-watch-series-10-42mm-rose-gold-aluminium-case-gps-sport-band-s-m-light-blush,,,,,,#N/A
"Apple Watch Series 10 (MWWL3, 46mm, Denim Sport S/M) - Brand New",Apple Watch Series 10,Apple,,,AppWat10MWWL346DenSptSM-AU,,,,,,https://www.jbhifi.com.au/products/apple-watch-series-10-46mm-silver-aluminium-case-gps-sport-band-s-m-denim,,,,,,#N/A
"Apple Watch Series 10 (MWWM3, 46mm, Denim Sport M/L) - Brand New",Apple Watch Series 10,Apple,,,AppWat10MWWM346DenSptML-AU,,,,,,https://www.jbhifi.com.au/products/apple-watch-series-10-46mm-silver-aluminium-case-gps-sport-band-m-l-denim,,,,,,#N/A
"Apple Watch Series 10 (MWWP3, 46mm, Black Sport S/M) - Brand New",Apple Watch Series 10,Apple,,,AppWat10MWWP346BlkSptSM-AU,,,,,,https://www.jbhifi.com.au/products/apple-watch-series-10-46mm-jet-black-aluminium-case-gps-sport-band-s-m-black,,,,,,#N/A
"Apple Watch Series 10 (MWWQ3, 46mm, Black Sport M/L) - Brand New",Apple Watch Series 10,Apple,,,AppWat10MWWQ346BlkSptML-AU,,,,,,https://www.jbhifi.com.au/products/apple-watch-series-10-46mm-jet-black-aluminium-case-gps-sport-band-m-l-black,,,,,,#N/A
"Apple Watch Series 10 (MWWR3, 46mm, Ink Sport Loop) - Brand New",Apple Watch Series 10,Apple,,,AppWat10MWWR346InkSptLp-AU,,,,,,https://www.jbhifi.com.au/products/apple-watch-series-10-46mm-jet-black-aluminium-case-gps-sport-loop-ink,,,,,,#N/A
"Apple Watch Series 10 (MWWU3, 46mm, Light Blush Sport M/L) - Brand New",Apple Watch Series 10,Apple,,,AppWat10MWWU346LbuSptSM-AU,,,,,,https://www.jbhifi.com.au/products/apple-watch-series-10-46mm-rose-gold-aluminium-case-gps-sport-band-m-l-light-blush,,,,,,#N/A
"Apple Watch Series 10 (MWX03, 46mm, Silver) - Brand New",Apple Watch Series 10,Apple,,,AppWat10MWX0346Slv-AU,,,,,,https://www.jbhifi.com.au/products/apple-watch-series-10-46mm-silver-aluminium-case-gps-sport-band-s-m-denim,,https://buymobile.com.au/products/apple-watch-series-10-gps-mwx03-46mm-silver-aluminium-case-with-sport-band?_pos=1&_sid=b4ab9077a&_ss=r,,,,#N/A
"Apple Watch Series SE (MXE73, 40mm, Midnight S/M) - Brand New",Apple Watch SE,Apple,,,AppWatSEMXE7340MidSM-AU,,,,,,,,,,,,#N/A
"Apple Watch Series SE (MXEC3, 40mm, Silver S/M) - Brand New",Apple Watch SE,Apple,,,AppWatSEMXEC340SlvSM-AU,,,,,,,,,,,,#N/A
"Apple Watch Series SE (MXEF3, 40mm, Starlight S/M) - Brand New",Apple Watch SE,Apple,,,AppWatSEMXEF340StlSM-AU,,,,,,,,,,,,#N/A
"ASUS ROG 5 Dual SIM 5G (12GB RAM, 256GB, White) - Brand New",Asus ROG Series,ASUS,,,AsROG512R256Wht-AU,,,,,,,,,,,,#N/A
"Asus ROG 8 Pro 5G (24GB RAM, 1TB, Phantom Black) - Brand New",Asus ROG Series,Asus,,,AsROG8Pro24R1TBBlk-AU,,,,,,https://www.jbhifi.com.au/products/asus-rog-phone-8-pro-5g-1tb-phantom-black,,,https://spectronic.com.au/product/asus-rog-phone-8-pro-5g-1tb-24gb-ram-phantom-black-global-version-active-cooler-x/,https://bestmobilephone.com.au/asus-rog-phone-8-pro-24gb-1tb-5g-phantom-black-active-cooler-x-global-version/,https://www.amazon.com.au/dp/B07MRJFB4J,#N/A
"Asus ROG 9 5G (12GB RAM, 256GB, Phantom Black) - Brand New",Asus ROG Series,Asus,,,AsROG912R256Blk-AU,,,,,,,,https://buymobile.com.au/collections/asus/products/asus-rog-phone-9-ai2501-china-specs-dual-sim-12gb-ram-256gb-5g,https://spectronic.com.au/product/asus-rog-phone-9-5g-12gb-256gb-phantom-black-global-version/,,https://www.amazon.com.au/dp/B0DQTVJ3ZP,#N/A
"Asus ROG 9 5G (12GB RAM, 256GB, Storm White) - Brand New",Asus ROG Series,Asus,,,AsROG912R256Wht-AU,,,,,,https://www.jbhifi.com.au/products/asus-rog-phone-9-5g-256gb-white,,,,,,#N/A
"Asus ROG 9 5G (12GB RAM, 512GB, Phantom Black) - Brand New",Asus ROG Series,Asus,,,AsROG912R512Blk-AU,,,,,,,,https://buymobile.com.au/collections/asus/products/asus-rog-phone-9-ai2501-china-specs-dual-sim-12gb-ram-512gb-5g?variant=42673118707827,,,,#N/A
"Asus ROG 9 5G (12GB RAM, 512GB, Storm White) - Brand New",Asus ROG Series,Asus,,,AsROG912R512Wht-AU,,,,,,,,https://buymobile.com.au/collections/asus/products/asus-rog-phone-9-ai2501-china-specs-dual-sim-12gb-ram-512gb-5g?variant=42679995498611,,,,#N/A
"Asus ROG 9 5G (16GB RAM, 512GB, Phantom Black) - Brand New",Asus ROG Series,Asus,,,AsROG916R512Blk-AU,,,,,,,,https://buymobile.com.au/collections/asus/products/asus-rog-phone-9-ai2501-dual-sim-16gb-ram-512gb-5g?variant=42670102315123,https://spectronic.com.au/product/asus-rog-phone-9-5g-512gb-16gb-storm-black-global-version/,https://bestmobilephone.com.au/asus-rog-phone-9-16gb-512gb-5g-phantom-black-global-version/,,#N/A
"Asus ROG 9 5G (16GB RAM, 512GB, Storm White) - Brand New",Asus ROG Series,Asus,,,AsROG916R512Wht-AU,,,,,,,,https://buymobile.com.au/collections/asus/products/asus-rog-phone-9-ai2501-dual-sim-16gb-ram-512gb-5g?variant=42670102347891,,https://bestmobilephone.com.au/asus-rog-phone-9-16gb-512gb-5g-storm-white-global-version/,https://www.amazon.com.au/dp/B0DPL8MBMZ,#N/A
"Asus ROG 9 Pro Edition 5G (16GB RAM, 512GB, Phantom Black) - Brand New",Asus ROG Series,Asus,,,AsROG9ProEd16R512BBlk-AU,,,,,,https://www.jbhifi.com.au/products/asus-rog-phone-9-pro-5g-512gb-black,,https://buymobile.com.au/products/asus-rog-phone-9-pro-ai2501-dual-sim-16gb-ram-512gb-5g,https://spectronic.com.au/product/asus-rog-phone-9-pro-5g-512gb-16gb-phantom-black-global-version/,https://bestmobilephone.com.au/asus-rog-phone-9-pro-16gb-512gb-5g-phantom-black-global-version/,https://www.amazon.com.au/dp/B0DRNRGQH7,#N/A
"Asus ROG 9 Pro Edition 5G (24GB RAM, 1TB, Phantom Black) - Brand New",Asus ROG Series,Asus,,,AsROG9ProEd24R1TBBlk-AU,,,,,,,,,https://spectronic.com.au/product/asus-rog-phone-9-pro-edition-24gb-1tb-5g-phantom-black-global-version/,https://bestmobilephone.com.au/asus-rog-phone-9-pro-edition-24gb-1tb-5g-phantom-black-global-version/,https://www.amazon.com.au/dp/B0DRNSQDR4,#N/A
"Asus Zenfone 12 Ultra 5G (12GB RAM, 256GB, Ebony Black) - Brand New",Asus Zenfone Series,Asus,,,AsZen12Ult12R256Blk-AU,,,,,,,,,,,,#N/A
"Asus Zenfone 12 Ultra 5G (12GB RAM, 256GB, Sage Green) - Brand New",Asus Zenfone Series,Asus,,,AsZen12Ult12R256Grn-AU,,,,,,,,,,,,#N/A
"Asus Zenfone 12 Ultra 5G (12GB RAM, 256GB, Sakura White) - Brand New",Asus Zenfone Series,Asus,,,AsZen12Ult12R256Wht-AU,,,,,,,,,,,,#N/A
"Asus Zenfone 12 Ultra 5G (16GB RAM, 512GB, Ebony Black) - Brand New",Asus Zenfone Series,Asus,,,AsZen12Ult16R512Blk-AU,,,,,,,,https://buymobile.com.au/products/asus-zenfone-12-ultra-ai2501h-dual-sim-16gb-ram-512gb-5g?variant=42995483377779,https://spectronic.com.au/product/zenfone-12-ultra-5g-512gb-16gb-ram-ebony-black-global-version/,https://bestmobilephone.com.au/asus-zenfone-12-ultra-5g-dual-sim-16gb-512gb-ebony-black-global-version/,,#N/A
"Asus Zenfone 12 Ultra 5G (16GB RAM, 512GB, Sage Green) - Brand New",Asus Zenfone Series,Asus,,,AsZen12Ult16R512Grn-AU,,,,,,,,https://buymobile.com.au/products/asus-zenfone-12-ultra-ai2501h-dual-sim-16gb-ram-512gb-5g?variant=42995483410547,https://spectronic.com.au/product/zenfone-12-ultra-5g-512gb-16gb-ram-sage-green-global-version/,https://bestmobilephone.com.au/asus-zenfone-12-ultra-5g-dual-sim-16gb-512gb-sage-green-global-version/,,#N/A
"Asus Zenfone 12 Ultra 5G (16GB RAM, 512GB, Sakura White) - Brand New",Asus Zenfone Series,Asus,,,AsZen12Ult16R512Wht-AU,,,,,,,,https://buymobile.com.au/products/asus-zenfone-12-ultra-ai2501h-dual-sim-16gb-ram-512gb-5g?variant=42995483443315,https://spectronic.com.au/product/zenfone-12-ultra-5g-512gb-16gb-ram-sakura-white-global-version/,https://bestmobilephone.com.au/asus-zenfone-12-ultra-5g-dual-sim-16gb-512gb-sakura-white-global-version/,,#N/A
"Google Pixel 10 Pro 5G (16GB RAM, 128GB, Moonstone) - Brand New",Google Pixel 10 Series,Google,,,GgPx10Pro16128Mo-AU,,,,,,https://www.jbhifi.com.au/products/google-pixel-10-pro-5g-128gb-moonstone,,https://buymobile.com.au/products/google-pixel-10-pro-16gb-ram-128gb-5g?variant=43779313074291,,,,#N/A
"Google Pixel 10 Pro 5G (16GB RAM, 128GB, Obsidian) - Brand New",Google Pixel 10 Series,Google,,,GgPx10Pro16128Ob-AU,,,,,,https://www.jbhifi.com.au/products/google-pixel-10-pro-5g-128gb-obsidian,,https://buymobile.com.au/products/google-pixel-10-pro-16gb-ram-128gb-5g?variant=43779313107059,,https://bestmobilephone.com.au/google-pixel-10-pro-5g-dual-sim-16gb-128gb-obsidian-global-version/,,#N/A
"Google Pixel 10 Pro 5G (16GB RAM, 128GB, Porcelain) - Brand New",Google Pixel 10 Series,Google,,,GgPx10Pro16128Po-AU,,,,,,https://www.jbhifi.com.au/products/google-pixel-10-pro-5g-128gb-porcelain,,https://buymobile.com.au/products/google-pixel-10-pro-16gb-ram-128gb-5g?variant=43779313139827,,,,#N/A
"Google Pixel 10 Pro 5G (16GB RAM, 1TB, Obsidian) - Brand New",Google Pixel 10 Series,Google,,,GgPx10Pro161TBOb-AU,,,,,,https://www.jbhifi.com.au/products/google-pixel-10-pro-5g-1tb-obsidian,,,,,,#N/A
"Google Pixel 10 Pro 5G (16GB RAM, 256GB, Jade) - Brand New",Google Pixel 10 Series,Google,,,GgPx10Pro16256Ja-AU,,,,,,https://www.jbhifi.com.au/products/google-pixel-10-pro-5g-256gb-jade,,,,,,#N/A
"Google Pixel 10 Pro 5G (16GB RAM, 256GB, Moonstone) - Brand New",Google Pixel 10 Series,Google,,,GgPx10Pro16256Mo-AU,,,,,,https://www.jbhifi.com.au/products/google-pixel-10-pro-5g-256gb-moonstone,,https://buymobile.com.au/products/google-pixel-10-pro-16gb-ram-256gb-5g?variant=43777551597683,,,,#N/A
"Google Pixel 10 Pro 5G (16GB RAM, 256GB, Obsidian) - Brand New",Google Pixel 10 Series,Google,,,GgPx10Pro16256Ob-AU,,,,,,https://www.jbhifi.com.au/products/google-pixel-10-pro-5g-256gb-obsidian,,https://buymobile.com.au/products/google-pixel-10-pro-16gb-ram-256gb-5g?variant=43651535372403,https://spectronic.com.au/product/google-pixel-10-pro-5g-256gb-16gb-ram-obsidian-dual-sim-global-version/,,,#N/A
"Google Pixel 10 Pro 5G (16GB RAM, 256GB, Porcelain) - Brand New",Google Pixel 10 Series,Google,,,GgPx10Pro16256Po-AU,,,,,,https://www.jbhifi.com.au/products/google-pixel-10-pro-5g-256gb-porcelain,,https://buymobile.com.au/products/google-pixel-10-pro-16gb-ram-256gb-5g?variant=43958224945267,https://spectronic.com.au/product/google-pixel-10-pro-5g-256gb-16gb-ram-porcelain-dual-sim-global-version/,,,#N/A
"Google Pixel 10 Pro 5G (16GB RAM, 512GB, Moonstone) - Brand New",Google Pixel 10 Series,Google,,,GgPx10Pro16512Mo-AU,,,,,,https://www.jbhifi.com.au/products/google-pixel-10-pro-5g-512gb-moonstone,,https://buymobile.com.au/products/google-pixel-10-pro-16gb-ram-512gb-5g?variant=44100589748339,,,,#N/A
"Google Pixel 10 Pro 5G (16GB RAM, 512GB, Obsidian) - Brand New",Google Pixel 10 Series,Google,,,GgPx10Pro16512Ob-AU,,,,,,https://www.jbhifi.com.au/products/google-pixel-10-pro-5g-512gb-obsidian,,https://buymobile.com.au/products/google-pixel-10-pro-16gb-ram-512gb-5g?variant=43651535437939,,,,#N/A
"Google Pixel 10 Pro Fold 5G (16GB RAM, 1TB, Moonstone) - Brand New",Google Pixel 10 Series,Google,,,GgPx10ProFd161TBMo-AU,,,,,,https://www.jbhifi.com.au/products/google-pixel-10-pro-fold-5g-1tb-moonstone,,,,,,#N/A
"Google Pixel 10 Pro Fold 5G (16GB RAM, 256GB, Jade) - Brand New",Google Pixel 10 Series,Google,,,GgPx10ProFd16256Ja-AU,,,,,,https://www.jbhifi.com.au/products/google-pixel-10-pro-fold-5g-256gb-jade,,,,https://bestmobilephone.com.au/google-pixel-10-pro-fold-5g-dual-sim-16gb-256gb-jade-global-version/,,#N/A
"Google Pixel 10 Pro Fold 5G (16GB RAM, 256GB, Moonstone) - Brand New",Google Pixel 10 Series,Google,,,GgPx10ProFd16256Mo-AU,,,,,,https://www.jbhifi.com.au/products/google-pixel-10-pro-fold-5g-256gb-moonstone,,https://buymobile.com.au/products/google-pixel-10-pro-fold-16gb-ram-256gb-5g?variant=44085752627315,,https://bestmobilephone.com.au/google-pixel-10-pro-fold-5g-dual-sim-16gb-256gb-moonstone-global-version/,,#N/A
"Google Pixel 10 Pro Fold 5G (16GB RAM, 512GB, Jade) - Brand New",Google Pixel 10 Series,Google,,,GgPx10ProFd16512Ja-AU,,,,,,https://www.jbhifi.com.au/products/google-pixel-10-pro-fold-5g-512gb-jade,,,,,,#N/A
"Google Pixel 10 Pro Fold 5G (16GB RAM, 512GB, Moonstone) - Brand New",Google Pixel 10 Series,Google,,,GgPx10ProFd16512Mo-AU,,,,,,https://www.jbhifi.com.au/products/google-pixel-10-pro-fold-5g-512gb-moonstone,,https://buymobile.com.au/products/google-pixel-10-pro-fold-japanese-specs-16gb-ram-512gb-5g?variant=44043976671347,,,,#N/A
"Google Pixel 10 Pro XL 5G (16GB RAM, 1TB, Obsidian) - Brand New",Google Pixel 10 Series,Google,,,GgPx10ProXL161TBOb-AU,,,,,,https://www.jbhifi.com.au/products/google-pixel-10-pro-xl-5g-1tb-obsidian,,,,,,#N/A
"Google Pixel 10 Pro XL 5G (16GB RAM, 256GB, Jade) - Brand New",Google Pixel 10 Series,Google,,,GgPx10ProXL16256Ja-AU,,,,,,https://www.jbhifi.com.au/products/google-pixel-10-pro-xl-5g-256gb-jade,,https://buymobile.com.au/products/google-pixel-10-pro-xl-16gb-ram-256gb-5g?variant=44076519489651,,,,#N/A
"Google Pixel 10 Pro XL 5G (16GB RAM, 256GB, Moonstone) - Brand New",Google Pixel 10 Series,Google,,,GgPx10ProXL16256Mo-AU,,,,,,https://www.jbhifi.com.au/products/google-pixel-10-pro-xl-5g-256gb-moonstone,,https://buymobile.com.au/products/google-pixel-10-pro-xl-16gb-ram-256gb-5g?variant=43651535503475,https://spectronic.com.au/product/pixel-10-pro-xl-5g-256gb-16gb-ram-moonstone-dual-sim-global-version/,https://bestmobilephone.com.au/google-pixel-10-pro-xl-5g-dual-sim-16gb-256gb-moonstone-global-version/,,#N/A
"Google Pixel 10 Pro XL 5G (16GB RAM, 256GB, Obsidian) - Brand New",Google Pixel 10 Series,Google,,,GgPx10ProXL16256Ob-AU,,,,,,https://www.jbhifi.com.au/products/google-pixel-10-pro-xl-5g-256gb-obsidian,,https://buymobile.com.au/products/google-pixel-10-pro-xl-16gb-ram-256gb-5g?variant=43651535536243,https://spectronic.com.au/product/pixel-10-pro-xl-5g-256gb-16gb-ram-obsidian-dual-sim-global-version/,https://bestmobilephone.com.au/google-pixel-10-pro-xl-5g-dual-sim-16gb-256gb-obsidian-global-version/,,#N/A
"Google Pixel 10 Pro XL 5G (16GB RAM, 256GB, Porcelain) - Brand New",Google Pixel 10 Series,Google,,,GgPx10ProXL16256Po-AU,,,,,,https://www.jbhifi.com.au/products/google-pixel-10-pro-xl-5g-256gb-porcelain,,https://buymobile.com.au/products/google-pixel-10-pro-xl-16gb-ram-256gb-5g?variant=43651535569011,https://spectronic.com.au/product/google-pixel-10-pro-xl-5g-256gb-16gb-ram-porcelain-dual-sim-global-version-copy/,https://bestmobilephone.com.au/google-pixel-10-pro-xl-5g-dual-sim-16gb-256gb-porcelain-global-version/,,#N/A
"Google Pixel 10 Pro XL 5G (16GB RAM, 512GB, Moonstone) - Brand New",Google Pixel 10 Series,Google,,,GgPx10ProXL16512Mo-AU,,,,,,https://www.jbhifi.com.au/products/google-pixel-10-pro-xl-5g-512gb-moonstone,,https://buymobile.com.au/products/google-pixel-10-pro-xl-16gb-ram-512gb-5g?variant=43777358790771,,https://bestmobilephone.com.au/google-pixel-10-pro-xl-5g-dual-sim-16gb-512gb-moonstone-global-version/,,#N/A
"Google Pixel 10 Pro XL 5G (16GB RAM, 512GB, Obsidian) - Brand New",Google Pixel 10 Series,Google,,,GgPx10ProXL16512Ob-AU,,,,,,https://www.jbhifi.com.au/products/google-pixel-10-pro-xl-5g-512gb-obsidian,,https://buymobile.com.au/products/google-pixel-10-pro-xl-16gb-ram-512gb-5g?variant=43651535601779,https://spectronic.com.au/product/pixel-10-pro-xl-5g-512gb-16gb-ram-obsidian-dual-sim-global-version/,https://bestmobilephone.com.au/google-pixel-10-pro-xl-5g-dual-sim-16gb-512gb-obsidian-global-version/,,#N/A
"Google Pixel 7 Pro (12GB RAM, 128GB, Hazel) - Brand New",Google Pixel 7 Series,Google,,,Pix7Pro12R128HzlPRT-AU,,,,,,https://www.jbhifi.com.au/products/google-pixel-7-pro-5g-128gb-hazel,,https://buymobile.com.au/collections/google-pixel/products/google-pixel-7-pro-12gb-ram-128gb-5g-1?variant=40634357678195,,https://bestmobilephone.com.au/google-pixel-7-pro-12gb-128gb-hazel/,,#N/A
"Google Pixel 7 Pro (12GB RAM, 256GB, Snow) - Brand New",Google Pixel 7 Series,Google,,,Pix7Pro12R256SnwPRT-AU,,,,,,,,,,https://bestmobilephone.com.au/google-pixel-7-pro-12gb-256gb-snow/,,#N/A
"Google Pixel 7 Pro (12GB RAM, 512GB, Obsidian) - Brand New",Google Pixel 7 Series,Google,,,Pix7Pro12R512ObsPRT-AU,,,,,,https://www.jbhifi.com.au/products/google-pixel-7-pro-5g-512gb-obsidian,,https://buymobile.com.au/collections/google-pixel/products/google-pixel-7-pro-international-or-japanese-specs-12gb-ram-512gb-5g?variant=41086589665395,,,,#N/A
"Google Pixel 8 5G (8GB RAM, 128GB, Rose) - Brand New",Google Pixel 8 Series,Google,,,Pix8R128RosPRT-AU,,,,,,https://www.jbhifi.com.au/products/google-pixel-8-5g-128gb-rose,https://www.mobileciti.com.au/google-pixel-8-5g-dual-sim-128gb-8gb-6-2-rose,,,https://bestmobilephone.com.au/google-pixel-8-8gb-128gb-rose/,,#N/A
"Google Pixel 8 5G (8GB RAM, 128GB, Rose) - Brand New",Google Pixel 8 Series,Google,,,Pix88R128RosCS-AU,,,,,,https://www.jbhifi.com.au/products/google-pixel-8-5g-128gb-rose,https://www.mobileciti.com.au/google-pixel-8-5g-dual-sim-128gb-8gb-6-2-rose,,,,,#N/A
"Google Pixel 8 5G (8GB RAM, 256GB, Rose) - Brand New",Google Pixel 8 Series,Google,,,Pix88R256RosPRT-AU,,,,,,,,https://buymobile.com.au/collections/google-pixel/products/google-pixel-8-8gb-ram-256gb-5g?variant=41402351059059,,,,#N/A
"Google Pixel 8a 5G (8GB RAM, 128GB, Bay) - Brand New",Google Pixel 8 Series,Google,,,GooPix8a8R128Bay-AU,,,,,,https://www.jbhifi.com.au/products/google-pixel-8a-5g-128gb-bay,https://www.mobileciti.com.au/google-pixel-8a-5g-128gb-bay,https://buymobile.com.au/collections/google-pixel/products/google-pixel-8a-8gb-ram-128gb-5g?variant=41847850631283,https://spectronic.com.au/product/google-pixel-8a-5g-128gb-8gb-ram-bay-dual-sim-global-version/,https://bestmobilephone.com.au/google-pixel-8a-5g-dual-sim-8gb-128gb-bay-global-version/,https://www.amazon.com.au/dp/B0D2RYMPL6,607.56
"Google Pixel 8a 5G (8GB RAM, 128GB, Mint) - Brand New",Google Pixel 8 Series,Google,,,GooPix8a8R128Mnt-AU,,,,,,,,,,,https://www.amazon.com.au/dp/B0D45BGK3T,
"Google Pixel 8a 5G (8GB RAM, 128GB, Obsidian) - Brand New",Google Pixel 8 Series,Google,,,GooPix8a8R128Obs-AU,,,,,,https://www.jbhifi.com.au/products/google-pixel-8a-5g-128gb-obsidian,https://www.mobileciti.com.au/google-pixel-8a-5g-128gb-obsidian,https://buymobile.com.au/collections/google-pixel/products/google-pixel-8a-8gb-ram-128gb-5g?variant=41847768055923,https://spectronic.com.au/product/google-pixel-8a-5g-128gb-8gb-ram-obsidian-dual-sim-global-version/,https://bestmobilephone.com.au/google-pixel-8a-5g-dual-sim-8gb-128gb-obsidian-global-version/,,#N/A
"Google Pixel 8a 5G (8GB RAM, 128GB, Porcelain) - Brand New",Google Pixel 8 Series,Google,,,GooPix8a8R128Por-AU,,,,,,https://www.jbhifi.com.au/products/google-pixel-8a-5g-128gb-porcelain,,https://buymobile.com.au/collections/google-pixel/products/google-pixel-8a-8gb-ram-128gb-5g?variant=41847768121459,https://spectronic.com.au/product/google-pixel-8a-5g-128gb-8gb-ram-porcelain-dual-sim-global-version/,https://bestmobilephone.com.au/google-pixel-8a-5g-dual-sim-8gb-128gb-porcelain-global-version/,https://www.amazon.com.au/dp/B0D2RYZDNK,
"Google Pixel 8a 5G (8GB RAM, 256GB, Obsidian) - Brand New",Google Pixel 8 Series,Google,,,GooPix8a8R256Obs-AU,,,,,,https://www.jbhifi.com.au/products/google-pixel-8a-5g-256gb-obsidian,,,,,,#N/A
"Google Pixel 9 5G (12GB RAM, 128GB, Obsidian) - Brand New",Google Pixel 9 Series,Google,,,GooPxl95G12R128Obs-AU,,,,,,https://www.jbhifi.com.au/products/google-pixel-9-5g-128gb-obsidian,https://www.mobileciti.com.au/google-pixel-9-5g-dual-sim-128gb-12gb-obsidian-refur-excellent,,,https://bestmobilephone.com.au/google-pixel-9-5g-dual-sim-12gb-128gb-obsidian-global-version/,https://www.amazon.com.au/dp/B0D7V1QPKB,780.00
"Google Pixel 9 5G (12GB RAM, 128GB, Peony) - Brand New",Google Pixel 9 Series,Google,,,GooPxl95G12R128Peo-AU,,,,,,https://www.jbhifi.com.au/products/google-pixel-9-5g-128gb-peony,,,,https://bestmobilephone.com.au/google-pixel-9-5g-dual-sim-12gb-128gb-peony-global-version/,,#N/A
"Google Pixel 9 5G (12GB RAM, 128GB, Porcelain) - Brand New",Google Pixel 9 Series,Google,,,GooPxl95G12R128Por-AU,,,,,,https://www.jbhifi.com.au/products/google-pixel-9-5g-128gb-porcelain,,,,https://bestmobilephone.com.au/google-pixel-9-5g-dual-sim-12gb-128gb-porcelain-global-version/,,#N/A
"Google Pixel 9 5G (12GB RAM, 128GB, Wintergreen) - Brand New",Google Pixel 9 Series,Google,,,GooPxl95G12R128Grn-AU,,,,,,https://www.jbhifi.com.au/products/google-pixel-9-5g-128gb-wintergreen,,,,https://bestmobilephone.com.au/google-pixel-9-5g-dual-sim-12gb-128gb-wintergreen-global-version/,,#N/A
"Google Pixel 9 5G (12GB RAM, 256GB, Obsidian) - Brand New",Google Pixel 9 Series,Google,,,GooPxl95G12R256Obs-AU,,,,,,https://www.jbhifi.com.au/products/google-pixel-9-5g-256gb-obsidian,,,https://spectronic.com.au/product/google-pixel-9-5g-256gb-12gb-ram-obsidian-dual-sim-global-version/,https://bestmobilephone.com.au/google-pixel-9-5g-dual-sim-12gb-256gb-obsidian-global-version/,,#N/A
"Google Pixel 9 5G (12GB RAM, 256GB, Peony) - Brand New",Google Pixel 9 Series,Google,,,GooPxl95G12R256Peo-AU,,,,,,https://www.jbhifi.com.au/products/google-pixel-9-5g-256gb-peony,,,,https://bestmobilephone.com.au/google-pixel-9-5g-dual-sim-12gb-256gb-peony-global-version/,,#N/A
"Google Pixel 9 5G (12GB RAM, 256GB, Porcelain) - Brand New",Google Pixel 9 Series,Google,,,GooPxl95G12R256Por-AU,,,,,,https://www.jbhifi.com.au/products/google-pixel-9-5g-256gb-porcelain,,,,,,#N/A
"Google Pixel 9 5G (12GB RAM, 256GB, Wintergreen) - Brand New",Google Pixel 9 Series,Google,,,GooPxl95G12R256Grn-AU,,,,,,https://www.jbhifi.com.au/products/google-pixel-9-5g-256gb-wintergreen,,,https://spectronic.com.au/product/google-pixel-9-5g-256gb-12gb-ram-wintergreen-dual-sim-global-version/,,,#N/A
"Google Pixel 9 Pro 5G (16GB RAM, 128GB, Hazel) - Brand New",Google Pixel 9 Series,Google,,,GooPix9Pro5G16R128Hzl-AU,,,,,,https://www.jbhifi.com.au/products/google-pixel-9-pro-5g-128gb-hazel,,,,,https://www.amazon.com.au/dp/B0D8V3NTJH,949.00
"Google Pixel 9 Pro 5G (16GB RAM, 128GB, Obsidian) - Brand New",Google Pixel 9 Series,Google,,,GooPix9Pro5G16R128Obs-AU,,,,,,https://www.jbhifi.com.au/products/google-pixel-9-pro-5g-128gb-obsidian,,,,,,#N/A
"Google Pixel 9 Pro 5G (16GB RAM, 128GB, Porcelain) - Brand New",Google Pixel 9 Series,Google,,,GooPix9Pro5G16R128Por-AU,,,,,,https://www.jbhifi.com.au/products/google-pixel-9-pro-5g-128gb-porcelain,,,,,,#N/A
"Google Pixel 9 Pro 5G (16GB RAM, 256GB, Hazel) - Brand New",Google Pixel 9 Series,Google,,,GooPix9Pro5G16R256Hzl-AU,,,,,,https://www.jbhifi.com.au/products/google-pixel-9-pro-5g-256gb-hazel,,,,https://bestmobilephone.com.au/google-pixel-9-pro-5g-dual-sim-16gb-256gb-hazel-global-version/,,#N/A
"Google Pixel 9 Pro 5G (16GB RAM, 256GB, Obsidian) - Brand New",Google Pixel 9 Series,Google,,,GooPix9Pro5G16R256Obs-AU,,,,,,https://www.jbhifi.com.au/products/google-pixel-9-pro-5g-256gb-obsidian,,,,,https://www.amazon.com.au/dp/B0D7TZ5YDV,
"Google Pixel 9 Pro 5G (16GB RAM, 256GB, Porcelain) - Brand New",Google Pixel 9 Series,Google,,,GooPix9Pro5G16R256Por-AU,,,,,,https://www.jbhifi.com.au/products/google-pixel-9-pro-5g-256gb-porcelain,,,,,https://www.amazon.com.au/dp/B0D8V4K7DB,
"Google Pixel 9 Pro 5G (16GB RAM, 256GB, Rose Quartz) - Brand New",Google Pixel 9 Series,Google,,,GooPix9Pro5G16R256Ros-AU,,,,,,https://www.jbhifi.com.au/products/google-pixel-9-pro-5g-256gb-rose-quartz,,,,,https://www.amazon.com.au/dp/B0D8V2Z5DM,"1,049.00"
"Google Pixel 9 Pro 5G (16GB RAM, 512GB, Hazel) - Brand New",Google Pixel 9 Series,Google,,,GooPix9Pro5G16R512Hzl-AU,,,,,,https://www.jbhifi.com.au/products/google-pixel-9-pro-5g-512gb-hazel,,,,,https://www.amazon.com.au/dp/B0D7TZCBC6,#N/A
"Google Pixel 9 Pro 5G (16GB RAM, 512GB, Obsidian) - Brand New",Google Pixel 9 Series,Google,,,GooPix9Pro5G16R512Obs-AU,,,,,,https://www.jbhifi.com.au/products/google-pixel-9-pro-5g-512gb-obsidian,,,,,,#N/A
"Google Pixel 9 Pro Fold 5G (16GB RAM, 256GB, Obsidian) - Brand New",Google Pixel 9 Series,Google,,,GooPix9ProFld5G16R256Obs-AU,,,,,,https://www.jbhifi.com.au/products/google-pixel-9-pro-fold-5g-256gb-obsidian,,,,,,#N/A
"Google Pixel 9 Pro Fold 5G (16GB RAM, 256GB, Porcelain) - Brand New",Google Pixel 9 Series,Google,,,GooPix9ProFld5G16R256Por-AU,,,,,,https://www.jbhifi.com.au/products/google-pixel-9-pro-fold-5g-256gb-porcelain,,,,,,#N/A
"Google Pixel 9 Pro Fold 5G (16GB RAM, 512GB, Obsidian) - Brand New",Google Pixel 9 Series,Google,,,GooPix9ProFld5G16R512Obs-AU,,,,,,https://www.jbhifi.com.au/products/google-pixel-9-pro-fold-5g-512gb-obsidian,,https://buymobile.com.au/products/google-pixel-9-pro-fold-16gb-ram-512gb-5g?variant=44043976573043,,,,#N/A
"Google Pixel 9 Pro Fold 5G (16GB RAM, 512GB, Porcelain) - Brand New",Google Pixel 9 Series,Google,,,GooPix9ProFld5G16R512Por-AU,,,,,,https://www.jbhifi.com.au/products/google-pixel-9-pro-fold-5g-512gb-porcelain,,,,,,#N/A
"Google Pixel 9 Pro XL 5G (16GB RAM, 128GB, Obsidian) - Brand New",Google Pixel 9 Series,Google,,,GooPix9ProXL5G16R128Obs-AU,,,,,,https://www.jbhifi.com.au/products/google-pixel-9-pro-xl-5g-128gb-obsidian,https://www.mobileciti.com.au/google-pixel-9-pro-xl-5g-dual-sim-128gb-16gb-6-8-obsidian,,https://spectronic.com.au/product/google-pixel-9-pro-xl-5g-128gb-16gb-ram-obsidian-dual-sim-global-version/,https://bestmobilephone.com.au/google-pixel-9-pro-xl-5g-dual-sim-16gb-128gb-obsidian-global-version/,https://www.amazon.com.au/dp/B0DDXKZ24W,#N/A
"Google Pixel 9 Pro XL 5G (16GB RAM, 128GB, Porcelain) - Brand New",Google Pixel 9 Series,Google,,,GooPix9ProXL5G16R128Por-AU,,,,,,,,,,,,#N/A
"Google Pixel 9 Pro XL 5G (16GB RAM, 1TB, Obsidian) - Brand New",Google Pixel 9 Series,Google,,,GooPix9ProXL5G16R1TBObs-AU,,,,,,,https://www.mobileciti.com.au/google-pixel-9-pro-xl-5g-dual-sim-1tb-16gb-6-8-obsidian,,https://spectronic.com.au/product/google-pixel-9-pro-xl-5g-256gb-16gb-ram-obsidian-dual-sim-global-version/,,,#N/A
"Google Pixel 9 Pro XL 5G (16GB RAM, 256GB, Hazel) - Brand New",Google Pixel 9 Series,Google,,,GooPix9ProXL5G16R256Hzl-AU,,,,,,https://www.jbhifi.com.au/products/google-pixel-9-pro-xl-5g-256gb-hazel,https://www.mobileciti.com.au/google-pixel-9-pro-xl-5g-256gb-hazel,,,https://bestmobilephone.com.au/google-pixel-9-pro-xl-5g-dual-sim-16gb-256gb-hazel-global-version/,https://www.amazon.com.au/dp/B0D7V1MDK8,"1,116.00"
"Google Pixel 9 Pro XL 5G (16GB RAM, 256GB, Obsidian) - Brand New",Google Pixel 9 Series,Google,,,GooPix9ProXL5G16R256Obs-AU,,,,,,https://www.jbhifi.com.au/products/google-pixel-9-pro-xl-5g-256gb-obsidian,,,https://spectronic.com.au/product/google-pixel-9-pro-xl-5g-256gb-16gb-ram-obsidian-dual-sim-global-version/,https://bestmobilephone.com.au/google-pixel-9-pro-xl-5g-dual-sim-16gb-256gb-obsidian-global-version/,https://www.amazon.com.au/dp/B0D7V1FCLD,#N/A
"Google Pixel 9 Pro XL 5G (16GB RAM, 256GB, Porcelain) - Brand New",Google Pixel 9 Series,Google,,,GooPix9ProXL5G16R256Por-AU,,,,,,https://www.jbhifi.com.au/products/google-pixel-9-pro-xl-5g-256gb-porcelain,,,https://spectronic.com.au/product/google-pixel-9-pro-xl-5g-256gb-16gb-ram-porcelain-dual-sim-global-version/,https://bestmobilephone.com.au/google-pixel-9-pro-xl-5g-dual-sim-16gb-256gb-porcelain-global-version/,https://www.amazon.com.au/dp/B0FNMSV8GM,
"Google Pixel 9 Pro XL 5G (16GB RAM, 512GB, Hazel) - Brand New",Google Pixel 9 Series,Google,,,GooPix9ProXL5G16R512Hzl-AU,,,,,,https://www.jbhifi.com.au/products/google-pixel-9-pro-xl-5g-512gb-hazel,,https://buymobile.com.au/products/google-pixel-9-pro-xl-16gb-ram-512gb-5g?variant=42228243071091,,,,#N/A
"Google Pixel 9 Pro XL 5G (16GB RAM, 512GB, Obsidian) - Brand New",Google Pixel 9 Series,Google,,,GooPix9ProXL5G16R512Obs-AU,,,,,,https://www.jbhifi.com.au/products/google-pixel-9-pro-xl-5g-512gb-obsidian,,https://buymobile.com.au/products/google-pixel-9-pro-xl-16gb-ram-512gb-5g?variant=42228243038323,,https://bestmobilephone.com.au/google-pixel-9-pro-xl-5g-dual-sim-16gb-512gb-obsidian-global-version/,,#N/A
"Google Pixel 9 Pro XL 5G (16GB RAM, 512GB, Porcelain) - Brand New",Google Pixel 9 Series,Google,,,GooPix9ProXL5G16R512Por-AU,,,,,,https://www.jbhifi.com.au/products/google-pixel-9-pro-xl-5g-512gb-porcelain,,,,https://bestmobilephone.com.au/google-pixel-9-pro-xl-5g-dual-sim-16gb-512gb-porcelain-global-version/,https://www.amazon.com.au/dp/B0D7V1SQRV,
"Google Pixel 9a 5G (8GB RAM, 128GB, Iris) - Brand New",Google Pixel 9 Series,Google,,,Pix9a8R128Irs-AU,,,,,,https://www.jbhifi.com.au/products/google-pixel-9a-5g-128gb-iris,,,,,https://www.amazon.com.au/dp/B0F531S2TC,
"Google Pixel 9a 5G (8GB RAM, 128GB, Obsidian) - Brand New",Google Pixel 9 Series,Google,,,Pix9a8R128Obs-AU,,,,,,https://www.jbhifi.com.au/products/google-pixel-9a-5g-128gb-obsidian,https://www.mobileciti.com.au/google-pixel-9a-5g-128gb-obsidian,,,,https://www.amazon.com.au/dp/B0DSWFHTL2,645.00
"Google Pixel 9a 5G (8GB RAM, 128GB, Peony) - Brand New",Google Pixel 9 Series,Google,,,Pix9a8R128Peo-AU,,,,,,https://www.jbhifi.com.au/products/google-pixel-9a-5g-128gb-peony,,,,,https://www.amazon.com.au/dp/B0F538LJTM,
"Google Pixel 9a 5G (8GB RAM, 128GB, Porcelain) - Brand New",Google Pixel 9 Series,Google,,,Pix9a8R128Por-AU,,,,,,https://www.jbhifi.com.au/products/google-pixel-9a-5g-128gb-porcelain,,,,,https://www.amazon.com.au/dp/B0F53LXJBN,
"Google Pixel 9a 5G (8GB RAM, 256GB, Iris) - Brand New",Google Pixel 9 Series,Google,,,Pix9a8R256Irs-AU,,,,,,https://www.jbhifi.com.au/products/google-pixel-9a-5g-256gb-iris,,,,,https://www.amazon.com.au/dp/B0DSWG2SZ7,793.50
"Google Pixel 9a 5G (8GB RAM, 256GB, Obsidian) - Brand New",Google Pixel 9 Series,Google,,,Pix9a8R256Obs-AU,,,,,,https://www.jbhifi.com.au/products/google-pixel-9a-5g-256gb-obsidian,,,,,https://www.amazon.com.au/dp/B0DSWJDNY4,799.25
"Google Pixel 9a 5G (8GB RAM, 256GB, Porcelain) - Brand New",Google Pixel 9 Series,Google,,,Pix9a8R256Por-AU,,,,,,,,,,,,#N/A
"Google Pixel Watch Series 3 (41mm, Champagne Gold Aluminum Case/Hazel Active Band) - Brand New",Google Pixel Watches,Google,,,GooPixWat341Hzl-AU,,,,,,,,https://buymobile.com.au/products/google-pixel-watch-3-41mm-wifi?variant=42410944692339,,,https://www.amazon.com.au/dp/B0D8BD6H9Q,#N/A
"Google Pixel Watch Series 3 (41mm, Matte Black Aluminum Case/Obsidian Active Band) - Brand New",Google Pixel Watches,Google,,,GooPixWat341Blk-AU,,,,,,https://www.jbhifi.com.au/products/google-pixel-watch-3-wi-fi-41mm-matte-black-with-obsidian-active-band,,https://buymobile.com.au/products/google-pixel-watch-3-41mm-wifi?variant=42410944725107,,,https://www.amazon.com.au/dp/B0D8BC5BGD,#N/A
"Google Pixel Watch Series 3 (41mm, Polished Silver Aluminum Case / Rose Quartz Active Band) - Brand New",Google Pixel Watches,Google,,,GooPixWat341Ros-AU,,,,,,,,https://buymobile.com.au/products/google-pixel-watch-3-41mm-wifi?variant=42410944757875,,,,#N/A
"Google Pixel Watch Series 3 (41mm, Polished Silver Aluminum Case/Porcelain Active Band) - Brand New",Google Pixel Watches,Google,,,GooPixWat341Slv-AU,,,,,,https://www.jbhifi.com.au/products/google-pixel-watch-3-wi-fi-41mm-silver-with-porcelain-active-band,,https://buymobile.com.au/products/google-pixel-watch-3-41mm-wifi?variant=42410944790643,,,,#N/A
"Google Pixel Watch Series 3 (45mm, Matte Black Aluminum Case/Obsidian Active Band) - Brand New",Google Pixel Watches,Google,,,GooPixWat345Blk-AU,,,,,,https://www.jbhifi.com.au/products/google-pixel-watch-3-wi-fi-45mm-matte-black-with-obsidian-active-band,,,,,,#N/A
"Google Pixel Watch Series 3 (45mm, Matte Hazel Aluminum Case / Hazel Active Band) - Brand New",Google Pixel Watches,Google,,,GooPixWat345Hzl-AU,,,,,,,,,,,,#N/A
"Google Pixel Watch Series 3 (45mm, Polished Silver Aluminum Case/Porcelain Active Band) - Brand New",Google Pixel Watches,Google,,,GooPixWat345Slv-AU,,,,,,https://www.jbhifi.com.au/products/google-pixel-watch-3-wi-fi-45mm-silver-with-porcelain-active-band,,,,,,#N/A
"Honor 200 5G (12GB RAM, 256GB, Black) - Brand New",Honor,Honor,,,Hon20012R256Blk-AU,,,,,,,,,,https://bestmobilephone.com.au/honor-200-5g-dual-sim-12gb-256gb-black-global-version/,,#N/A
"Honor 200 5G (12GB RAM, 256GB, Moonlight White) - Brand New",Honor,Honor,,,Hon20012R256Wht-AU,,,,,,,,,,https://bestmobilephone.com.au/honor-200-5g-dual-sim-12gb-256gb-moonlight-white-global-version/,,#N/A
"Honor 200 5G (12GB RAM, 512GB, Black) - Brand New",Honor,Honor,,,Hon20012R512Blk-AU,,,,,,,,,,https://bestmobilephone.com.au/honor-200-5g-dual-sim-12gb-512gb-black-global-version/,,#N/A
"Honor 200 5G (12GB RAM, 512GB, Emerald Green) - Brand New",Honor,Honor,,,Hon20012R512Grn-AU,,,,,,,,,,https://bestmobilephone.com.au/honor-200-5g-dual-sim-12gb-512gb-emerald-green-global-version/,,#N/A
"Honor 200 5G (12GB RAM, 512GB, Moonlight White) - Brand New",Honor,Honor,,,Hon20012R512Wht-AU,,,,,,,,,,https://bestmobilephone.com.au/honor-200-5g-dual-sim-12gb-512gb-moonlight-white-global-version/,,#N/A
"Honor 200 Lite 5G (12GB RAM, 256GB, Black) - Brand New",Honor,Honor,,,Hon200Lit5G12R256Blk-AU,,,,,,,,,,https://bestmobilephone.com.au/honor-200-lite-5g-dual-sim-12gb-256gb-black-global-version/,,#N/A
"Honor 200 Lite 5G (12GB RAM, 256GB, Starry Blue) - Brand New",Honor,Honor,,,Hon200Lit5G12R256Blu-AU,,,,,,,,,,https://bestmobilephone.com.au/honor-200-lite-5g-dual-sim-12gb-256gb-starry-blue-global-version/,,#N/A
"Honor 200 Pro 5G (12GB RAM, 512GB, Black) - Brand New",Honor,Honor,,,Hon200Pro5G12R512Blk-AU,,,,,,,,,,https://bestmobilephone.com.au/honor-200-pro-5g-dual-sim-12gb-512gb-black-global-version/,,#N/A
"Honor 200 Pro 5G (12GB RAM, 512GB, Ocean Cyan) - Brand New",Honor,Honor,,,Hon200Pro5G12R512Cyn-AU,,,,,,,,,,https://bestmobilephone.com.au/honor-200-pro-5g-dual-sim-12gb-512gb-ocean-cyan-global-version/,,#N/A
"Honor 400 5G (12GB RAM, 256GB, Desert Gold) - Brand New",Honor,Honor,,,Hon40012R256Gld-AU,,,,,,,,,https://spectronic.com.au/product/honor-400-5g-256gb-12gb-ram-desert-gold-dual-sim-global-version/,,,#N/A
"Honor 400 5G (12GB RAM, 256GB, Midnight Black) - Brand New",Honor,Honor,,,Hon40012R256Blk-AU,,,,,,,,,https://spectronic.com.au/product/honor-400-5g-256gb-12gb-ram-midnight-black-dual-sim-global-version/,,,#N/A
"Honor 400 5G (12GB RAM, 512GB, Desert Gold) - Brand New",Honor,Honor,,,Hon40012R512Gld-AU,,,,,,,,,https://spectronic.com.au/product/honor-400-5g-512gb-12gb-ram-desert-gold-dual-sim-global-version/,,,#N/A
"Honor 400 5G (12GB RAM, 512GB, Midnight Black) - Brand New",Honor,Honor,,,Hon40012R512Blk-AU,,,,,,,,,https://spectronic.com.au/product/honor-400-5g-512gb-12gb-ram-midnight-black-dual-sim-global-version/,https://bestmobilephone.com.au/honor-400-5g-dual-sim-12gb-512gb-midnight-black-global-version/,,#N/A
"Honor 400 5G (12GB RAM, 512GB, Tidal Blue) - Brand New",Honor,Honor,,,Hon40012R512Blu-AU,,,,,,,,,,https://bestmobilephone.com.au/honor-400-5g-dual-sim-12gb-512gb-tidal-blue-global-version/,,#N/A
"Honor 400 Lite 5G (12GB RAM, 256GB, Marrs Green) - Brand New",Honor,Honor,,,Hon400Lt12R256Grn-AU,,,,,,,,,https://spectronic.com.au/product/honor-400-lite-5g-256gb-12gb-ram-mars-green-dual-sim-global-version/,https://bestmobilephone.com.au/honor-400-lite-5g-dual-sim-12gb-256gb-marrs-green-global-version/,,#N/A
"Honor 400 Lite 5G (12GB RAM, 256GB, Velvet Grey) - Brand New",Honor,Honor,,,Hon400Lt12R256Vlv-AU,,,,,,,,,https://spectronic.com.au/product/honor-400-lite-5g-256gb-12gb-ram-velvet-grey-dual-sim-global-version/,https://bestmobilephone.com.au/honor-400-lite-5g-dual-sim-12gb-256gb-velvet-grey-global-version/,,#N/A
"Honor 400 Pro 5G (12GB RAM, 512GB, Lunar Grey) - Brand New",Honor,Honor,,,Hon400Pro12R512Lun-AU,,,,,,,,,https://spectronic.com.au/product/honor-400-pro-5g-512gb-12gb-ram-lunar-grey-dual-sim-global-version/,https://bestmobilephone.com.au/honor-400-pro-5g-dual-sim-12gb-512gb-lunar-grey-global-version/,,#N/A
"Honor 400 Pro 5G (12GB RAM, 512GB, Midnight Black) - Brand New",Honor,Honor,,,Hon400Pro12R512Blk-AU,,,,,,,,,https://spectronic.com.au/product/honor-400-pro-5g-512gb-12gb-ram-midnight-black-dual-sim-global-version/,https://bestmobilephone.com.au/honor-400-pro-5g-dual-sim-12gb-512gb-midnight-black-global-version/,,#N/A
"Honor 400 Pro 5G (12GB RAM, 512GB, Tidal Blue) - Brand New",Honor,Honor,,,Hon400Pro12R512Blu-AU,,,,,,,,,https://spectronic.com.au/product/honor-400-pro-5g-512gb-12gb-ram-tidal-blue-dual-sim-global-version/,https://bestmobilephone.com.au/honor-400-pro-5g-dual-sim-12gb-512gb-tidal-blue-global-version/,,#N/A
"Honor Magic 6 Pro 5G (12GB RAM, 512GB, Green) - Brand New",Honor,Honor,,,HonMag6Pro12R512Grn-AU,,,,,,,,,,https://bestmobilephone.com.au/honor-magic-6-pro-5g-dual-sim-12gb-512gb-ram-epi-green-global-version/,,#N/A
"Honor Magic 6 Pro 5G (12GB RAM, 512GB, Purple) - Brand New",Honor,Honor,,,HonMag6Pro12R512Prp-AU,,,,,,,,,,,,#N/A
"Honor Magic 7 Pro 5G (12GB RAM, 512GB, Black) - Brand New",Honor,Honor,,,HonMag7Pro12R512Blk-AU,,,,,,,,,https://spectronic.com.au/product/honor-magic-7-pro-5g-512gb-12gb-ram-velvet-black-dual-sim-global-version/,https://bestmobilephone.com.au/honor-magic-7-pro-5g-dual-sim-12gb-512gb-velvet-black-global-version/,,#N/A
"Honor Magic 7 Pro 5G (12GB RAM, 512GB, Blue) - Brand New",Honor,Honor,,,HonMag7Pro12R512Blu-AU,,,,,,,,,https://spectronic.com.au/product/honor-magic-7-pro-5g-512gb-12gb-ram-blue-dual-sim-global-version/,https://bestmobilephone.com.au/honor-magic-7-pro-5g-dual-sim-12gb-512gb-sky-blue-global-version/,,#N/A
"Honor Magic 7 Pro 5G (12GB RAM, 512GB, Lunar Shadow Grey) - Brand New",Honor,Honor,,,HonMag7Pro12R512Gry-AU,,,,,,,,,https://spectronic.com.au/product/honor-magic-7-pro-5g-512gb-12gb-ram-grey-dual-sim-global-version/,https://bestmobilephone.com.au/honor-magic-7-pro-5g-dual-sim-12gb-512gb-moon-gray-global-version/,https://www.amazon.com.au/dp/B0DQ5X471L,"1,490.00"
"Honor Magic 7 Pro 5G (16GB RAM, 1TB, Black) - Brand New",Honor,Honor,,,HonMag7Pro16R1TBBlk-AU,,,,,,,,,https://spectronic.com.au/product/honor-magic-7-pro-5g-1tb-16gb-ram-velvet-black-dual-sim-global-version/,https://bestmobilephone.com.au/honor-magic-7-pro-5g-dual-sim-16gb-1tb-velvet-black-global-version/,,#N/A
"Honor Magic 7 Pro 5G (16GB RAM, 1TB, Lunar Shadow Grey) - Brand New",Honor,Honor,,,HonMag7Pro16R1TBGry-AU,,,,,,,,,https://spectronic.com.au/product/honor-magic-7-pro-5g-1tb-16gb-ram-grey-dual-sim-global-version/,https://bestmobilephone.com.au/honor-magic-7-pro-5g-dual-sim-16gb-1tb-moon-gray-global-version/,,#N/A
"Honor Magic V2 5G (16GB RAM, 512GB, Black) - Brand New",Honor,Honor,,,HonMagV216R512Blk-AU,,,,,,,,,,,,#N/A
"Honor Magic V2 5G (16GB RAM, 512GB, Silk Purple) - Brand New",Honor,Honor,,,HonMagV216R512SlkPrp-AU,,,,,,,,,,https://bestmobilephone.com.au/honor-magic-v2-dual-sim-16gb-512gb-purple-global-version/,,#N/A
"Honor Magic V3 5G (12GB RAM, 512GB, Black) - Brand New",Honor,Honor,,,HonMagV35G12R512Blk-AU,,,,,,,,,https://spectronic.com.au/product/honor-magic-v3-5g-512gb-12gb-ram-black-dual-sim-global-version/,https://bestmobilephone.com.au/honor-magic-v3-5g-dual-sim-12gb-512gb-velvet-black-global-version/,,#N/A
"Honor Magic V3 5G (12GB RAM, 512GB, Brown) - Brand New",Honor,Honor,,,HonMagV35G12R512Brn-AU,,,,,,,,,https://spectronic.com.au/product/honor-magic-v3-5g-512gb-12gb-ram-brown-dual-sim-global-version/,https://bestmobilephone.com.au/honor-magic-v3-5g-dual-sim-12gb-512gb-reddish-brown-global-version/,,#N/A
"Honor Magic V3 5G (12GB RAM, 512GB, Green) - Brand New",Honor,Honor,,,HonMagV35G12R512Grn-AU,,,,,,,,,https://spectronic.com.au/product/honor-magic-v3-5g-512gb-12gb-ram-green-dual-sim-global-version/,https://bestmobilephone.com.au/honor-magic-v3-5g-dual-sim-12gb-512gb-tundra-green-global-version/,,#N/A
"Honor X9c 5G (12GB RAM, 256GB, Jade Cyan) - Brand New",Honor,Honor,,,HonX9c12R256Cyn-AU,,,,,,,,,,,,#N/A
"Honor X9c 5G (12GB RAM, 256GB, Titanium Black) - Brand New",Honor,Honor,,,HonX9c12R256Blk-AU,,,,,,,,,,,,#N/A
"Honor X9c 5G (12GB RAM, 256GB, Titanium Purple) - Brand New",Honor,Honor,,,HonX9c12R256Prp-AU,,,,,,,,,,,,#N/A
"Motorola Edge 50 Fusion (12GB RAM, 256GB, Forest Blue) - Brand New",Motorola,Motorola,,,MotEdg50Fus12R256For-AU,,,,,,https://www.jbhifi.com.au/products/motorola-edge-50-fusion-256gb-forest-blue,https://www.mobileciti.com.au/motorola-edge-50-fusion-5g-forest-blue,,,,,#N/A
"Motorola Edge 50 Fusion (12GB RAM, 256GB, Marshmallow Blue) - Brand New",Motorola,Motorola,,,MotEdg50Fus12R256Mar-AU,,,,,,https://www.jbhifi.com.au/products/motorola-edge-50-fusion-256gb-marshmallow-blue,https://www.mobileciti.com.au/motorola-edge-50-fusion-5g-marshmallow-blue,,,,,#N/A
"Motorola Edge 50 Pro 5G (12GB RAM, 256GB, Black Beauty) - Brand New",Motorola,Motorola,,,MotEdg50Pro12R256Blk-AU,,,,,,,,,,,,#N/A
"Motorola Razr 50 5G (8GB RAM, 256GB, Spritz Orange) - Brand New",Motorola,Motorola,,,MotRaz505G8R256Org-AU,,,,,,,,,,,,#N/A
"Motorola Razr 60 5G (8GB RAM, 256GB, Pantone Gibraltar Sea) - Brand New",Motorola,Motorola,,,MtRzr608256PGS-AU,,,,,,https://www.jbhifi.com.au/products/motorola-razr-60-5g-256gb-gibraltar-sea,,https://buymobile.com.au/products/motorola-moto-razr-60-xt2553-1-8gb-ram-256gb-5g?variant=43772934750323,https://spectronic.com.au/product/motorola-razr-60-5g-256-8gb-ram-gibraltar-sea-dual-sim-global-version-xt2553-1/,https://bestmobilephone.com.au/motorola-razr-60-5g-8gb-256gb-pantone-gibraltar-sea-global-version/,https://www.amazon.com.au/dp/B0DYVPTPL3,#N/A
"Motorola Razr 60 5G (8GB RAM, 256GB, Pantone Lightest Sky) - Brand New",Motorola,Motorola,,,MtRzr608256PLS-AU,,,,,,,,https://buymobile.com.au/products/motorola-moto-razr-60-xt2553-1-8gb-ram-256gb-5g?variant=43772934783091,https://spectronic.com.au/product/motorola-razr-60-5g-256-8gb-ram-lightest-sky-dual-sim-global-version-xt2553-1/,https://bestmobilephone.com.au/motorola-razr-60-5g-8gb-256gb-pantone-lightest-sky-global-version/,,#N/A
"Motorola Razr 60 Ultra 5G (16GB RAM, 512GB, Pantone Carbaret) - Brand New",Motorola,Motorola,,,MtRzr60Ut16512PC-AU,,,,,,,,https://buymobile.com.au/products/motorola-moto-razr-60-ultra-16gb-ram-512gb-5g?variant=43243697963123,https://spectronic.com.au/product/motorola-razr-60-ultra-5g-512gb-16gb-ram-cabaret-dual-sim-global-version-xt2551-6/,https://bestmobilephone.com.au/motorola-razr-60-ultra-5g-16gb-512gb-pantone-cabaret-global-version/,https://www.amazon.com.au/dp/B0F8J8JCBC,#N/A
"Motorola Razr 60 Ultra 5G (16GB RAM, 512GB, Pantone Mountain Trail) - Brand New",Motorola,Motorola,,,MtRzr60Ut16512PMT-AU,,,,,,,,https://buymobile.com.au/products/motorola-moto-razr-60-ultra-16gb-ram-512gb-5g?variant=43243697995891,https://spectronic.com.au/product/motorola-razr-60-ultra-5g-512gb-16gb-ram-mountain-trail-dual-sim-global-version-xt2551-6/,https://bestmobilephone.com.au/motorola-razr-60-ultra-5g-16gb-512gb-pantone-mountain-trail-global-version/,https://www.amazon.com.au/dp/B0DYVMP58X,#N/A
"Motorola Razr 60 Ultra 5G (16GB RAM, 512GB, Pantone Scarab) - Brand New",Motorola,Motorola,,,MtRzr60Ut16512PS-AU,,,,,,,,https://buymobile.com.au/products/motorola-moto-razr-60-ultra-16gb-ram-512gb-5g?variant=43243698061427,https://spectronic.com.au/product/motorola-razr-60-ultra-5g-512gb-16gb-ram-scarab-dual-sim-global-version-xt2551-6/,https://bestmobilephone.com.au/motorola-razr-60-ultra-5g-16gb-512gb-pantone-scarab-global-version/,https://www.amazon.com.au/dp/B0DYVPHWYN,#N/A
"Nothing CMF Phone 2 Pro Dual SIM 5G (8GB RAM, 128GB, Black) - Brand New",Nothing Phone,NOTHING,,,NtCMFPh2Pr8128Bk-AU,,,,,,https://www.jbhifi.com.au/products/cmf-phone-2-pro-5g-128gb-black,,,,,,#N/A
"Nothing CMF Phone 2 Pro Dual SIM 5G (8GB RAM, 128GB, Orange) - Brand New",Nothing Phone,NOTHING,,,NtCMFPh2Pr8128Og-AU,,,,,,https://www.jbhifi.com.au/products/cmf-phone-2-pro-5g-128gb-orange,,,,,,#N/A
"Nothing CMF Phone 2 Pro Dual SIM 5G (8GB RAM, 128GB, White) - Brand New",Nothing Phone,NOTHING,,,NtCMFPh2Pr8128Wt-AU,,,,,,https://www.jbhifi.com.au/products/cmf-phone-2-pro-5g-128gb-white,,,,,,#N/A
"Nothing CMF Phone 2 Pro Dual SIM 5G (8GB RAM, 256GB, Black) - Brand New",Nothing Phone,NOTHING,,,NtCMFPh2Pr8256Bk-AU,,,,,,https://www.jbhifi.com.au/products/cmf-phone-2-pro-5g-256gb-black,,https://buymobile.com.au/products/nothing-cmf-phone-2-pro-dual-sim-8gb-ram-256gb-5g?variant=43036058583155,,,,#N/A
"Nothing CMF Phone 2 Pro Dual SIM 5G (8GB RAM, 256GB, White) - Brand New",Nothing Phone,NOTHING,,,NtCMFPh2Pr8256Wt-AU,,,,,,https://www.jbhifi.com.au/products/cmf-phone-2-pro-5g-256gb-white,,https://buymobile.com.au/products/nothing-cmf-phone-2-pro-dual-sim-8gb-ram-256gb-5g?variant=43036058615923,,,,#N/A
"Nothing Phone (2a) Dual SIM 5G (12GB RAM, 256GB, Milk) - Brand New",Nothing Phone,NOTHING,,,NotPhn2A12R256Mlk-AU,,,,,,https://www.jbhifi.com.au/products/nothing-phone-2a-5g-256gb-milk-white,,https://buymobile.com.au/products/nothing-phone-2a-dual-sim-12gb-ram-256gb-5g?variant=41452201279603,,,,#N/A
"Nothing Phone (2a) Dual SIM 5G (8GB RAM, 128GB, Milk) - Brand New",Nothing Phone,NOTHING,,,NotPhn2A8R128Mlk-AU,,,,,,https://www.jbhifi.com.au/products/nothing-phone-2a-5g-128gb-milk-white,,,,,,#N/A
"Nothing Phone (2a) Plus Dual SIM 5G (12GB RAM, 256GB, Black) - Brand New",Nothing Phone,NOTHING,,,NotPhn2aPls12R256Blk-AU,,,,,,,,,,,,#N/A
"Nothing Phone (2a) Plus Dual SIM 5G (12GB RAM, 256GB, Grey) - Brand New",Nothing Phone,NOTHING,,,NotPhn2aPls12R256Gry-AU,,,,,,https://www.jbhifi.com.au/products/nothing-phone-2a-plus-5g-256gb-grey,,,,,,#N/A
"Nothing Phone (3) Dual SIM 5G (12GB RAM, 256GB, Black) - Brand New",Nothing Phone,NOTHING,,,NotPhn312R256Blk-AU,,,,,,https://www.jbhifi.com.au/products/nothing-phone-3-5g-256gb-black,,https://buymobile.com.au/products/nothing-phone-3-a024-dual-sim-12gb-ram-256gb-5g?variant=43200754253939,https://spectronic.com.au/product/nothing-3-5g-256gb-12gb-ram-black-dual-sim-global-version/,https://bestmobilephone.com.au/nothing-phone-3-12gb-256gb-5g-dual-sim-black-global-version/,,#N/A
"Nothing Phone (3) Dual SIM 5G (12GB RAM, 256GB, White) - Brand New",Nothing Phone,NOTHING,,,NotPhn312R256Wht-AU,,,,,,https://www.jbhifi.com.au/products/nothing-phone-3-5g-256gb-white,,https://buymobile.com.au/products/nothing-phone-3-a024-dual-sim-12gb-ram-256gb-5g?variant=43200754286707,https://spectronic.com.au/product/nothing-3-5g-256gb-12gb-ram-white-dual-sim-global-version/,https://bestmobilephone.com.au/nothing-phone-3-12gb-256gb-5g-dual-sim-white-global-version/,,#N/A
"Nothing Phone (3) Dual SIM 5G (16GB RAM, 512GB, Black) - Brand New",Nothing Phone,NOTHING,,,NotPhn316R512Blk-AU,,,,,,https://www.jbhifi.com.au/products/nothing-phone-3-5g-512gb-black,,https://buymobile.com.au/products/nothing-phone-3-a024-dual-sim-16gb-ram-512gb-5g?variant=43200753860723,,https://bestmobilephone.com.au/nothing-phone-3-16gb-512gb-5g-dual-sim-black-global-version/,,#N/A
"Nothing Phone (3) Dual SIM 5G (16GB RAM, 512GB, White) - Brand New",Nothing Phone,NOTHING,,,NotPhn316R512Wht-AU,,,,,,https://www.jbhifi.com.au/products/nothing-phone-3-5g-512gb-white,,https://buymobile.com.au/products/nothing-phone-3-a024-dual-sim-16gb-ram-512gb-5g?variant=43200753893491,,https://bestmobilephone.com.au/nothing-phone-3-16gb-512gb-5g-dual-sim-white-global-version/,,#N/A
"Nothing Phone (3a) Dual SIM 5G (12GB RAM, 256GB, Black) - Brand New",Nothing Phone,NOTHING,,,NotPhn3a12R256Blk-AU,,,,,,https://www.jbhifi.com.au/products/nothing-phone-3a-5g-256gb-black,,https://buymobile.com.au/products/nothing-phone-3a-dual-sim-12gb-ram-256gb-5g?variant=42914354200691,,,,#N/A
"Nothing Phone (3a) Dual SIM 5G (12GB RAM, 256GB, Blue) - Brand New",Nothing Phone,NOTHING,,,Not3a12R256Blu-AU,,,,,,https://www.jbhifi.com.au/products/nothing-phone-3a-5g-256gb-blue,,https://buymobile.com.au/products/nothing-phone-3a-dual-sim-12gb-ram-256gb-5g?variant=42994176458867,,,,#N/A
"Nothing Phone (3a) Dual SIM 5G (12GB RAM, 256GB, White) - Brand New",Nothing Phone,NOTHING,,,NotPhn3a12R256Wht-AU,,,,,,https://www.jbhifi.com.au/products/nothing-phone-3a-5g-256gb-white,,https://buymobile.com.au/products/nothing-phone-3a-dual-sim-12gb-ram-256gb-5g?variant=42914354233459,,,,#N/A
"Nothing Phone (3a) Dual SIM 5G (8GB RAM, 128GB, Black) - Brand New",Nothing Phone,NOTHING,,,NotPhn3a8R128Blk-AU,,,,,,https://www.jbhifi.com.au/products/nothing-phone-3a-5g-128gb-black,,https://buymobile.com.au/products/nothing-phone-3a-dual-sim-8gb-ram-128gb-5g?variant=42914354135155,,,,#N/A
"Nothing Phone (3a) Dual SIM 5G (8GB RAM, 128GB, White) - Brand New",Nothing Phone,NOTHING,,,NotPhn3a8R128Wht-AU,,,,,,https://www.jbhifi.com.au/products/nothing-phone-3a-5g-128gb-white,,https://buymobile.com.au/products/nothing-phone-3a-dual-sim-8gb-ram-128gb-5g?variant=42914354167923,,,,#N/A
"Nothing Phone (3a) Pro Dual SIM 5G (12GB RAM, 256GB, Black) - Brand New",Nothing Phone,NOTHING,,,NotPhn3aPro12R256Blk-AU,,,,,,https://www.jbhifi.com.au/products/nothing-phone-3a-pro-5g-256gb-black,,https://buymobile.com.au/products/nothing-phone-3a-pro-dual-sim-12gb-ram-256gb-5g?variant=42927736782963,,https://bestmobilephone.com.au/nothing-phone-3a-pro-12gb-256gb-5g-dual-sim-black-global-version/,,#N/A
"Nothing Phone (3a) Pro Dual SIM 5G (12GB RAM, 256GB, Grey) - Brand New",Nothing Phone,NOTHING,,,NotPhn3aPro12R256Gry-AU,,,,,,https://www.jbhifi.com.au/products/nothing-phone-3a-pro-5g-256gb-grey,,https://buymobile.com.au/products/nothing-phone-3a-pro-dual-sim-12gb-ram-256gb-5g?variant=42927736815731,,https://bestmobilephone.com.au/nothing-phone-3a-pro-12gb-256gb-5g-dual-sim-grey-global-version/,,#N/A
"Nubia Neo 3 Dual SIM 5G (8GB RAM, 256GB, Cyber Silver) - Brand New",Nubia,Nubia,,,NubNeo38r256Slv-AU,,,,,,,,https://buymobile.com.au/products/nubia-neo-3-z2464n-dual-sim-8gb-ram-256gb-5g?variant=43200753664115,,,,#N/A
"Nubia Neo 3 Dual SIM 5G (8GB RAM, 256GB, Shadow Black) - Brand New",Nubia,Nubia,,,NubNeo38r256Blk-AU,,,,,,,,https://buymobile.com.au/products/nubia-neo-3-z2464n-dual-sim-8gb-ram-256gb-5g?variant=43200753696883,,,,#N/A
"Nubia Neo 3 Dual SIM 5G (8GB RAM, 256GB, Titanium Gold) - Brand New",Nubia,Nubia,,,NubNeo38r256Gld-AU,,,,,,,,https://buymobile.com.au/products/nubia-neo-3-z2464n-dual-sim-8gb-ram-256gb-5g?variant=43200753729651,,,,#N/A
"Nubia Red Magic 9 Pro 5G (12GB RAM, 256GB, Cyclone) - Brand New",Nubia,Nubia,,,NubRedMag9Pro5G12R256Cyc-AU,,,,,,,,https://buymobile.com.au/products/nubia-red-magic-9-pro-nx769j-dual-sim-12gb-ram-256gb-5g?variant=42457351651443,,,,#N/A
"Nubia Red Magic 9 Pro 5G (12GB RAM, 256GB, Snowfall) - Brand New",Nubia,Nubia,,,NubRedMag9Pro5G12R256Snw-AU,,,,,,,,https://buymobile.com.au/products/nubia-red-magic-9-pro-nx769j-dual-sim-12gb-ram-256gb-5g?variant=42457351815283,,,,#N/A
"Nubia Red Magic 9 Pro 5G (12GB RAM, 512GB, Cyclone) - Brand New",Nubia,Nubia,,,NubRedMag9Pro5G12R512Cyc-AU,,,,,,,,https://buymobile.com.au/products/nubia-red-magic-9-pro-nx769j-dual-sim-12gb-ram-512gb-5g,,,,#N/A
"Nubia Red Magic 9 Pro 5G (16GB RAM, 512GB, Cyclone) - Brand New",Nubia,Nubia,,,NubRedMag9Pro5G16R512Cyc-AU,,,,,,,,https://buymobile.com.au/products/nubia-red-magic-9-pro-nx769j-dual-sim-16gb-ram-512gb-5g?variant=41339940601971,,https://bestmobilephone.com.au/zte-nubia-redmagic-9-pro-5g-dual-sim-16gb-512gb-cyclone-global-version/,,#N/A
"Nubia Red Magic 9 Pro 5G (16GB RAM, 512GB, Snowfall) - Brand New",Nubia,Nubia,,,NubRedMag9Pro5G16R512Snw-AU,,,,,,,,https://buymobile.com.au/products/nubia-red-magic-9-pro-nx769j-dual-sim-16gb-ram-512gb-5g?variant=41339923824755,https://spectronic.com.au/product/zte-nubia-redmagic-9-pro-5g-512gb-16gb-ram-snowfall-global-version/,https://bestmobilephone.com.au/zte-nubia-redmagic-9-pro-5g-dual-sim-16gb-512gb-snowfall-global-version/,,#N/A
"Nubia Red Magic 9S Pro 5G (12GB RAM, 256GB, Sleet) - Brand New",Nubia,Nubia,,,NubRedMag9SPro5G12R256Slt-AU,,,,,,,,,https://spectronic.com.au/product/nubia-red-magic-9s-pro-256gb-12gb-ram-sleet-black-dual-sim-global-version/,https://bestmobilephone.com.au/zte-nubia-redmagic-9s-pro-5g-dual-sim-12gb-256gb-sleet-global-version/,,#N/A
"Nubia Red Magic 9S Pro 5G (16GB RAM, 512GB, Cyclone) - Brand New",Nubia,Nubia,,,NubRedMag9SPro5G16R512Cyc-AU,,,,,,,,,https://spectronic.com.au/product/nubia-red-magic-9s-pro-512gb-16gb-ram-cyclone-transparent-black-dual-sim-global-version/,https://bestmobilephone.com.au/zte-nubia-redmagic-9s-pro-5g-dual-sim-16gb-512gb-cyclone-global-version/,,#N/A
"Nubia Red Magic 9S Pro 5G (16GB RAM, 512GB, Snowfall) - Brand New",Nubia,Nubia,,,NubRedMag9SPro5G16R512Snw-AU,,,,,,,,,https://spectronic.com.au/product/nubia-red-magic-9s-pro-512gb-16gb-ram-snowfall-silver-dual-sim-global-version/,https://bestmobilephone.com.au/zte-nubia-redmagic-9s-pro-5g-dual-sim-16gb-512gb-snowfall-global-version/,,#N/A
"Nubia RedMagic 10 Air 5G (12GB RAM, 256GB, Orange Flare) - Brand New",Nubia,Nubia,,,NubRM10Air12r256Org-AU,,,,,,,,https://buymobile.com.au/products/nubia-redmagic-10-air-dual-sim-12gb-ram-256gb-5g?variant=44024408211571,,,,#N/A
"Nubia RedMagic 10 Air 5G (12GB RAM, 256GB, Twilight) - Brand New",Nubia,Nubia,,,NubRM10Air12R256Twi-AU,,,,,,,,https://buymobile.com.au/products/nubia-redmagic-10-air-dual-sim-12gb-ram-256gb-5g?variant=43057244274803,https://bestmobilephone.com.au/zte-redmagic-10-air-5g-dual-sim-12gb-256gb-black-twilight-global-version/,https://bestmobilephone.com.au/zte-redmagic-10-air-5g-dual-sim-12gb-256gb-black-twilight-global-version/,,#N/A
"Nubia RedMagic 10 Air 5G (12GB RAM, 256GB, White Hailstone) - Brand New",Nubia,Nubia,,,NubRM10Air12r256Wht-AU,,,,,,,,https://buymobile.com.au/products/nubia-redmagic-10-air-dual-sim-12gb-ram-256gb-5g?variant=43057244307571,https://spectronic.com.au/product/nubia-redmagic-10-air-5g-256gb-12gb-ram-hailstone-white-dual-sim/,,,#N/A
"Nubia RedMagic 10 Air 5G (16GB RAM, 512GB, Flare) - Brand New",Nubia,Nubia,,,NubRM10Air16R512Fla-AU,,,,,,,,https://buymobile.com.au/products/nubia-redmagic-10-air-dual-sim-16gb-ram-512gb-5g?variant=43144470495347,,,https://www.amazon.com.au/dp/‎B0F38C3JXW,#N/A
"Nubia RedMagic 10 Air 5G (16GB RAM, 512GB, Hailstone) - Brand New",Nubia,Nubia,,,NubRM10Air16R512Hai-AU,,,,,,,,https://buymobile.com.au/products/nubia-redmagic-10-air-dual-sim-16gb-ram-512gb-5g?variant=43057244242035,https://bestmobilephone.com.au/zte-redmagic-10-air-5g-dual-sim-16gb-512gb-white-hailstone-global-version/,https://bestmobilephone.com.au/zte-redmagic-10-air-5g-dual-sim-16gb-512gb-white-hailstone-global-version/,https://www.amazon.com.au/dp/‎B0F38GJDM4,#N/A
"Nubia RedMagic 10 Air 5G (16GB RAM, 512GB, Twilight) - Brand New",Nubia,Nubia,,,NubRM10Air16R512Twi-AU,,,,,,,,https://buymobile.com.au/products/nubia-redmagic-10-air-dual-sim-16gb-ram-512gb-5g?variant=43057244209267,https://bestmobilephone.com.au/zte-redmagic-10-air-5g-dual-sim-16gb-512gb-black-twilight-global-version/,https://bestmobilephone.com.au/zte-redmagic-10-air-5g-dual-sim-16gb-512gb-black-twilight-global-version/,https://www.amazon.com.au/dp/B0F38GR8G5,
"Nubia RedMagic 10 Pro 5G (12GB RAM, 256GB, Lightspeed) - Brand New",Nubia,Nubia,,,NubRedMag10Pro12R256Lig-AU,,,,,,,,,,,https://www.amazon.com.au/dp/B0DPDK48BQ,
"Nubia RedMagic 10 Pro 5G (12GB RAM, 256GB, Shadow) - Brand New",Nubia,Nubia,,,NubRedMag10Pro12R256Shd-AU,,,,,,,https://www.mobileciti.com.au/nubia-redmagic-10-pro-5g-256gb-shadow,,,https://bestmobilephone.com.au/zte-nubia-redmagic-10-pro-5g-dual-sim-12gb-256gb-shadow-global-version/,,#N/A
"Nubia RedMagic 10 Pro 5G (16GB RAM, 512GB, Dusk) - Brand New",Nubia,Nubia,,,NubRedMag10Pro16R512Dsk-AU,,,,,,,,,,https://bestmobilephone.com.au/zte-nubia-redmagic-10-pro-5g-dual-sim-16gb-512gb-dusk-global-version/,,#N/A
"Nubia RedMagic 10 Pro 5G (16GB RAM, 512GB, Moonlight) - Brand New",Nubia,Nubia,,,NubRedMag10Pro16R512Mon-AU,,,,,,,https://www.mobileciti.com.au/nubia-redmagic-10-pro-5g-512gb-moonlight,https://buymobile.com.au/products/nubia-red-magic-10-pro-dual-sim-16gb-ram-512gb-5g?variant=42995483705459,,https://bestmobilephone.com.au/zte-nubia-redmagic-10-pro-5g-dual-sim-16gb-512gb-moonlight-global-version/,https://www.amazon.com.au/dp/B0DS44Z43H,
"Nubia RedMagic 10 Pro 5G (24GB RAM, 1TB, Dusk) - Brand New",Nubia,Nubia,,,NubRedMag10Pro24R1TBDsk-AU,,,,,,,,,,https://bestmobilephone.com.au/zte-nubia-redmagic-10-pro-5g-dual-sim-24gb-1tb-dusk-global-version/,,#N/A
"Nubia RedMagic 10S Pro 5G (12GB RAM, 256GB, Nightfall) - Brand New",Nubia,Nubia,,,NubRM10SPro12R256Nig-AU,,,,,,,,https://buymobile.com.au/products/nubia-red-magic-10s-pro-dual-sim-12gb-ram-256gb-5g?_pos=2&_sid=f009212f1&_ss=r,,,https://www.amazon.com.au/dp/B0F6LV9FRF,"1,121.25"
"Nubia RedMagic 10S Pro 5G (16GB RAM, 512GB, Dusk) - Brand New",Nubia,Nubia,,,NubRM10SPro16R512Dsk-AU,,,,,,,,https://buymobile.com.au/products/nubia-red-magic-10s-pro-dual-sim-16gb-ram-512gb-5g?variant=43143248183411,https://spectronic.com.au/product/nubia-redmagic-10s-pro-5g-512gb-16gb-dusk-global-version-nx769j/,,,#N/A
"Nubia RedMagic 10S Pro 5G (16GB RAM, 512GB, Moonlight) - Brand New",Nubia,Nubia,,,NubRM10SPro16R512Mon-AU,,,,,,,,https://buymobile.com.au/products/nubia-red-magic-10s-pro-dual-sim-16gb-ram-512gb-5g?variant=43143248216179,https://spectronic.com.au/product/nubia-redmagic-10s-pro-5g-512gb-16gb-moonlight-global-version-nx769j/,,https://www.amazon.com.au/dp/B0F6NFZHGJ,"1,121.25"
"Nubia RedMagic 10S Pro 5G (24GB RAM, 1TB, Dusk) - Brand New",Nubia,Nubia,,,NubRM10SPro24R1TBDsk-AU,,,,,,,,https://buymobile.com.au/products/nubia-red-magic-10s-pro-dual-sim-24gb-ram-1tb-5g?variant=43143248281715,https://spectronic.com.au/product/nubia-redmagic-10s-pro-5g-1tb-24gb-dusk-global-version-nx769j/,https://bestmobilephone.com.au/zte-redmagic-10s-pro-5g-dual-sim-24gb-1tb-transparent-black-dusk-global-version/,,#N/A
"Nubia RedMagic 10S Pro 5G (24GB RAM, 1TB, Moonlight) - Brand New",Nubia,Nubia,,,NubRM10SPro24R1TBMon-AU,,,,,,,,https://buymobile.com.au/products/nubia-red-magic-10s-pro-dual-sim-24gb-ram-1tb-5g?variant=43143248314483,https://spectronic.com.au/product/nubia-redmagic-10s-pro-5g-1tb-24gb-moonlight-global-version-nx769j/,,https://www.amazon.com.au/dp/‎B0F6NKGB9T,#N/A
"Nubia Z70 Ultra Dual SIM 5G (12GB RAM, 256GB, Black) - Brand New",Nubia,Nubia,,,NubZ70Ult12R256Blk-AU,,,,,,,,,https://spectronic.com.au/product/nubia-z70-ultra-5g-256gb-12gb-ram-black-dual-sim-global-version/,https://bestmobilephone.com.au/zte-nubia-z70-ultra-5g-dual-sim-12gb-256gb-black-global-version/,,#N/A
"Nubia Z70 Ultra Dual SIM 5G (12GB RAM, 256GB, Yellow) - Brand New",Nubia,Nubia,,,NubZ70Ult12R256Ylw-AU,,,,,,,,,https://spectronic.com.au/product/nubia-z70-ultra-5g-256gb-12gb-ram-amber-yellow-dual-sim-global-version/,https://bestmobilephone.com.au/zte-nubia-z70-ultra-5g-dual-sim-12gb-256gb-amber-yellow-global-version/,,#N/A
"Nubia Z70 Ultra Dual SIM 5G (16GB RAM, 512GB, Black) - Brand New",Nubia,Nubia,,,NubZ70Ult16R512Blk-AU,,,,,,,,,https://spectronic.com.au/product/nubia-z70-ultra-5g-512gb-16gb-ram-black-dual-sim-global-version/,https://bestmobilephone.com.au/zte-nubia-z70-ultra-5g-dual-sim-16gb-512gb-black-global-version/,,#N/A
"Nubia Z70 Ultra Dual SIM 5G (16GB RAM, 512GB, Blue) - Brand New",Nubia,Nubia,,,NubZ70Ult16R512Blu-AU,,,,,,,,,https://spectronic.com.au/product/nubia-z70-ultra-5g-512gb-16gb-ram-blue-starry-night-x-van-gogh-dual-sim-global-version/,https://bestmobilephone.com.au/zte-nubia-z70-ultra-5g-dual-sim-16gb-512gb-blue-starry-night-x-van-gogh-global-version/,,#N/A
"Nubia Z70 Ultra Dual SIM 5G (16GB RAM, 512GB, Yellow) - Brand New",Nubia,Nubia,,,NubZ70Ult16R512Ylw-AU,,,,,,,,,https://spectronic.com.au/product/nubia-z70-ultra-5g-512gb-16gb-ram-amber-yellow-dual-sim-global-version/,https://bestmobilephone.com.au/zte-nubia-z70-ultra-5g-dual-sim-16gb-512gb-amber-yellow-global-version/,,#N/A
"Nubia Z70 Ultra Dual SIM 5G (24GB RAM, 1TB, Black) - Brand New",Nubia,Nubia,,,NubZ70Ult24R1TBBlk-AU,,,,,,,,,https://spectronic.com.au/product/nubia-z70-ultra-5g-1tb-24gb-ram-black-dual-sim-global-version/,https://bestmobilephone.com.au/zte-nubia-z70-ultra-5g-dual-sim-24gb-1tb-black-global-version/,,#N/A
"Nubia Z70S Ultra Dual SIM 5G (12GB RAM, 256GB, Classic Black) - Brand New",Nubia,Nubia,,,NbZ70SUt12256Bk-AU,,,,,,,,https://buymobile.com.au/products/nubia-z70s-ultra-dual-sim-12gb-ram-256gb-5g?_pos=5&_sid=805d39411&_ss=r,https://spectronic.com.au/product/nubia-z70s-ultra-5g-256gb-12gb-ram-classic-black-dual-sim-global-version-nx769j/,https://bestmobilephone.com.au/zte-nubia-z70s-ultra-5g-dual-sim-12gb-256gb-classic-black-global-version/,,#N/A
"Nubia Z70S Ultra Dual SIM 5G (16GB RAM, 512GB, Antique Brown) - Brand New",Nubia,Nubia,,,NbZ70SUt16512Br-AU,,,,,,,,https://buymobile.com.au/products/nubia-z70s-ultra-dual-sim-16gb-ram-512gb-5g?variant=43057244078195,https://spectronic.com.au/product/nubia-z70s-ultra-5g-512gb-16gb-ram-antique-brown-dual-sim-global-version-nx769j/,https://bestmobilephone.com.au/zte-nubia-z70s-ultra-5g-dual-sim-16gb-512gb-antique-brown-global-version/,https://www.amazon.com.au/dp/B0F5WX9S8L,
"Nubia Z70S Ultra Dual SIM 5G (16GB RAM, 512GB, Classic Black) - Brand New",Nubia,Nubia,,,NbZ70SUt16512Bk-AU,,,,,,,,https://buymobile.com.au/products/nubia-z70s-ultra-dual-sim-16gb-ram-512gb-5g?variant=43057244045427,https://spectronic.com.au/product/nubia-z70s-ultra-5g-512gb-16gb-ram-classic-black-dual-sim-global-version-nx769j/,https://bestmobilephone.com.au/zte-nubia-z70s-ultra-5g-dual-sim-16gb-512gb-classic-black-global-version/,,#N/A
"OnePlus 12 5G (16GB RAM, 1TB, White) - Brand New",OnePlus 12 Series,OnePlus,,,OnePls1216R1TBWht-AU,,,,,,,,,,,,#N/A
"OnePlus 12R 5G (16GB RAM, 256GB, Cool Blue) - Brand New",OnePlus 12 Series,OnePlus,,,OnePls12R16R256Blu-AU,,,,,,,,https://buymobile.com.au/products/oneplus-12r-cph2609-dual-sim-16gb-ram-256gb-5g?variant=41481075228787,https://spectronic.com.au/product/oneplus-12r-5g-256gb-16gb-ram-blue-dual-sim-global-version-cph2609/,https://bestmobilephone.com.au/oneplus-12r-5g-dual-sim-16gb-256gb-cool-blue-global-version/,,#N/A
"OnePlus 12R 5G (16GB RAM, 256GB, Iron Gray) - Brand New",OnePlus 12 Series,OnePlus,,,OnePls12R16R256Gry-AU,,,,,,,,https://buymobile.com.au/products/oneplus-12r-cph2609-dual-sim-16gb-ram-256gb-5g?variant=41481075196019,https://spectronic.com.au/product/oneplus-12r-5g-256gb-16gb-ram-gray-dual-sim-global-version-cph2609/,https://bestmobilephone.com.au/oneplus-12r-5g-dual-sim-16gb-256gb-iron-gray-global-version/,,#N/A
"OnePlus 13 5G (12GB RAM, 256GB, Black) - Brand New",OnePlus 13 Series,OnePlus,,,OnePls1312R256Blk-AU,,,,,,,,https://buymobile.com.au/products/oneplus-13-cph2653-dual-sim-12gb-ram-256gb-5g?variant=43200756744307,,,https://www.amazon.com.au/dp/B0DKG346PQ,#N/A
"OnePlus 13 5G (12GB RAM, 256GB, White) - Brand New",OnePlus 13 Series,OnePlus,,,OnePls1312R256Wht-AU,,,,,,,,,,,,#N/A
"OnePlus 13 5G (12GB RAM, 512GB, Black) - Brand New",OnePlus 13 Series,OnePlus,,,OnePls1312R512Blk-AU,,,,,,,,,,,,#N/A
"OnePlus 13 5G (12GB RAM, 512GB, Blue) - Brand New",OnePlus 13 Series,OnePlus,,,OnePls1312R512Blu-AU,,,,,,,,,,,,#N/A
"OnePlus 13 5G (16GB RAM, 512GB, Black) - Brand New",OnePlus 13 Series,OnePlus,,,OnePls1316R512Blk-AU,,,,,,,,https://buymobile.com.au/products/oneplus-13-pjz110-china-specs-dual-sim-16gb-ram-512gb-5g?_pos=3&_sid=894f1ccd1&_ss=r,https://spectronic.com.au/product/oneplus-13-5g-512gb-16gb-ram-black-eclipse-dual-sim-global-version-cph2653/,,https://www.amazon.com.au/dp/B0DKG1MLXL,#N/A
"OnePlus 13 5G (16GB RAM, 512GB, Blue) - Brand New",OnePlus 13 Series,OnePlus,,,OnePls1316R512Blu-AU,,,,,,,,,https://spectronic.com.au/product/oneplus-13-5g-512gb-16gb-ram-midnight-ocean-dual-sim-global-version-cph2653/,https://bestmobilephone.com.au/oneplus-13-5g-dual-sim-16gb-512gb-midnight-ocean-global-version/,,#N/A
"OnePlus 13 5G (16GB RAM, 512GB, White) - Brand New",OnePlus 13 Series,OnePlus,,,OnePls1316R512Wht-AU,,,,,,,,,,,https://www.amazon.com.au/dp/B0DKG199K5,#N/A
"OnePlus 13 5G (24GB RAM, 1TB, Black) - Brand New",OnePlus 13 Series,OnePlus,,,OnePls1324R1TBBlk-AU,,,,,,,,,,,,#N/A
"OnePlus 13 5G (24GB RAM, 1TB, Blue) - Brand New",OnePlus 13 Series,OnePlus,,,OnePls1324R1TBBlu-AU,,,,,,,,,,,,#N/A
"OnePlus 13 5G (24GB RAM, 1TB, White) - Brand New",OnePlus 13 Series,OnePlus,,,OnePls1324R1TBWht-AU,,,,,,,,,,,,#N/A
"OnePlus 13R 5G (12GB RAM, 256GB, Astral Trail) - Brand New",OnePlus 13 Series,OnePlus,,,OnePls13R12R256Ast-AU,,,,,,,,https://buymobile.com.au/products/oneplus-13r-cph2645-dual-sim-12gb-ram-256gb-5g?_pos=1&_sid=84e549ac4&_ss=r,https://spectronic.com.au/product/oneplus-13r-5g-256gb-12gb-ram-astral-trail-dual-sim-global-version-cph2645/,https://bestmobilephone.com.au/oneplus-13r-5g-dual-sim-12gb-256gb-astral-trail-global-version-cph2645/,https://www.amazon.com.au/dp/B0DKG2VGG8,#N/A
"OnePlus 13R 5G (12GB RAM, 256GB, Nebula Noir) - Brand New",OnePlus 13 Series,OnePlus,,,OnePls13R12R256Neb-AU,,,,,,,,https://buymobile.com.au/products/oneplus-13r-cph2645-dual-sim-12gb-ram-256gb-5g?variant=42959021211763,https://spectronic.com.au/product/oneplus-13r-5g-256gb-12gb-ram-nebula-noir-dual-sim-global-version-cph2645/,https://bestmobilephone.com.au/oneplus-13r-5g-dual-sim-12gb-256gb-nebula-noir-global-version-cph2645/,https://www.amazon.com.au/dp/B0DPS62DYH,#N/A
"OnePlus Ace 5 5G (16GB RAM, 512GB, Gray) - Brand New",OnePlus Ace Series,OnePlus,,,OnePlsAce516R512Gry-AU,,,,,,,,,,,,#N/A
"OnePlus Nord 4 5G (12GB RAM, 256GB, Obsidian Midnight) - Brand New",OnePlus Nord Series,OnePlus,,,OnePlsNrd412R256Mid-AU,,,,,,,,,https://spectronic.com.au/product/oneplus-nord-4-5g-256gb-12gb-ram-obsidian-midnight-dual-sim-global-version/,,,#N/A
"OnePlus Nord 4 5G (16GB RAM, 512GB, Mercurial Silver) - Brand New",OnePlus Nord Series,OnePlus,,,OnePlsNrd416R512Slv-AU,,,,,,,,,https://spectronic.com.au/product/oneplus-nord-4-5g-512gb-16gb-ram-mercurial-silver-dual-sim-global-version/,,,#N/A
"OnePlus Nord 4 5G (16GB RAM, 512GB, Oasis Green) - Brand New",OnePlus Nord Series,OnePlus,,,OnePlsNrd416R512Grn-AU,,,,,,,,,https://spectronic.com.au/product/oneplus-nord-4-5g-512gb-16gb-ram-oasis-green-dual-sim-global-version/,,,#N/A
"OnePlus Nord 4 5G (16GB RAM, 512GB, Obsidian Midnight) - Brand New",OnePlus Nord Series,OnePlus,,,OnePlsNrd416R512Mid-AU,,,,,,,,,https://spectronic.com.au/product/oneplus-nord-4-5g-512gb-16gb-ram-obsidian-midnight-dual-sim-global-version/,,,#N/A
"OnePlus Nord 5 5G (12GB RAM, 512GB, Dry Ice) - Brand New",OnePlus Nord Series,OnePlus,,,OPlsNd55G12512Ic-AU,,,,,,,,https://buymobile.com.au/products/oneplus-nord5-cph2709-dual-sim-12gb-ram-512gb-5g?variant=43200755171443,,,,#N/A
"OnePlus Nord 5 5G (12GB RAM, 512GB, Marble Sand) - Brand New",OnePlus Nord Series,OnePlus,,,OPlsNd55G12512Sd-AU,,,,,,,,https://buymobile.com.au/products/oneplus-nord5-cph2709-dual-sim-12gb-ram-512gb-5g?variant=43200755204211,,,,#N/A
"OnePlus Nord 5 5G (12GB RAM, 512GB, Phantom Grey) - Brand New",OnePlus Nord Series,OnePlus,,,OPlsNd55G12512Gy-AU,,,,,,,,https://buymobile.com.au/products/oneplus-nord5-cph2709-dual-sim-12gb-ram-512gb-5g?variant=43200755236979,,,,#N/A
"OnePlus Nord 5 5G (8GB RAM, 256GB, Phantom Grey) - Brand New",OnePlus Nord Series,OnePlus,,,OPlsNd55G8256Gy-AU,,,,,,,,https://buymobile.com.au/products/oneplus-nord5-cph2709-dual-sim-8gb-ram-256gb-5g?_pos=2&_sid=41c73dfc0&_ss=r,,,,#N/A
"OnePlus Nord CE4 Lite 5G (8GB RAM, 256GB, Silver) - Brand New",OnePlus Nord Series,OnePlus,,,OnePsNrdCE4Lit8R256Slv-AU,,,,,,,,,https://spectronic.com.au/product/oneplus-nord-ce4-lite-5g-256gb-8gb-ram-super-silver-dual-sim-global-version/,https://bestmobilephone.com.au/oneplus-nord-ce-4-lite-5g-8gb-256gb-dual-sim-super-silver-global-version/,,#N/A
"OnePlus Nord CE5 5G (8GB RAM, 256GB, Marble Mist) - Brand New",OnePlus Nord Series,OnePlus,,,OPlsCE55G8R256Mar-AU,,,,,,,,https://buymobile.com.au/products/oneplus-nord-ce5-cph2719-dual-sim-8gb-ram-256gb-5g?variant=43200755368051,https://spectronic.com.au/product/oneplus-nord-ce5-5g-256gb-8gb-ram-marble-mist-dual-sim-global-version/,,,#N/A
"OPPO Find X8 Pro Dual SIM 5G (16GB RAM, 512GB, Space Black) - Brand New",Oppo Find Series,OPPO,,,OPFndX8Pro16R512Blk-AU,,,,,,https://www.jbhifi.com.au/products/oppo-find-x8-pro-5g-512gb-space-black,,,https://spectronic.com.au/product/oppo-find-x8-pro-5g-512gb-16gb-ram-space-black-dual-sim-global-version-cph2659/,https://bestmobilephone.com.au/oppo-find-x8-pro-5g-dual-sim-16gb-512gb-space-black-global-version-cph2659/,,#N/A
"Samsung Galaxy A05 Dual SIM (4GB RAM, 128GB, Black) - Brand New",Samsung Galaxy A Series,Samsung,,,GalA054R128BlkPRT-AU,,,,,,,,https://buymobile.com.au/products/samsung-galaxy-a05-a055f-dual-sim-4gb-ram-128gb-4g-lte?variant=41214939824243,,,,#N/A
"Samsung Galaxy A05 Dual SIM (4GB RAM, 128GB, Light Green) - Brand New",Samsung Galaxy A Series,Samsung,,,GalA054R128GrnPRT-AU,,,,,,,,https://buymobile.com.au/products/samsung-galaxy-a05-a055f-dual-sim-4gb-ram-128gb-4g-lte?variant=41214939857011,,,,#N/A
"Samsung Galaxy A05 Dual SIM (4GB RAM, 128GB, Silver) - Brand New",Samsung Galaxy A Series,Samsung,,,GalA054R128SlvPRT-AU,,,,,,,,https://buymobile.com.au/products/samsung-galaxy-a05-a055f-dual-sim-4gb-ram-128gb-4g-lte?variant=41222091931763,,,,#N/A
"Samsung Galaxy A05 Dual SIM (4GB RAM, 64GB, Black) - Brand New",Samsung Galaxy A Series,Samsung,,,GalA054R64BlkPRT-AU,,,,,,,,https://buymobile.com.au/products/samsung-galaxy-a05-a055f-dual-sim-4gb-ram-64gb-4g-lte?variant=41405371842675,,,,#N/A
"Samsung Galaxy A05 Dual SIM (4GB RAM, 64GB, Light Green) - Brand New",Samsung Galaxy A Series,Samsung,,,GalA054R64GrnPRT-AU,,,,,,,,https://buymobile.com.au/products/samsung-galaxy-a05-a055f-dual-sim-4gb-ram-64gb-4g-lte?variant=41405371875443,,,,#N/A
"Samsung Galaxy A05 Dual SIM (4GB RAM, 64GB, Silver) - Brand New",Samsung Galaxy A Series,Samsung,,,GalA054R64SlvPRT-AU,,,,,,,,https://buymobile.com.au/products/samsung-galaxy-a05-a055f-dual-sim-4gb-ram-64gb-4g-lte?variant=41405371908211,,,,#N/A
"Samsung Galaxy A05S (4GB RAM, 128GB, Black) - Brand New",Samsung Galaxy A Series,Samsung,,,GalA05S4R128BlkPRT-AU,,,,,,https://www.jbhifi.com.au/products/samsung-galaxy-a05s-4g-128gb-black,https://www.mobileciti.com.au/samsung-galaxy-a05s-dual-sim-6-7-128gb-4gb-black,https://buymobile.com.au/products/samsung-galaxy-a05s-a057f-dual-sim-4gb-ram-128gb-4g-lte?variant=41099436753011,,,,#N/A
"Samsung Galaxy A06 Dual SIM (4GB RAM, 128GB, Black) - Brand New",Samsung Galaxy A Series,Samsung,,,SamGalA064R128Blk-AU,,,,,,,,https://buymobile.com.au/products/samsung-galaxy-a06-a065f-dual-sim-4gb-ram-128gb-4g-lte?variant=42331062927475,,,https://www.amazon.com.au/dp/B0DFMNRWVP,#N/A
"Samsung Galaxy A06 Dual SIM (4GB RAM, 128GB, Gold) - Brand New",Samsung Galaxy A Series,Samsung,,,SamGalA064R128Gld-AU,,,,,,,,https://buymobile.com.au/products/samsung-galaxy-a06-a065f-dual-sim-4gb-ram-128gb-4g-lte?variant=42331062993011,,,,#N/A
"Samsung Galaxy A06 Dual SIM (4GB RAM, 128GB, Light Blue) - Brand New",Samsung Galaxy A Series,Samsung,,,SamGalA064R128Blu-AU,,,,,,,,https://buymobile.com.au/products/samsung-galaxy-a06-a065f-dual-sim-4gb-ram-128gb-4g-lte?variant=42331062960243,,,https://www.amazon.com.au/dp/B0FNRXG43S,#N/A
"Samsung Galaxy A06 Dual SIM (4GB RAM, 64GB, Black) - Brand New",Samsung Galaxy A Series,Samsung,,,SamGalA064R64Blk-AU,,,,,,,,https://buymobile.com.au/products/samsung-galaxy-a06-a065f-dual-sim-4gb-ram-64gb-4g-lte?variant=42295351246963,,,https://www.amazon.com.au/dp/B0DDKLRFVV,#N/A
"Samsung Galaxy A06 Dual SIM (4GB RAM, 64GB, Gold) - Brand New",Samsung Galaxy A Series,Samsung,,,SamGalA064R64Gld-AU,,,,,,,,https://buymobile.com.au/products/samsung-galaxy-a06-a065f-dual-sim-4gb-ram-64gb-4g-lte?variant=42295351312499,,,https://www.amazon.com.au/dp/B0DDKMGD16,#N/A
"Samsung Galaxy A06 Dual SIM (4GB RAM, 64GB, Light Blue) - Brand New",Samsung Galaxy A Series,Samsung,,,SamGalA064R64Blu-AU,,,,,,,,https://buymobile.com.au/products/samsung-galaxy-a06-a065f-dual-sim-4gb-ram-64gb-4g-lte?variant=42295351279731,,,https://www.amazon.com.au/dp/B0DDKM5FH6,#N/A
"Samsung Galaxy A06 Dual SIM (6GB RAM, 128GB, Black) - Brand New",Samsung Galaxy A Series,Samsung,,,SamGalA066R128Blk-AU,,,,,,,,https://buymobile.com.au/products/samsung-galaxy-a06-a065f-dual-sim-6gb-ram-128gb-4g-lte?variant=42601325789299,,,https://www.amazon.com.au/dp/B0DXF16473,#N/A
"Samsung Galaxy A06 Dual SIM (6GB RAM, 128GB, Gold) - Brand New",Samsung Galaxy A Series,Samsung,,,SamGalA066R128Gld-AU,,,,,,,,https://buymobile.com.au/products/samsung-galaxy-a06-a065f-dual-sim-6gb-ram-128gb-4g-lte?variant=42601325854835,,,,#N/A
"Samsung Galaxy A06 Dual SIM (6GB RAM, 128GB, Light Blue) - Brand New",Samsung Galaxy A Series,Samsung,,,SamGalA066R128Blu-AU,,,,,,,,https://buymobile.com.au/products/samsung-galaxy-a06-a065f-dual-sim-6gb-ram-128gb-4g-lte?variant=42601325822067,,,,#N/A
"Samsung Galaxy A07 Dual SIM (4GB RAM, 128GB, Black) - Brand New",Samsung Galaxy A Series,Samsung,,,SmGlA074128Bk-AU,,,,,,,,https://buymobile.com.au/products/samsung-galaxy-a07-a075f-ds-dual-sim-4gb-ram-128gb-4g?variant=43760050012275,,,,#N/A
"Samsung Galaxy A07 Dual SIM (4GB RAM, 128GB, Green) - Brand New",Samsung Galaxy A Series,Samsung,,,SmGlA074128Gn-AU,,,,,,,,https://buymobile.com.au/products/samsung-galaxy-a07-a075f-ds-dual-sim-4gb-ram-128gb-4g?variant=43760050045043,,,,#N/A
"Samsung Galaxy A07 Dual SIM (4GB RAM, 128GB, Light Violet) - Brand New",Samsung Galaxy A Series,Samsung,,,SmGlA074128Vi-AU,,,,,,,,https://buymobile.com.au/products/samsung-galaxy-a07-a075f-ds-dual-sim-4gb-ram-128gb-4g?variant=43760050077811,,,,#N/A
"Samsung Galaxy A07 Dual SIM (4GB RAM, 64GB, Black) - Brand New",Samsung Galaxy A Series,Samsung,,,SmGlA07464Bk-AU,,,,,,,,https://buymobile.com.au/products/samsung-galaxy-a07-a075f-ds-dual-sim-4gb-ram-64gb-4g?variant=43760050208883,,,,#N/A
"Samsung Galaxy A07 Dual SIM (4GB RAM, 64GB, Green) - Brand New",Samsung Galaxy A Series,Samsung,,,SmGlA07464Gn-AU,,,,,,,,https://buymobile.com.au/products/samsung-galaxy-a07-a075f-ds-dual-sim-4gb-ram-64gb-4g?variant=43760050241651,,,,#N/A
"Samsung Galaxy A07 Dual SIM (4GB RAM, 64GB, Light Violet) - Brand New",Samsung Galaxy A Series,Samsung,,,SmGlA07464Vi-AU,,,,,,,,https://buymobile.com.au/products/samsung-galaxy-a07-a075f-ds-dual-sim-4gb-ram-64gb-4g?variant=43760050274419,,,,#N/A
"Samsung Galaxy A07 Dual SIM (6GB RAM, 128GB, Black) - Brand New",Samsung Galaxy A Series,Samsung,,,SmGlA076128Bk-AU,,,,,,,,https://buymobile.com.au/products/samsung-galaxy-a07-a075f-ds-dual-sim-6gb-ram-128gb-4g?variant=43760050110579,,,,#N/A
"Samsung Galaxy A07 Dual SIM (6GB RAM, 128GB, Green) - Brand New",Samsung Galaxy A Series,Samsung,,,SmGlA076128Gn-AU,,,,,,,,https://buymobile.com.au/products/samsung-galaxy-a07-a075f-ds-dual-sim-6gb-ram-128gb-4g?variant=43760050143347,,,,#N/A
"Samsung Galaxy A07 Dual SIM (6GB RAM, 128GB, Light Violet) - Brand New",Samsung Galaxy A Series,Samsung,,,SmGlA076128Vi-AU,,,,,,,,https://buymobile.com.au/products/samsung-galaxy-a07-a075f-ds-dual-sim-6gb-ram-128gb-4g?variant=43760050176115,,,,#N/A
"Samsung Galaxy A15 (6GB RAM, 128GB, Yellow) - Brand New",Samsung Galaxy A Series,Samsung,,,GalA154G6R128Ylw-AU,,,,,,,,,,,,#N/A
"Samsung Galaxy A15 Dual SIM (4GB RAM, 128GB, Blue Black) - Brand New",Samsung Galaxy A Series,Samsung,,,GalA154G4R128Blk-AU,,,,,,https://www.jbhifi.com.au/products/samsung-galaxy-a15-5g-128gb-blue-black,https://www.mobileciti.com.au/samsung-galaxy-a15-5g-black,https://buymobile.com.au/products/samsung-galaxy-a15-a155f-ds-4gb-ram-128gb-4g-lte?variant=42078871879795,,,,#N/A
"Samsung Galaxy A15 Dual SIM (4GB RAM, 128GB, Light Blue) - Brand New",Samsung Galaxy A Series,Samsung,,,GalA154G4R128Blu-AU,,,,,,,,https://buymobile.com.au/products/samsung-galaxy-a15-a155f-ds-4gb-ram-128gb-4g-lte?variant=42078871912563,,,,#N/A
"Samsung Galaxy A15 Dual SIM (4GB RAM, 128GB, Yellow) - Brand New",Samsung Galaxy A Series,Samsung,,,GalA154G4R128Ylw-AU,,,,,,,,https://buymobile.com.au/products/samsung-galaxy-a15-a155f-ds-4gb-ram-128gb-4g-lte?variant=42078871945331,,,,#N/A
"Samsung Galaxy A16 (4GB RAM, 128GB, Black) - Brand New",Samsung Galaxy A Series,Samsung,,,SamGalA164G4R128Blk-AU,,,,,,https://www.jbhifi.com.au/products/samsung-galaxy-a16-4g-128gb-black,https://www.mobileciti.com.au/samsung-galaxy-a16-4g-128gb-black,https://buymobile.com.au/products/samsung-galaxy-a16-a165f-ds-4gb-ram-128gb-4g-lte?variant=42647256629363,,,https://www.amazon.com.au/dp/B0DNRFGBQ4,#N/A
"Samsung Galaxy A16 (4GB RAM, 128GB, Gray) - Brand New",Samsung Galaxy A Series,Samsung,,,SamGalA164G4R128Gry-AU,,,,,,,,https://buymobile.com.au/products/samsung-galaxy-a16-a165f-ds-4gb-ram-128gb-4g-lte?variant=42601483468915,,,https://www.amazon.com.au/dp/B0DNRGQRB4,#N/A
"Samsung Galaxy A16 (4GB RAM, 128GB, Green) - Brand New",Samsung Galaxy A Series,Samsung,,,SamGalA164G4R128Grn-AU,,,,,,,,https://buymobile.com.au/products/samsung-galaxy-a16-a165f-ds-4gb-ram-128gb-4g-lte?variant=42601483501683,,,,#N/A
"Samsung Galaxy A16 (6GB RAM, 128GB, Black) - Brand New",Samsung Galaxy A Series,Samsung,,,SamGalA164G6R128Blk-AU,,,,,,,,https://buymobile.com.au/products/samsung-galaxy-a16-a165f-ds-6gb-ram-128gb-4g-lte?variant=42840667029619,,,,#N/A
"Samsung Galaxy A16 (6GB RAM, 128GB, Gray) - Brand New",Samsung Galaxy A Series,Samsung,,,SamGalA164G6R128Gry-AU,,,,,,,,https://buymobile.com.au/products/samsung-galaxy-a16-a165f-ds-6gb-ram-128gb-4g-lte?variant=42840666964083,,,,#N/A
"Samsung Galaxy A16 (6GB RAM, 128GB, Light Green) - Brand New",Samsung Galaxy A Series,Samsung,,,SamGalA164G6R128Grn-AU,,,,,,,,https://buymobile.com.au/products/samsung-galaxy-a16-a165f-ds-6gb-ram-128gb-4g-lte?variant=42840666996851,,,,#N/A
"Samsung Galaxy A16 (8GB RAM, 128GB, Black) - Brand New",Samsung Galaxy A Series,Samsung,,,SamGalA164G8R128Blk-AU,,,,,,,,https://buymobile.com.au/products/samsung-galaxy-a16-a165f-ds-8gb-ram-128gb-4g-lte?variant=43025855905907,,,,#N/A
"Samsung Galaxy A16 (8GB RAM, 128GB, Gray) - Brand New",Samsung Galaxy A Series,Samsung,,,SamGalA164G8R128Gry-AU,,,,,,,,https://buymobile.com.au/products/samsung-galaxy-a16-a165f-ds-8gb-ram-128gb-4g-lte?variant=43025855840371,,,,#N/A
"Samsung Galaxy A16 (8GB RAM, 128GB, Green) - Brand New",Samsung Galaxy A Series,Samsung,,,SamGalA164G8R128Grn-AU,,,,,,,,https://buymobile.com.au/products/samsung-galaxy-a16-a165f-ds-8gb-ram-128gb-4g-lte?variant=43025855873139,,,,#N/A
"Samsung Galaxy A16 (8GB RAM, 256GB, Black) - Brand New",Samsung Galaxy A Series,Samsung,,,SamGalA164G8R256Blk-AU,,,,,,,,,,,https://www.amazon.com.au/dp/B0DWNCRM73,#N/A
"Samsung Galaxy A16 (8GB RAM, 256GB, Gray) - Brand New",Samsung Galaxy A Series,Samsung,,,SamGalA164G8R256Gry-AU,,,,,,,,,,,,#N/A
"Samsung Galaxy A16 (8GB RAM, 256GB, Light Green) - Brand New",Samsung Galaxy A Series,Samsung,,,SamGalA164G8R256Grn-AU,,,,,,,,,,,https://www.amazon.com.au/dp/B0DK525WSZ,#N/A
"Samsung Galaxy A16 5G (4GB RAM, 128GB, Blue Black) - Brand New",Samsung Galaxy A Series,Samsung,,,SamGalA165G4R128Blk-AU,,,,,,,,,,,,#N/A
"Samsung Galaxy A16 5G (4GB RAM, 128GB, Light Gray) - Brand New",Samsung Galaxy A Series,Samsung,,,SamGalA165G4R128Gry-AU,,,,,,,,,,,,#N/A
"Samsung Galaxy A16 5G (4GB RAM, 128GB, Light Green) - Brand New",Samsung Galaxy A Series,Samsung,,,SamGalA165G4R128Grn-AU,,,,,,,,,,,,#N/A
"Samsung Galaxy A16 5G (6GB RAM, 128GB, Blue Black) - Brand New",Samsung Galaxy A Series,Samsung,,,SamGalA165G6R128Blk-AU,,,,,,,,https://buymobile.com.au/products/samsung-galaxy-a16-a1660-ds-6gb-ram-128gb-5g?variant=42521635487859,,,,#N/A
"Samsung Galaxy A16 5G (6GB RAM, 128GB, Gold) - Brand New",Samsung Galaxy A Series,Samsung,,,SamGalA165G6R128Gld-AU,,,,,,,,https://buymobile.com.au/products/samsung-galaxy-a16-a1660-ds-6gb-ram-128gb-5g?variant=42521635553395,,,,#N/A
"Samsung Galaxy A16 5G (8GB RAM, 256GB, Blue Black) - Brand New",Samsung Galaxy A Series,Samsung,,,SamGalA165G8R256Blk-AU,,,,,,,,https://buymobile.com.au/products/samsung-galaxy-a16-a1660-ds-8gb-ram-256gb-5g?variant=42521637486707,,,,#N/A
"Samsung Galaxy A16 5G (8GB RAM, 256GB, Gold) - Brand New",Samsung Galaxy A Series,Samsung,,,SamGalA165G8R256Gld-AU,,,,,,,,https://buymobile.com.au/products/samsung-galaxy-a16-a1660-ds-8gb-ram-256gb-5g?variant=42521637552243,,,,#N/A
"Samsung Galaxy A16 5G (8GB RAM, 256GB, Light Green) - Brand New",Samsung Galaxy A Series,Samsung,,,SamGalA165G8R256Grn-AU,,,,,,,,,,,,#N/A
"Samsung Galaxy A25 Dual SIM (8GB RAM, 256GB, Black) - Brand New",Samsung Galaxy A Series,Samsung,,,GalA258R256Blk-AU,,,,,,,,https://buymobile.com.au/products/samsung-galaxy-a25-a256e-dsn-8gb-ram-256gb-5g?variant=41217685913715,,,,#N/A
"Samsung Galaxy A25 Dual SIM (8GB RAM, 256GB, Blue) - Brand New",Samsung Galaxy A Series,Samsung,,,GalA258R256Blu-AU,,,,,,,,https://buymobile.com.au/products/samsung-galaxy-a25-a256e-dsn-8gb-ram-256gb-5g?variant=41314153824371,,,,#N/A
"Samsung Galaxy A25 Dual SIM (8GB RAM, 256GB, Yellow) - Brand New",Samsung Galaxy A Series,Samsung,,,GalA258R256Ylw-AU,,,,,,,,https://buymobile.com.au/products/samsung-galaxy-a25-a256e-dsn-8gb-ram-256gb-5g?variant=41217685946483,,,,#N/A
"Samsung Galaxy A26 Dual SIM 5G (6GB RAM, 128GB, Black) - Brand New",Samsung Galaxy A Series,Samsung,,,SamGalA265G6R128Blk-AU,,,,,,https://www.jbhifi.com.au/products/samsung-galaxy-a26-5g-128gb-black,https://www.mobileciti.com.au/samsung-galaxy-a26-5g-128gb-black,https://buymobile.com.au/products/samsung-galaxy-a26-dual-sim-6gb-ram-128gb-5g?variant=42995481772147,https://spectronic.com.au/product/samsung-galaxy-a26-5g-128gb-6gb-ram-black-dual-sim-global-version-sm-a2660/,,https://www.amazon.com.au/dp/B0F253NMFG,#N/A
"Samsung Galaxy A26 Dual SIM 5G (6GB RAM, 128GB, Mint) - Brand New",Samsung Galaxy A Series,Samsung,,,SamGalA265G6R128Mnt-AU,,,,,,,https://www.mobileciti.com.au/samsung-galaxy-a26-5g-128gb-mint,,,,https://www.amazon.com.au/dp/B0F253W4KM,#N/A
"Samsung Galaxy A26 Dual SIM 5G (6GB RAM, 128GB, Pink) - Brand New",Samsung Galaxy A Series,Samsung,,,SamGalA265G6R128Pnk-AU,,,,,,,,https://buymobile.com.au/products/samsung-galaxy-a26-dual-sim-6gb-ram-128gb-5g?variant=43178605969523,https://spectronic.com.au/product/samsung-galaxy-a26-5g-128gb-6gb-ram-peach-pink-dual-sim-global-version-sm-a2660/,,,#N/A
"Samsung Galaxy A26 Dual SIM 5G (6GB RAM, 128GB, White) - Brand New",Samsung Galaxy A Series,Samsung,,,SamGalA265G6R128Wht-AU,,,,,,,,https://buymobile.com.au/products/samsung-galaxy-a26-dual-sim-6gb-ram-128gb-5g?variant=43065918947443,https://spectronic.com.au/product/samsung-galaxy-a26-5g-128gb-6gb-ram-white-dual-sim-global-version-sm-a2660/,,https://www.amazon.com.au/dp/B0F2Q5TJD3,#N/A
"Samsung Galaxy A26 Dual SIM 5G (8GB RAM, 128GB, Black) - Brand New",Samsung Galaxy A Series,Samsung,,,SamGalA265G8R128Blk-AU,,,,,,,,https://buymobile.com.au/products/samsung-galaxy-a26-dual-sim-8gb-ram-128gb-5g?_pos=3&_sid=0e3d6c86b&_ss=r,,,,#N/A
"Samsung Galaxy A26 Dual SIM 5G (8GB RAM, 128GB, White) - Brand New",Samsung Galaxy A Series,Samsung,,,SamGalA265G8R128Wht-AU,,,,,,,,,,,,#N/A
"Samsung Galaxy A26 Dual SIM 5G (8GB RAM, 256GB, Green) - Brand New",Samsung Galaxy A Series,Samsung,,,SamGalA265G8R256Grn-AU,,,,,,,,,https://spectronic.com.au/product/samsung-galaxy-a26-5g-256gb-8gb-ram-mint-dual-sim-global-version-sm-a2660/,,,#N/A
"Samsung Galaxy A26 Dual SIM 5G (8GB RAM, 256GB, Pink) - Brand New",Samsung Galaxy A Series,Samsung,,,SamGalA265G8R256Pnk-AU,,,,,,,,https://buymobile.com.au/products/samsung-galaxy-a26-dual-sim-8gb-ram-256gb-5g?variant=43035165982835,https://spectronic.com.au/product/samsung-galaxy-a26-5g-256gb-8gb-ram-peach-pink-dual-sim-global-version-sm-a2660/,,,#N/A
"Samsung Galaxy A26 Dual SIM 5G (8GB RAM, 256GB, White) - Brand New",Samsung Galaxy A Series,Samsung,,,SamGalA265G8R256Wht-AU,,,,,,,,https://buymobile.com.au/products/samsung-galaxy-a26-dual-sim-8gb-ram-256gb-5g?variant=43035166867571,https://spectronic.com.au/product/samsung-galaxy-a26-5g-256gb-8gb-ram-white-dual-sim-global-version-sm-a2660/,,https://www.amazon.com.au/dp/B0F2YYKM9H,#N/A
"Samsung Galaxy A35 Dual SIM 5G (8GB RAM, 128GB, Awesome Ice Blue) - Brand New",Samsung Galaxy A Series,Samsung,,,GalA358R128Blu-AU,,,,,,,,https://buymobile.com.au/products/samsung-galaxy-a35-dual-sim-8gb-ram-128gb-5g?variant=41462462120051,https://spectronic.com.au/product/galaxy-a35-5g-128gb-8gb-blue-dual-sim-global-version-sm-a356e-ds/,https://bestmobilephone.com.au/samsung-galaxy-a35-8gb-128gb-5g-dual-sim-awesome-iceblue-global-version-sm-a356e-ds/,,#N/A
"Samsung Galaxy A35 Dual SIM 5G (8GB RAM, 128GB, Awesome Lemon) - Brand New",Samsung Galaxy A Series,Samsung,,,GalA358R128Lem-AU,,,,,,,,https://buymobile.com.au/products/samsung-galaxy-a35-dual-sim-8gb-ram-128gb-5g?variant=41462462185587,https://spectronic.com.au/product/galaxy-a35-5g-128gb-8gb-lemon-dual-sim-global-version-sm-a356e-ds/,https://bestmobilephone.com.au/samsung-galaxy-a35-8gb-128gb-5g-dual-sim-awesome-lemon-global-version-sm-a356e-ds/,,#N/A
"Samsung Galaxy A35 Dual SIM 5G (8GB RAM, 128GB, Awesome Lilac) - Brand New",Samsung Galaxy A Series,Samsung,,,GalA358R128Lil-AU,,,,,,,,https://buymobile.com.au/products/samsung-galaxy-a35-dual-sim-8gb-ram-128gb-5g?variant=41462462218355,https://spectronic.com.au/product/galaxy-a35-5g-128gb-8gb-lilac-dual-sim-global-version-sm-a356e-ds/,https://bestmobilephone.com.au/samsung-galaxy-a35-8gb-128gb-5g-dual-sim-awesome-lilac-global-version-sm-a356e-ds/,,#N/A
"Samsung Galaxy A35 Dual SIM 5G (8GB RAM, 128GB, Awesome Navy) - Brand New",Samsung Galaxy A Series,Samsung,,,GalA358R128Nav-AU,,,,,,,,https://buymobile.com.au/products/samsung-galaxy-a35-dual-sim-8gb-ram-128gb-5g?variant=41462481092723,https://spectronic.com.au/product/galaxy-a35-5g-128gb-8gb-navy-blue-dual-sim-global-version-sm-a356e-ds/,https://bestmobilephone.com.au/samsung-galaxy-a35-8gb-128gb-5g-dual-sim-awesome-navy-global-version-sm-a356e-ds/,,#N/A
"Samsung Galaxy A35 Dual SIM 5G (8GB RAM, 256GB, Awesome Navy) - Brand New",Samsung Galaxy A Series,Samsung,,,GalA358R256Nav-AU,,,,,,,,https://buymobile.com.au/products/samsung-galaxy-a35-dual-sim-8gb-ram-256gb-5g?variant=41462482993267,https://spectronic.com.au/product/buy-samsung-galaxy-a35-5g-256gb-8gb-navy-blue-online-in-australia/,https://bestmobilephone.com.au/samsung-galaxy-a35-8gb-256gb-5g-dual-sim-awesome-navy-global-version-sm-a356e-ds/,,#N/A
"Samsung Galaxy A36 Dual SIM 5G (12GB RAM, 256GB, Awesome Black) - Brand New",Samsung Galaxy A Series,Samsung,,,SamGalA365G12R256Blk-AU,,,,,,,,https://buymobile.com.au/products/samsung-galaxy-a36-dual-sim-8gb-ram-256gb-5g?variant=42927736881267,,,,#N/A
"Samsung Galaxy A36 Dual SIM 5G (12GB RAM, 256GB, Awesome Lime) - Brand New",Samsung Galaxy A Series,Samsung,,,SamGalA365G12R256Lim-AU,,,,,,,,https://buymobile.com.au/products/samsung-galaxy-a36-dual-sim-8gb-ram-256gb-5g?variant=42976803356787,,,,#N/A
"Samsung Galaxy A36 Dual SIM 5G (12GB RAM, 256GB, Awesome White) - Brand New",Samsung Galaxy A Series,Samsung,,,SamGalA365G12R256Wht-AU,,,,,,,,https://buymobile.com.au/products/samsung-galaxy-a36-dual-sim-8gb-ram-256gb-5g?variant=42927736914035,,,,#N/A
"Samsung Galaxy A36 Dual SIM 5G (6GB RAM, 128GB, Awesome Black) - Brand New",Samsung Galaxy A Series,Samsung,,,SamGalA365G6R128Blk-AU,,,,,,https://www.jbhifi.com.au/products/samsung-galaxy-a36-5g-128gb-awesome-black,https://www.mobileciti.com.au/samsung-galaxy-a36-5g-128gb-black,,,,,#N/A
"Samsung Galaxy A36 Dual SIM 5G (6GB RAM, 128GB, Awesome Lavender) - Brand New",Samsung Galaxy A Series,Samsung,,,SamGalA365G6R128Lav-AU,,,,,,https://www.jbhifi.com.au/products/samsung-galaxy-a36-5g-128gb-awesome-lavender,https://www.mobileciti.com.au/samsung-galaxy-a36-5g-128gb-purple,,,,,#N/A
"Samsung Galaxy A36 Dual SIM 5G (6GB RAM, 128GB, Awesome Lime) - Brand New",Samsung Galaxy A Series,Samsung,,,SamGalA365G6R128Lim-AU,,,,,,,,,,,,#N/A
"Samsung Galaxy A36 Dual SIM 5G (6GB RAM, 128GB, Awesome White) - Brand New",Samsung Galaxy A Series,Samsung,,,SamGalA365G6R128Wht-AU,,,,,,,,,,,,#N/A
"Samsung Galaxy A36 Dual SIM 5G (8GB RAM, 128GB, Awesome Black) - Brand New",Samsung Galaxy A Series,Samsung,,,SamGalA365G8R128Blk-AU,,,,,,,,https://buymobile.com.au/products/samsung-galaxy-a36-dual-sim-8gb-ram-128gb-5g?variant=42935239278707,https://spectronic.com.au/product/samsung-galaxy-a36-5g-128gb-8gb-ram-awesome-black-dual-sim-global-version-sm-a366b/,,,#N/A
"Samsung Galaxy A36 Dual SIM 5G (8GB RAM, 128GB, Awesome Lavender) - Brand New",Samsung Galaxy A Series,Samsung,,,SamGalA365G8R128Lav-AU,,,,,,,,https://buymobile.com.au/products/samsung-galaxy-a36-dual-sim-8gb-ram-128gb-5g?variant=42935239344243,https://spectronic.com.au/product/samsung-galaxy-a36-5g-128gb-8gb-ram-awesome-lavender-dual-sim-global-version-sm-a366b/,,https://www.amazon.com.au/dp/B0DYDPRHRF,#N/A
"Samsung Galaxy A36 Dual SIM 5G (8GB RAM, 128GB, Awesome Lime) - Brand New",Samsung Galaxy A Series,Samsung,,,SamGalA365G8R128Lim-AU,,,,,,,,https://buymobile.com.au/products/samsung-galaxy-a36-dual-sim-8gb-ram-128gb-5g?variant=42976785105011,https://spectronic.com.au/product/samsung-galaxy-a36-5g-128gb-8gb-ram-awesome-lime-dual-sim-global-version-sm-a366b/,,,#N/A
"Samsung Galaxy A36 Dual SIM 5G (8GB RAM, 128GB, Awesome White) - Brand New",Samsung Galaxy A Series,Samsung,,,SamGalA365G8R128Wht-AU,,,,,,,,https://buymobile.com.au/products/samsung-galaxy-a36-dual-sim-8gb-ram-128gb-5g?variant=42935239311475,,,https://www.amazon.com.au/dp/B0F1HGHMJV,#N/A
"Samsung Galaxy A36 Dual SIM 5G (8GB RAM, 256GB, Awesome Black) - Brand New",Samsung Galaxy A Series,Samsung,,,SamGalA365G8R256Blk-AU,,,,,,,,https://buymobile.com.au/products/samsung-galaxy-a36-dual-sim-8gb-ram-256gb-5g?variant=42927736881267,https://spectronic.com.au/product/samsung-galaxy-a36-5g-256gb-8gb-ram-awesome-black-dual-sim-global-version-sm-a366b/,,https://www.amazon.com.au/dp/B0F1FRFGVY,#N/A
"Samsung Galaxy A36 Dual SIM 5G (8GB RAM, 256GB, Awesome Lavender) - Brand New",Samsung Galaxy A Series,Samsung,,,SamGalA365G8R256Lav-AU,,,,,,,,https://buymobile.com.au/products/samsung-galaxy-a36-dual-sim-8gb-ram-256gb-5g?variant=42976801947763,https://spectronic.com.au/product/samsung-galaxy-a36-5g-256gb-8gb-ram-awesome-lavender-dual-sim-global-version-sm-a366b/,,,#N/A
"Samsung Galaxy A36 Dual SIM 5G (8GB RAM, 256GB, Awesome Lime) - Brand New",Samsung Galaxy A Series,Samsung,,,SamGalA365G8R256Lim-AU,,,,,,,,https://buymobile.com.au/products/samsung-galaxy-a36-dual-sim-8gb-ram-256gb-5g?variant=42976803356787,https://spectronic.com.au/product/samsung-galaxy-a36-5g-256gb-8gb-ram-awesome-lime-dual-sim-global-version-sm-a366b/,,,#N/A
"Samsung Galaxy A36 Dual SIM 5G (8GB RAM, 256GB, Awesome White) - Brand New",Samsung Galaxy A Series,Samsung,,,SamGalA365G8R256Wht-AU,,,,,,,,https://buymobile.com.au/products/samsung-galaxy-a36-dual-sim-8gb-ram-256gb-5g?variant=42927736914035,https://spectronic.com.au/product/samsung-galaxy-a36-5g-256gb-8gb-ram-awesome-white-dual-sim-global-version-sm-a366b/,,https://www.amazon.com.au/dp/B0DZHMWTP7,#N/A
"Samsung Galaxy A55 Dual SIM 5G (8GB RAM, 128GB, Awesome Ice Blue) - Brand New",Samsung Galaxy A Series,Samsung,,,GalA558R128Blu-AU,,,,,,,,,https://spectronic.com.au/product/galaxy-a55-5g-128gb-8gb-blue-dual-sim-global-version-sm-a556/,https://bestmobilephone.com.au/samsung-galaxy-a55-8gb-128gb-5g-dual-sim-esim-awesome-iceblue-global-version-sm-a556e-ds/,,#N/A
"Samsung Galaxy A55 Dual SIM 5G (8GB RAM, 128GB, Awesome Lemon) - Brand New",Samsung Galaxy A Series,Samsung,,,GalA558R128Lem-AU,,,,,,,,,https://spectronic.com.au/product/galaxy-a55-5g-128gb-8gb-yellow-dual-sim-global-version-sm-a5560/,,,#N/A
"Samsung Galaxy A55 Dual SIM 5G (8GB RAM, 128GB, Awesome Lilac) - Brand New",Samsung Galaxy A Series,Samsung,,,GalA558R128Lil-AU,,,,,,https://www.jbhifi.com.au/products/samsung-galaxy-a55-5g-128gb-awesome-lilac,https://www.mobileciti.com.au/samsung-galaxy-a55-5g-lilac,https://buymobile.com.au/products/samsung-galaxy-a55-8gb-ram-128gb-5g?variant=41558713270387,https://spectronic.com.au/product/galaxy-a55-5g-128gb-8gb-lilac-dual-sim-global-version-sm-a5560/,https://bestmobilephone.com.au/samsung-galaxy-a55-8gb-128gb-5g-dual-sim-esim-awesome-lilac-global-version-sm-a556e-ds/,,#N/A
"Samsung Galaxy A55 Dual SIM 5G (8GB RAM, 128GB, Awesome Navy) - Brand New",Samsung Galaxy A Series,Samsung,,,GalA558R128Nav-AU,,,,,,https://www.jbhifi.com.au/products/samsung-galaxy-a55-5g-128gb-awesome-navy,https://www.mobileciti.com.au/samsung-galaxy-a55-5g-navy,https://buymobile.com.au/products/samsung-galaxy-a55-8gb-ram-128gb-5g?variant=41558713303155,https://spectronic.com.au/product/galaxy-a55-5g-128gb-8gb-navy-blue-dual-sim-global-version-sm-a5560/,https://bestmobilephone.com.au/samsung-galaxy-a55-8gb-128gb-5g-dual-sim-esim-awesome-navy-global-version-sm-a556e-ds/,,#N/A
"Samsung Galaxy A55 Dual SIM 5G (8GB RAM, 256GB, Awesome Ice Blue) - Brand New",Samsung Galaxy A Series,Samsung,,,GalA558R256Blu-AU,,,,,,,,https://buymobile.com.au/products/samsung-galaxy-a55-dual-sim-8gb-ram-256gb-5g?variant=41462644801651,https://spectronic.com.au/product/galaxy-a55-5g-256gb-8gb-blue-dual-sim-global-version-sm-a556/,https://bestmobilephone.com.au/samsung-galaxy-a55-8gb-256gb-5g-dual-sim-esim-awesome-iceblue-global-version-sm-a556e-ds/,,#N/A
"Samsung Galaxy A55 Dual SIM 5G (8GB RAM, 256GB, Awesome Lemon) - Brand New",Samsung Galaxy A Series,,,,GalA558R256Lem-AU,,,,,,,,https://buymobile.com.au/products/samsung-galaxy-a55-dual-sim-8gb-ram-256gb-5g?variant=41533279338611,https://spectronic.com.au/product/galaxy-a55-5g-25gb-8gb-yellow-dual-sim-global-version-sm-a556/,,,#N/A
"Samsung Galaxy A55 Dual SIM 5G (8GB RAM, 256GB, Awesome Lilac) - Brand New",Samsung Galaxy A Series,Samsung,,,GalA558R256Lil-AU,,,,,,,,https://buymobile.com.au/products/samsung-galaxy-a55-dual-sim-8gb-ram-256gb-5g?variant=41462644834419,https://spectronic.com.au/product/galaxy-a55-5g-256gb-8gb-lilac-dual-sim-global-version-sm-a556/,https://bestmobilephone.com.au/samsung-galaxy-a55-8gb-256gb-5g-dual-sim-esim-awesome-lilac-global-version-sm-a556e-ds/,,#N/A
"Samsung Galaxy A55 Dual SIM 5G (8GB RAM, 256GB, Awesome Navy) - Brand New",Samsung Galaxy A Series,Samsung,,,GalA558R256Nav-AU,,,,,,,,https://buymobile.com.au/products/samsung-galaxy-a55-dual-sim-8gb-ram-256gb-5g?variant=41462644867187,https://spectronic.com.au/product/galaxy-a55-5g-256gb-8gb-navy-blue-dual-sim-global-version-sm-a556/,https://bestmobilephone.com.au/samsung-galaxy-a55-8gb-256gb-5g-dual-sim-esim-awesome-navy-global-version-sm-a556e-ds/,,#N/A
"Samsung Galaxy A56 Dual SIM 5G (12GB RAM, 256GB, Awesome Graphite) - Brand New",Samsung Galaxy A Series,Samsung,,,SamGalA565G12R256Grp-AU,,,,,,,,https://buymobile.com.au/products/samsung-galaxy-a56-dual-sim-12gb-ram-256gb-5g?variant=42927737110643,https://spectronic.com.au/product/samsung-galaxy-a56-5g-256gb-12gb-ram-awesome-graphite-dual-sim-global-version-sm-a5660/,https://bestmobilephone.com.au/samsung-galaxy-a56-12gb-256gb-5g-dual-sim-awesome-graphite-global-version/,https://www.amazon.com.au/dp/B0F1DRYXKF,#N/A
"Samsung Galaxy A56 Dual SIM 5G (12GB RAM, 256GB, Awesome Lightgray) - Brand New",Samsung Galaxy A Series,Samsung,,,SamGalA565G12R256Gry-AU,,,,,,,,https://buymobile.com.au/products/samsung-galaxy-a56-dual-sim-12gb-ram-256gb-5g?variant=42927737143411,https://spectronic.com.au/product/samsung-galaxy-a56-5g-256gb-12gb-ram-awesome-lightgray-dual-sim-global-version-sm-a5660/,https://bestmobilephone.com.au/samsung-galaxy-a56-12gb-256gb-5g-dual-sim-awesome-lightgray-global-version/,https://www.amazon.com.au/dp/B0F2YJGS92,#N/A
"Samsung Galaxy A56 Dual SIM 5G (12GB RAM, 256GB, Awesome Olive) - Brand New",Samsung Galaxy A Series,Samsung,,,SamGalA565G12R256Olv-AU,,,,,,,,https://buymobile.com.au/products/samsung-galaxy-a56-dual-sim-12gb-ram-256gb-5g?variant=42927737208947,https://spectronic.com.au/product/samsung-galaxy-a56-5g-256gb-12gb-ram-awesome-olive-dual-sim-global-version-sm-a5660/,https://bestmobilephone.com.au/samsung-galaxy-a56-12gb-256gb-5g-dual-sim-awesome-olive-global-version/,,#N/A
"Samsung Galaxy A56 Dual SIM 5G (12GB RAM, 256GB, Awesome Pink) - Brand New",Samsung Galaxy A Series,Samsung,,,SamGalA565G12R256Pnk-AU,,,,,,,,https://buymobile.com.au/products/samsung-galaxy-a56-dual-sim-12gb-ram-256gb-5g?variant=42927737176179,,,,#N/A
"Samsung Galaxy A56 Dual SIM 5G (8GB RAM, 128GB, Awesome Graphite) - Brand New",Samsung Galaxy A Series,Samsung,,,SamGalA565G8R128Grp-AU,,,,,,https://www.jbhifi.com.au/products/samsung-galaxy-a56-5g-128gb-awesome-graphite,https://www.mobileciti.com.au/samsung-galaxy-a56-5g-128gb-black,https://buymobile.com.au/products/samsung-galaxy-a56-dual-sim-8gb-ram-128gb-5g?variant=42927738749043,,,https://www.amazon.com.au/dp/B0DZHPP7DL,#N/A
"Samsung Galaxy A56 Dual SIM 5G (8GB RAM, 128GB, Awesome Lightgray) - Brand New",Samsung Galaxy A Series,Samsung,,,SamGalA565G8R128Gry-AU,,,,,,,,https://buymobile.com.au/products/samsung-galaxy-a56-dual-sim-8gb-ram-128gb-5g?variant=42927738781811,https://spectronic.com.au/product/samsung-galaxy-a56-5g-128gb-8gb-ram-awesome-lightgray-dual-sim-global-version-sm-a5660/,,https://www.amazon.com.au/dp/B0DZHLFGM7,#N/A
"Samsung Galaxy A56 Dual SIM 5G (8GB RAM, 128GB, Awesome Olive) - Brand New",Samsung Galaxy A Series,,,,SamGalA565G8R128Olv-AU,,,,,,https://www.jbhifi.com.au/products/samsung-galaxy-a56-5g-128gb-awesome-olive,https://www.mobileciti.com.au/samsung-galaxy-a56-5g-128gb-green,,https://spectronic.com.au/product/samsung-galaxy-a56-5g-128gb-8gb-ram-awesome-olive-dual-sim-global-version-sm-a5660/,,,#N/A
"Samsung Galaxy A56 Dual SIM 5G (8GB RAM, 128GB, Awesome Pink) - Brand New",Samsung Galaxy A Series,,,,SamGalA565G8R128Pnk-AU,,,,,,,,https://buymobile.com.au/products/samsung-galaxy-a56-dual-sim-8gb-ram-128gb-5g?variant=42927738814579,https://spectronic.com.au/product/samsung-galaxy-a56-5g-128gb-8gb-ram-awesome-pink-dual-sim-global-version-sm-a5660/,,,#N/A
"Samsung Galaxy A56 Dual SIM 5G (8GB RAM, 256GB, Awesome Graphite) - Brand New",Samsung Galaxy A Series,Samsung,,,SamGalA565G8R256Grp-AU,,,,,,,,https://buymobile.com.au/products/samsung-galaxy-a56-dual-sim-8gb-ram-256gb-5g?variant=42927737241715,https://spectronic.com.au/product/samsung-galaxy-a56-5g-256gb-8gb-ram-awesome-graphite-dual-sim-global-version-sm-a5660/,,https://www.amazon.com.au/dp/B0F1FRL5HX,#N/A
"Samsung Galaxy A56 Dual SIM 5G (8GB RAM, 256GB, Awesome Lightgray) - Brand New",Samsung Galaxy A Series,Samsung,,,SamGalA565G8R256Gry-AU,,,,,,,,https://buymobile.com.au/products/samsung-galaxy-a56-dual-sim-8gb-ram-256gb-5g?variant=42927737274483,https://spectronic.com.au/product/samsung-galaxy-a56-5g-256gb-8gb-ram-awesome-lightgray-dual-sim-global-version-sm-a5660/,,https://www.amazon.com.au/dp/B0DXR38YH2,#N/A
"Samsung Galaxy A56 Dual SIM 5G (8GB RAM, 256GB, Awesome Olive) - Brand New",Samsung Galaxy A Series,Samsung,,,SamGalA565G8R256Olv-AU,,,,,,,,https://buymobile.com.au/products/samsung-galaxy-a56-dual-sim-8gb-ram-256gb-5g?variant=42927737897075,https://spectronic.com.au/product/samsung-galaxy-a56-5g-256gb-8gb-ram-awesome-olive-dual-sim-global-version-sm-a5660-2/,,,#N/A
"Samsung Galaxy A56 Dual SIM 5G (8GB RAM, 256GB, Awesome Pink) - Brand New",Samsung Galaxy A Series,Samsung,,,SamGalA565G8R256Pnk-AU,,,,,,,,https://buymobile.com.au/products/samsung-galaxy-a56-dual-sim-8gb-ram-256gb-5g?variant=42927737307251,https://spectronic.com.au/product/samsung-galaxy-a56-5g-256gb-8gb-ram-awesome-pink-dual-sim-global-version-sm-a5660/,,https://www.amazon.com.au/dp/B0DFVFMJZ9,#N/A
Samsung Galaxy Fit3 R390 (Dark Gray) - Brand New,Samsung Galaxy Fit,Samsung,,,SamGalFit3R390Gry-AU,,,,,,https://www.jbhifi.com.au/products/samsung-galaxy-fit3-grey,https://www.mobileciti.com.au/samsung-galaxy-watch-fit3-bluetooth-40mm-sm-r390nzaaxsa-grey,https://buymobile.com.au/products/samsung-galaxy-fit3-r390?variant=42935362715763,,,https://www.amazon.com.au/dp/B0CVQ5C2ZZ,#N/A
Samsung Galaxy Fit3 R390 (Pink Gold) - Brand New,Samsung Galaxy Fit,Samsung,,,SamGalFit3R390Pnk-AU,,,,,,https://www.jbhifi.com.au/products/samsung-galaxy-fit3-gold-with-pink-band,https://www.mobileciti.com.au/samsung-galaxy-fit3-watch-bluetooth-40mm-sm-r390nidaxsa-pink-gold,https://buymobile.com.au/products/samsung-galaxy-fit3-r390?variant=42935362682995,,,https://www.amazon.com.au/dp/B0CVQFF6JJ,#N/A
Samsung Galaxy Fit3 R390 (Silver) - Brand New,Samsung Galaxy Fit,Samsung,,,SamGalFit3R390Slv-AU,,,,,,,,https://buymobile.com.au/products/samsung-galaxy-fit3-r390?variant=42935362650227,,,https://www.amazon.com.au/dp/B0CVNXMP6T,#N/A
"Samsung Galaxy M55 Dual SIM (8GB RAM, 128GB, Black) - Brand New",Samsung Galaxy M Series,Samsung,,,SamGalM558R128Blk-AU,,,,,,,,,,,,#N/A
"Samsung Galaxy M55 Dual SIM (8GB RAM, 128GB, Light Green) - Brand New",Samsung Galaxy M Series,Samsung,,,SamGalM558R128Grn-AU,,,,,,,,,,,https://www.amazon.com.au/dp/B0CYQ2RYVF,#N/A
"Samsung Galaxy M55 Dual SIM (8GB RAM, 256GB, Black) - Brand New",Samsung Galaxy M Series,Samsung,,,SamGalM558R256Blk-AU,,,,,,,,,,,https://www.amazon.com.au/dp/‎B0CZ29NQN4,#N/A
"Samsung Galaxy M55 Dual SIM (8GB RAM, 256GB, Light Green) - Brand New",Samsung Galaxy M Series,Samsung,,,SamGalM558R256Grn-AU,,,,,,,,,,,,#N/A
"Samsung Galaxy S22+ Plus 5G (8GB RAM, 128GB, Phantom Black) Australian Stock - Brand New",Samsung Galaxy S22 Series,Samsung,,,SG22+AS5G8R128GBlkNEW-AU,,,,,,,https://www.mobileciti.com.au/samsung-galaxy-s22-plus-128gb-black,,,,,#N/A
"Samsung Galaxy S22+ Plus 5G (8GB RAM, 128GB, Phantom White) Australian Stock - Brand New",Samsung Galaxy S22 Series,Samsung,,,SG22+AS5G8R128GWhtNEW-AU,,,,,,,,,,,,#N/A
"Samsung Galaxy S22+ Plus 5G (8GB RAM, 128GB, Pink Gold Australian Stock - Brand New",Samsung Galaxy S22 Series,Samsung,,,SG22+AS5G8R128GPgldNEW-AU,,,,,,,,,,,,#N/A
"Samsung Galaxy S22+ Plus 5G (8GB RAM, 256GB, Green) Australian Stock - Brand New",Samsung Galaxy S22 Series,Samsung,,,SG22+AS5G8R256GGrnNEW-AU,,,,,,,,,,,,#N/A
"Samsung Galaxy S22+ Plus 5G (8GB RAM, 256GB, Phantom Black) Australian Stock - Brand New",Samsung Galaxy S22 Series,Samsung,,,SG22+AS5G8R256GBlkNEW-AU,,,,,,,,,,,,#N/A
"Samsung Galaxy S22+ Plus 5G (8GB RAM, 256GB, Phantom White) Australian Stock - Brand New",Samsung Galaxy S22 Series,Samsung,,,SG22+AS5G8R256GWhtNEW-AU,,,,,,,,,,,,#N/A
"Samsung Galaxy S22+ Plus 5G (8GB RAM, 256GB, Pink Gold Australian Stock - Brand New",Samsung Galaxy S22 Series,Samsung,,,SG22+AS5G8R256GPgldNEW-AU,,,,,,,,,,,,#N/A
"Samsung Galaxy S24 5G (8GB RAM, 256GB, Amber Yellow) - Brand New",Samsung Galaxy S24 Series,Samsung,,,GalS248R256Ylw-AU,,,,,,https://www.jbhifi.com.au/products/samsung-galaxy-s24-5g-256gb-amber-yellow,https://www.mobileciti.com.au/samsung-galaxy-s24-5g-256gb-yellow,https://buymobile.com.au/collections/samsung-galaxy-s24-series/products/samsung-galaxy-s24-dual-sim-8gb-ram-256gb-5g?variant=41212242690163,https://spectronic.com.au/product/galaxy-s24-5g-256gb-8gb-ram-yellow-dual-sim-global-version-sm-s9210/,,https://www.amazon.com.au/dp/B0CNH5NYJP,765.22
"Samsung Galaxy S24 5G (8GB RAM, 256GB, Cobalt Violet) - Brand New",Samsung Galaxy S24 Series,Samsung,,,GalS248R256Vio-AU,,,,,,https://www.jbhifi.com.au/products/samsung-galaxy-s24-5g-256gb-cobalt-violet,https://www.mobileciti.com.au/samsung-galaxy-s24-5g-256gb-purple,https://buymobile.com.au/collections/samsung-galaxy-s24-series/products/samsung-galaxy-s24-dual-sim-8gb-ram-256gb-5g?variant=41212242657395,https://spectronic.com.au/product/galaxy-s24-5g-256gb-8gb-ram-violet-dual-sim-global-version-sm-s9210/,https://bestmobilephone.com.au/samsung-galaxy-s24-5g-dual-sim-8gb-256gb-cobalt-violet-sm-s9210/,https://www.amazon.com.au/dp/B0CQM5JDHV,
"Samsung Galaxy S24 5G (8GB RAM, 256GB, Marble Grey) - Brand New",Samsung Galaxy S24 Series,Samsung,,,GalS248R256Gry-AU,,,,,,https://www.jbhifi.com.au/products/samsung-galaxy-s24-5g-256gb-marble-grey,https://www.mobileciti.com.au/samsung-galaxy-s24-5g-256gb-grey,https://buymobile.com.au/collections/samsung-galaxy-s24-series/products/samsung-galaxy-s24-dual-sim-8gb-ram-256gb-5g?variant=41212242624627,https://spectronic.com.au/product/galaxy-s24-5g-256gb-8gb-ram-grey-dual-sim-global-version-sm-s9210/,,https://www.amazon.com.au/dp/B0CSP97XGN,#N/A
"Samsung Galaxy S24 5G (8GB RAM, 256GB, Onyx Black) - Brand New",Samsung Galaxy S24 Series,Samsung,,,GalS248R256Blk-AU,,,,,,https://www.jbhifi.com.au/products/samsung-galaxy-s24-5g-256gb-onyx-black-1,https://www.mobileciti.com.au/samsung-galaxy-s24-5g-256gb-black,https://buymobile.com.au/collections/samsung-galaxy-s24-series/products/samsung-galaxy-s24-dual-sim-8gb-ram-256gb-5g?variant=41212242591859,https://spectronic.com.au/product/galaxy-s24-5g-256gb-8gb-ram-black-dual-sim-global-version-sm-s9210/,,https://www.amazon.com.au/dp/B0CQM8LNPL,
"Samsung Galaxy S24 5G (8GB RAM, 512GB, Amber Yellow) - Brand New",Samsung Galaxy S24 Series,Samsung,,,GalS248R512Ylw-AU,,,,,,https://www.jbhifi.com.au/products/samsung-galaxy-s24-5g-512gb-amber-yellow,https://www.mobileciti.com.au/samsung-galaxy-s24-5g-512gb-yellow,https://buymobile.com.au/collections/samsung-galaxy-s24-series/products/samsung-galaxy-s24-8gb-ram-512gb-5g?variant=41222931939443,,,,#N/A
"Samsung Galaxy S24 5G (8GB RAM, 512GB, Cobalt Violet) - Brand New",Samsung Galaxy S24 Series,Samsung,,,GalS248R512Vio-AU,,,,,,https://www.jbhifi.com.au/products/samsung-galaxy-s24-5g-512gb-cobalt-violet,https://www.mobileciti.com.au/samsung-galaxy-s24-5g-512gb-violet,https://buymobile.com.au/collections/samsung-galaxy-s24-series/products/samsung-galaxy-s24-8gb-ram-512gb-5g?variant=41222931906675,,https://bestmobilephone.com.au/samsung-galaxy-s24-5g-dual-sim-8gb-512gb-cobalt-violet-sm-s9210/,,#N/A
"Samsung Galaxy S24 5G (8GB RAM, 512GB, Marble Grey) - Brand New",Samsung Galaxy S24 Series,Samsung,,,GalS248R512Gry-AU,,,,,,https://www.jbhifi.com.au/products/samsung-galaxy-s24-5g-512gb-marble-grey,https://www.mobileciti.com.au/samsung-galaxy-s24-5g-512gb-grey,https://buymobile.com.au/collections/samsung-galaxy-s24-series/products/samsung-galaxy-s24-8gb-ram-512gb-5g?variant=41222931873907,,https://bestmobilephone.com.au/samsung-galaxy-s24-5g-dual-sim-8gb-512gb-marble-gray-sm-s9210/,,#N/A
"Samsung Galaxy S24 5G (8GB RAM, 512GB, Onyx Black) - Brand New",Samsung Galaxy S24 Series,Samsung,,,GalS248R512Blk-AU,,,,,,https://www.jbhifi.com.au/products/samsung-galaxy-s24-5g-512gb-onyx-black,https://www.mobileciti.com.au/samsung-galaxy-s24-5g-512gb-black,https://buymobile.com.au/collections/samsung-galaxy-s24-series/products/samsung-galaxy-s24-8gb-ram-512gb-5g?variant=41222931841139,,,,#N/A
"Samsung Galaxy S24 FE Dual SIM 5G (8GB RAM, 128GB, Blue) - Brand New",Samsung Galaxy S24 Series,Samsung,,,GalS24FE8R128Blu-AU,,,,,,https://www.jbhifi.com.au/products/samsung-galaxy-s24-fe-5g-128gb-blue,https://www.mobileciti.com.au/samsung-galaxy-s24-fe-5g-128gb-blue,,,,https://www.amazon.com.au/dp/B0DSLZBQ34,
"Samsung Galaxy S24 FE Dual SIM 5G (8GB RAM, 128GB, Graphite) - Brand New",Samsung Galaxy S24 Series,Samsung,,,GalS24FE8R128Grp-AU,,,,,,https://www.jbhifi.com.au/products/samsung-galaxy-s24-fe-5g-128gb-graphite,https://www.mobileciti.com.au/samsung-galaxy-s24-fe-128gb-black,,,,https://www.amazon.com.au/dp/B0DJB442RS,758.54
"Samsung Galaxy S24 FE Dual SIM 5G (8GB RAM, 128GB, Gray) - Brand New",Samsung Galaxy S24 Series,Samsung,,,GalS24FE8R128Gry-AU,,,,,,,,,,,https://www.amazon.com.au/dp/B0DSM1DN5P,
"Samsung Galaxy S24 FE Dual SIM 5G (8GB RAM, 128GB, Mint) - Brand New",Samsung Galaxy S24 Series,Samsung,,,GalS24FE8R128Mnt-AU,,,,,,https://www.jbhifi.com.au/products/samsung-galaxy-s24-fe-5g-128gb-mint,https://www.mobileciti.com.au/samsung-galaxy-s24-fe-5g-128gb-mint,,,,,#N/A
"Samsung Galaxy S24 FE Dual SIM 5G (8GB RAM, 256GB, Blue) - Brand New",Samsung Galaxy S24 Series,Samsung,,,GalS24FE8R256Blu-AU,,,,,,https://www.jbhifi.com.au/products/samsung-galaxy-s24-fe-5g-256gb-blue,https://www.mobileciti.com.au/samsung-galaxy-s24-fe-5g-256gb-blue,https://buymobile.com.au/products/samsung-galaxy-s24-fe-dual-sim-8gb-ram-256gb-5g?variant=42362373668979,https://spectronic.com.au/product/galaxy-s24-fe-5g-256gb-8gb-ram-blue-dual-sim-global-version/,https://bestmobilephone.com.au/samsung-galaxy-s24-fe-5g-dual-sim-8gb-256gb-blue-sm-s721b-ds/,https://www.amazon.com.au/dp/B0DJB3QW71,
"Samsung Galaxy S24 FE Dual SIM 5G (8GB RAM, 256GB, Graphite) - Brand New",Samsung Galaxy S24 Series,Samsung,,,GalS24FE8R256Grp-AU,,,,,,https://www.jbhifi.com.au/products/samsung-galaxy-s24-fe-5g-256gb-graphite,https://www.mobileciti.com.au/samsung-galaxy-s24-fe-5g-256gb-graphite,https://buymobile.com.au/products/samsung-galaxy-s24-fe-dual-sim-8gb-ram-256gb-5g?variant=42362330153075,https://spectronic.com.au/product/samsung-galaxy-s24-fe-5g-256gb-8gb-ram-graphite-dual-sim-global-version/,https://bestmobilephone.com.au/samsung-galaxy-s24-fe-5g-dual-sim-8gb-256gb-graphite-sm-s721b-ds/,https://www.amazon.com.au/dp/B0DHKN3HV4,
"Samsung Galaxy S24 FE Dual SIM 5G (8GB RAM, 256GB, Gray) - Brand New",Samsung Galaxy S24 Series,Samsung,,,GalS24FE8R256Gry-AU,,,,,,,,https://buymobile.com.au/products/samsung-galaxy-s24-fe-dual-sim-8gb-ram-256gb-5g?variant=42362330087539,https://spectronic.com.au/product/samsung-galaxy-s24-fe-5g-256gb-8gb-ram-gray-dual-sim-global-version/,https://bestmobilephone.com.au/samsung-galaxy-s24-fe-5g-dual-sim-8gb-256gb-gray-sm-s721b-ds/,https://www.amazon.com.au/dp/B0DJ5SDGCQ,#N/A
"Samsung Galaxy S24 FE Dual SIM 5G (8GB RAM, 256GB, Mint) - Brand New",Samsung Galaxy S24 Series,Samsung,,,GalS24FE8R256Mnt-AU,,,,,,https://www.jbhifi.com.au/products/samsung-galaxy-s24-fe-5g-256gb-mint,https://www.mobileciti.com.au/samsung-galaxy-s24-fe-5g-256gb-mint,https://buymobile.com.au/products/samsung-galaxy-s24-fe-dual-sim-8gb-ram-256gb-5g?variant=42362330120307,https://spectronic.com.au/product/samsung-galaxy-s24-fe-5g-256gb-8gb-ram-mint-dual-sim-global-version/,https://bestmobilephone.com.au/samsung-galaxy-s24-fe-5g-dual-sim-8gb-256gb-mint-sm-s721b-ds/,,#N/A
"Samsung Galaxy S24 FE Dual SIM 5G (8GB RAM, 512GB, Mint) - Brand New",Samsung Galaxy S24 Series,Samsung,,,GalS24FE8R512Mnt-AU,,,,,,,,,,,,#N/A
"Samsung Galaxy S24 Ultra 5G (12GB RAM, 1TB, Titanium Black) - Brand New",Samsung Galaxy S24 Series,Samsung,,,GalS24Ult12R1TBBlk-AU,,,,,,https://www.jbhifi.com.au/products/samsung-galaxy-s24-ultra-5g-1tb-titanium-black,https://www.mobileciti.com.au/samsung-galaxy-s24-ultra-5g-1tb-black,,,,https://www.amazon.com.au/dp/B0CQM4CP7N,
"Samsung Galaxy S24 Ultra 5G (12GB RAM, 1TB, Titanium Blue) - Brand New",Samsung Galaxy S24 Series,Samsung,,,GalS24Ult12R1TBBlu-AU,,,,,,,,,,,,#N/A
"Samsung Galaxy S24 Ultra 5G (12GB RAM, 1TB, Titanium Grey) - Brand New",Samsung Galaxy S24 Series,Samsung,,,GalS24Ult12R1TBGry-AU,,,,,,https://www.jbhifi.com.au/products/samsung-galaxy-s24-ultra-5g-1tb-titanium-grey,https://www.mobileciti.com.au/samsung-galaxy-s24-ultra-5g-dual-sim-6-8-sm-s928-1tb-grey,,,,https://www.amazon.com.au/dp/B0CQMFPHVW,
"Samsung Galaxy S24 Ultra 5G (12GB RAM, 1TB, Titanium Orange) - Brand New",Samsung Galaxy S24 Series,Samsung,,,GalS24Ult12R1TBOrg-AU,,,,,,,,,,,,#N/A
"Samsung Galaxy S24 Ultra 5G (12GB RAM, 1TB, Titanium Violet) - Brand New",Samsung Galaxy S24 Series,Samsung,,,GalS24Ult12R1TBVio-AU,,,,,,https://www.jbhifi.com.au/products/samsung-galaxy-s24-ultra-5g-1tb-titanium-violet,https://www.mobileciti.com.au/samsung-galaxy-s24-ultra-5g-1tb-purple,,,,https://www.amazon.com.au/dp/B0CQM55N85,
"Samsung Galaxy S24 Ultra 5G (12GB RAM, 1TB, Titanium Yellow) - Brand New",Samsung Galaxy S24 Series,Samsung,,,GalS24Ult12R1TBYlw-AU,,,,,,https://www.jbhifi.com.au/products/samsung-galaxy-s24-ultra-5g-1tb-titanium-yellow,https://www.mobileciti.com.au/samsung-galaxy-s24-ultra-5g-1tb-yellow,,,,https://www.amazon.com.au/dp/B0CQLYSPND,
"Samsung Galaxy S24 Ultra 5G (12GB RAM, 256GB, Titanium Black) - Brand New",Samsung Galaxy S24 Series,Samsung,,,GalS24Ult12R256GBBlk-AU,,,,,,https://www.jbhifi.com.au/products/samsung-galaxy-s24-ultra-5g-256gb-titanium-black,https://www.mobileciti.com.au/samsung-galaxy-s24-ultra-5g-256gb-black,https://buymobile.com.au/collections/samsung-galaxy-s24-series/products/samsung-galaxy-s24-ultra-dual-sim-12gb-ram-256gb-5g?variant=41212388573299,,https://bestmobilephone.com.au/samsung-galaxy-s24-ultra-5g-dual-sim-12gb-256gb-titanium-black-sm-s9280/,https://www.amazon.com.au/dp/B0CQM4VPCM,
"Samsung Galaxy S24 Ultra 5G (12GB RAM, 256GB, Titanium Grey) - Brand New",Samsung Galaxy S24 Series,Samsung,,,GalS24Ult12R256GBGry-AU,,,,,,https://www.jbhifi.com.au/products/samsung-galaxy-s24-ultra-5g-256gb-titanium-grey,https://www.mobileciti.com.au/samsung-galaxy-s24-ultra-5g-256gb-grey,https://buymobile.com.au/collections/samsung-galaxy-s24-series/products/samsung-galaxy-s24-ultra-dual-sim-12gb-ram-256gb-5g?variant=41212388606067,,https://bestmobilephone.com.au/samsung-galaxy-s24-ultra-5g-dual-sim-12gb-256gb-titanium-gray-sm-s9280/,,#N/A
"Samsung Galaxy S24 Ultra 5G (12GB RAM, 256GB, Titanium Violet) - Brand New",Samsung Galaxy S24 Series,Samsung,,,GalS24Ult12R256GBVio-AU,,,,,,https://www.jbhifi.com.au/products/samsung-galaxy-s24-ultra-5g-256gb-titanium-violet,https://www.mobileciti.com.au/samsung-galaxy-s24-ultra-5g-256gb-purple,https://buymobile.com.au/collections/samsung-galaxy-s24-series/products/samsung-galaxy-s24-ultra-dual-sim-12gb-ram-256gb-5g?variant=41212388638835,,https://bestmobilephone.com.au/samsung-galaxy-s24-ultra-5g-dual-sim-12gb-256gb-titanium-violet-sm-s9280/,https://www.amazon.com.au/dp/B0CQMTHRHB,
"Samsung Galaxy S24 Ultra 5G (12GB RAM, 256GB, Titanium Yellow) - Brand New",Samsung Galaxy S24 Series,Samsung,,,GalS24Ult12R256GBYlw-AU,,,,,,https://www.jbhifi.com.au/products/samsung-galaxy-s24-ultra-5g-256gb-titanium-yellow,https://www.mobileciti.com.au/samsung-galaxy-s24-ultra-5g-256gb-yellow,https://buymobile.com.au/collections/samsung-galaxy-s24-series/products/samsung-galaxy-s24-ultra-dual-sim-12gb-ram-256gb-5g?variant=41212388671603,,https://bestmobilephone.com.au/samsung-galaxy-s24-ultra-5g-dual-sim-12gb-256gb-titanium-yellow-sm-s9280/,https://www.amazon.com.au/dp/B0CQM4LFPB,
"Samsung Galaxy S24 Ultra 5G (12GB RAM, 512GB, Titanium Black) - Brand New",Samsung Galaxy S24 Series,Samsung,,,GalS24Ult12R512GBBlk-AU,,,,,,https://www.jbhifi.com.au/products/samsung-galaxy-s24-ultra-5g-512gb-titanium-black,https://www.mobileciti.com.au/samsung-galaxy-s24-ultra-5g-512gb-black,https://buymobile.com.au/collections/samsung-galaxy-s24-series/products/samsung-galaxy-s24-ultra-dual-sim-12gb-ram-512gb-5g?variant=41212403810419,https://spectronic.com.au/product/galaxy-s24-ultra-5g-512gb-12gb-ram-black-dual-sim-global-version-sm-s9280/,https://bestmobilephone.com.au/samsung-galaxy-s24-ultra-5g-dual-sim-12gb-512gb-titanium-black-sm-s9280/,https://www.amazon.com.au/dp/B0CQMLLFTD,
"Samsung Galaxy S24 Ultra 5G (12GB RAM, 512GB, Titanium Green) - Brand New",Samsung Galaxy S24 Series,Samsung,,,GalS24Ult12R512GBGrn-AU,,,,,,,,,,,,#N/A
"Samsung Galaxy S24 Ultra 5G (12GB RAM, 512GB, Titanium Grey) - Brand New",Samsung Galaxy S24 Series,Samsung,,,GalS24Ult12R512GBGry-AU,,,,,,https://www.jbhifi.com.au/products/samsung-galaxy-s24-ultra-5g-512gb-titanium-grey,https://www.mobileciti.com.au/samsung-galaxy-s24-ultra-5g-dual-sim-6-8-sm-s928-512gb-grey,https://buymobile.com.au/collections/samsung-galaxy-s24-series/products/samsung-galaxy-s24-ultra-dual-sim-12gb-ram-512gb-5g?variant=41212403843187,https://spectronic.com.au/product/galaxy-s24-ultra-5g-512gb-12gb-ram-grey-dual-sim-global-version-sm-s9280/,https://bestmobilephone.com.au/samsung-galaxy-s24-ultra-5g-dual-sim-12gb-512gb-titanium-gray-sm-s9280/,https://www.amazon.com.au/dp/B0CQM4R6RR,
"Samsung Galaxy S24 Ultra 5G (12GB RAM, 512GB, Titanium Violet) - Brand New",Samsung Galaxy S24 Series,Samsung,,,GalS24Ult12R512GBVio-AU,,,,,,https://www.jbhifi.com.au/products/samsung-galaxy-s24-ultra-5g-512gb-titanium-violet,https://www.mobileciti.com.au/samsung-galaxy-s24-ultra-5g-512gb-purple,https://buymobile.com.au/collections/samsung-galaxy-s24-series/products/samsung-galaxy-s24-ultra-dual-sim-12gb-ram-512gb-5g?variant=41212403875955,https://spectronic.com.au/product/galaxy-s24-ultra-5g-512gb-12gb-ram-violet-dual-sim-global-version-sm-s9280/,https://bestmobilephone.com.au/samsung-galaxy-s24-ultra-5g-dual-sim-12gb-512gb-titanium-violet-sm-s9280/,https://www.amazon.com.au/dp/B0CQM5RW53,
"Samsung Galaxy S24 Ultra 5G (12GB RAM, 512GB, Titanium Yellow) - Brand New",Samsung Galaxy S24 Series,Samsung,,,GalS24Ult12R512GBYlw-AU,,,,,,https://www.jbhifi.com.au/products/samsung-galaxy-s24-ultra-5g-512gb-titanium-yellow,https://www.mobileciti.com.au/samsung-galaxy-s24-ultra-5g-512gb-yellow,https://buymobile.com.au/collections/samsung-galaxy-s24-series/products/samsung-galaxy-s24-ultra-dual-sim-12gb-ram-512gb-5g?variant=41212403908723,https://spectronic.com.au/product/galaxy-s24-ultra-5g-512gb-12gb-ram-yellow-dual-sim-global-version-sm-s9280/,https://bestmobilephone.com.au/samsung-galaxy-s24-ultra-5g-dual-sim-12gb-512gb-titanium-yellow-sm-s9280/,https://www.amazon.com.au/dp/B0CQMBN4J5,
"Samsung Galaxy S24+ 5G (12GB RAM, 256GB, Amber Yellow) - Brand New",Samsung Galaxy S24 Series,Samsung,,,GalS24Pls12R2566Ylw-AU,,,,,,https://www.jbhifi.com.au/products/samsung-galaxy-s24-5g-256gb-amber-yellow-1,https://www.mobileciti.com.au/samsung-galaxy-s24-plus-5g-dual-sim-6-7-sm-s926b-256gb-yellow,https://buymobile.com.au/collections/samsung-galaxy-s24-series/products/samsung-galaxy-s24-plus-dual-sim-12gb-ram-256gb-5g?variant=41212307996787,https://spectronic.com.au/product/galaxy-s24-plus-5g-256gb-12gb-ram-yellow-dual-sim-global-version-sm-s9260/,,https://www.amazon.com.au/dp/B0CTD55M51,
"Samsung Galaxy S24+ 5G (12GB RAM, 256GB, Cobalt Violet) - Brand New",Samsung Galaxy S24 Series,Samsung,,,GalS24Pls12R256Vio-AU,,,,,,https://www.jbhifi.com.au/products/samsung-galaxy-s24-5g-256gb-cobalt-violet-1,https://www.mobileciti.com.au/samsung-galaxy-s24-plus-5g-256gb-purple,https://buymobile.com.au/collections/samsung-galaxy-s24-series/products/samsung-galaxy-s24-plus-dual-sim-12gb-ram-256gb-5g?variant=41212307964019,https://spectronic.com.au/product/galaxy-s24-plus-5g-256gb-12gb-ram-violet-dual-sim-global-version-sm-s9260/,,https://www.amazon.com.au/dp/B0CQMF6NQY,
"Samsung Galaxy S24+ 5G (12GB RAM, 256GB, Jade Green) - Brand New",Samsung Galaxy S24 Series,Samsung,,,GalS24Pls12R256Grn-AU,,,,,,,,,,,,#N/A
"Samsung Galaxy S24+ 5G (12GB RAM, 256GB, Marble Grey) - Brand New",Samsung Galaxy S24 Series,Samsung,,,GalS24Pls12R256Gry-AU,,,,,,https://www.jbhifi.com.au/products/samsung-galaxy-s24-5g-256gb-marble-grey-1,https://www.mobileciti.com.au/samsung-galaxy-s24-plus-5g-256gb-grey,https://buymobile.com.au/collections/samsung-galaxy-s24-series/products/samsung-galaxy-s24-plus-dual-sim-12gb-ram-256gb-5g?variant=41212307931251,https://spectronic.com.au/product/galaxy-s24-plus-5g-256gb-12gb-ram-grey-dual-sim-global-version-sm-s9260/,https://bestmobilephone.com.au/samsung-galaxy-s24-plus-5g-dual-sim-12gb-256gb-marble-grayt-sm-s9260/,,#N/A
"Samsung Galaxy S24+ 5G (12GB RAM, 256GB, Onyx Black) - Brand New",Samsung Galaxy S24 Series,Samsung,,,GalS24Pls12R256Blk-AU,,,,,,https://www.jbhifi.com.au/products/samsung-galaxy-s24-5g-256gb-onyx-black,https://www.mobileciti.com.au/samsung-galaxy-s24-plus-5g-256gb-black,https://buymobile.com.au/collections/samsung-galaxy-s24-series/products/samsung-galaxy-s24-plus-dual-sim-12gb-ram-256gb-5g?variant=41212307898483,,,https://www.amazon.com.au/dp/B0CQM49CZ3,
"Samsung Galaxy S24+ 5G (12GB RAM, 256GB, Sandstone Orange) - Brand New",Samsung Galaxy S24 Series,Samsung,,,GalS24Pls12R256Org-AU,,,,,,,,,,,,#N/A
"Samsung Galaxy S24+ 5G (12GB RAM, 512GB, Amber Yellow) - Brand New",Samsung Galaxy S24 Series,Samsung,,,GalS24Pls12R512Ylw-AU,,,,,,https://www.jbhifi.com.au/products/samsung-galaxy-s24-5g-512gb-amber-yellow-1,https://www.mobileciti.com.au/samsung-galaxy-s24-plus-5g-512gb-yellow,,,https://bestmobilephone.com.au/samsung-galaxy-s24-plus-5g-dual-sim-12gb-512gb-amber-yellow-sm-s9260/,,#N/A
"Samsung Galaxy S24+ 5G (12GB RAM, 512GB, Cobalt Violet) - Brand New",Samsung Galaxy S24 Series,Samsung,,,GalS24Pls12R512Vio-AU,,,,,,https://www.jbhifi.com.au/products/samsung-galaxy-s24-5g-512gb-cobalt-violet-1,https://www.mobileciti.com.au/samsung-galaxy-s24-plus-5g-512gb-purple,,,https://bestmobilephone.com.au/samsung-galaxy-s24-plus-5g-dual-sim-12gb-512gb-cobalt-violet-sm-s9260/,https://www.amazon.com.au/dp/B0CNH7XZK1,
"Samsung Galaxy S24+ 5G (12GB RAM, 512GB, Marble Grey) - Brand New",Samsung Galaxy S24 Series,Samsung,,,GalS24Pls12R512Gry-AU,,,,,,https://www.jbhifi.com.au/products/samsung-galaxy-s24-5g-512gb-marble-grey-1,https://www.mobileciti.com.au/samsung-galaxy-s24-plus-5g-dual-sim-6-7-sm-s926b-512gb-grey,,,https://bestmobilephone.com.au/samsung-galaxy-s24-plus-5g-dual-sim-12gb-512gb-marble-gray-sm-s9260/,https://www.amazon.com.au/dp/B0CV6XC96M,
"Samsung Galaxy S24+ 5G (12GB RAM, 512GB, Onyx Black) - Brand New",Samsung Galaxy S24 Series,Samsung,,,GalS24Pls12R512Blk-AU,,,,,,https://www.jbhifi.com.au/products/samsung-galaxy-s24-5g-512gb-onyx-black-1,https://www.mobileciti.com.au/samsung-galaxy-s24-plus-5g-512gb-black,,,https://bestmobilephone.com.au/samsung-galaxy-s24-plus-5g-dual-sim-12gb-512gb-onyx-black-sm-s9260/,https://www.amazon.com.au/dp/B0CV7DPWXB,
"Samsung Galaxy S25 5G (12GB RAM, 128GB, Mint) - Brand New",Samsung Galaxy S25 Series,Samsung,,,SamGalS2512R128Mnt-AU,,,,,,,,,,https://bestmobilephone.com.au/samsung-galaxy-s25-5g-dual-sim-12gb-128gb-mint-sm-s931b-ds/,https://www.amazon.com.au/dp/B0DVBCLBX1,#N/A
"Samsung Galaxy S25 5G (12GB RAM, 128GB, Navy) - Brand New",Samsung Galaxy S25 Series,Samsung,,,SamGalS2512R128Nav-AU,,,,,,,,https://buymobile.com.au/products/samsung-galaxy-s25-dual-sim-12gb-ram-128gb-5g?variant=43200753762419,,https://bestmobilephone.com.au/samsung-galaxy-s25-5g-dual-sim-12gb-128gb-navy-sm-s931b-ds/,https://www.amazon.com.au/dp/B0DXFKBB3S,#N/A
"Samsung Galaxy S25 5G (12GB RAM, 128GB, Silver Shadow) - Brand New",Samsung Galaxy S25 Series,Samsung,,,SamGalS2512R128Slv-AU,,,,,,,,https://buymobile.com.au/products/samsung-galaxy-s25-dual-sim-12gb-ram-128gb-5g?variant=43200753795187,,https://bestmobilephone.com.au/samsung-galaxy-s25-5g-dual-sim-12gb-128gb-silver-shadow-sm-s931b-ds/,https://www.amazon.com.au/dp/B0F2GZV4XT,#N/A
"Samsung Galaxy S25 5G (12GB RAM, 256GB, Blue) - Brand New",Samsung Galaxy S25 Series,Samsung,,,SamGalS2512R256Blu-AU,,,,,,https://www.jbhifi.com.au/products/samsung-galaxy-s25-256gb-blue,https://www.mobileciti.com.au/samsung-galaxy-s25-256gb-blue,https://buymobile.com.au/collections/samsung-galaxy-s25-series/products/samsung-galaxy-s25-dual-sim-12gb-ram-256gb-5g?variant=42890777722995,https://spectronic.com.au/product/galaxy-s25-5g-256gb-12gb-ram-icyblue-dual-sim-global-version-sm-s9310/,https://bestmobilephone.com.au/samsung-galaxy-s25-5g-dual-sim-12gb-256gb-icyblue-sm-s9310/,https://www.amazon.com.au/dp/B0DV46NY8M,#N/A
"Samsung Galaxy S25 5G (12GB RAM, 256GB, Mint) - Brand New",Samsung Galaxy S25 Series,Samsung,,,SamGalS2512R256Mnt-AU,,,,,,https://www.jbhifi.com.au/products/samsung-galaxy-s25-256gb-mint,https://www.mobileciti.com.au/samsung-galaxy-s25-256gb-mint,https://buymobile.com.au/collections/samsung-galaxy-s25-series/products/samsung-galaxy-s25-dual-sim-12gb-ram-256gb-5g?variant=42890777821299,https://spectronic.com.au/product/galaxy-s25-5g-256gb-12gb-ram-mint-dual-sim-global-version-sm-s9310/,https://bestmobilephone.com.au/samsung-galaxy-s25-5g-dual-sim-12gb-256gb-mint-sm-s9310/,https://www.amazon.com.au/dp/B0DZHJKZLQ,#N/A
"Samsung Galaxy S25 5G (12GB RAM, 256GB, Navy) - Brand New",Samsung Galaxy S25 Series,Samsung,,,SamGalS2512R256Nav-AU,,,,,,https://www.jbhifi.com.au/products/samsung-galaxy-s25-256gb-navy,https://www.mobileciti.com.au/samsung-galaxy-s25-256gb-navy,https://buymobile.com.au/collections/samsung-galaxy-s25-series/products/samsung-galaxy-s25-dual-sim-12gb-ram-256gb-5g?variant=42890777755763,https://spectronic.com.au/product/galaxy-s25-5g-256gb-12gb-ram-navy-dual-sim-global-version-sm-s9310/,https://bestmobilephone.com.au/samsung-galaxy-s25-5g-dual-sim-12gb-256gb-navy-sm-s9310/,,#N/A
"Samsung Galaxy S25 5G (12GB RAM, 256GB, Silver Shadow) - Brand New",Samsung Galaxy S25 Series,Samsung,,,SamGalS2512R256Slv-AU,,,,,,https://www.jbhifi.com.au/products/samsung-galaxy-s25-256gb-silver-shadow,https://www.mobileciti.com.au/samsung-galaxy-s25-256gb-silver-shadow,https://buymobile.com.au/collections/samsung-galaxy-s25-series/products/samsung-galaxy-s25-dual-sim-12gb-ram-256gb-5g?variant=42890777788531,,https://bestmobilephone.com.au/samsung-galaxy-s25-5g-dual-sim-12gb-256gb-silver-shadow-sm-s9310/,https://www.amazon.com.au/dp/B0DV4565FW,#N/A
"Samsung Galaxy S25 5G (12GB RAM, 512GB, Blue) - Brand New",Samsung Galaxy S25 Series,Samsung,,,SamGalS2512R512Blu-AU,,,,,,https://www.jbhifi.com.au/products/samsung-galaxy-s25-512gb-blue,https://www.mobileciti.com.au/samsung-galaxy-s25-512gb-blue,https://buymobile.com.au/products/samsung-galaxy-s25-dual-sim-12gb-ram-512gb-5g?variant=42849299202163,,https://bestmobilephone.com.au/samsung-galaxy-s25-5g-dual-sim-12gb-512gb-icyblue-sm-s9310/,https://www.amazon.com.au/dp/B0DSKN89B7,#N/A
"Samsung Galaxy S25 5G (12GB RAM, 512GB, Mint) - Brand New",Samsung Galaxy S25 Series,Samsung,,,SamGalS2512R512Mnt-AU,,,,,,https://www.jbhifi.com.au/products/samsung-galaxy-s25-512gb-mint,https://www.mobileciti.com.au/samsung-galaxy-s25-512gb-mint,https://buymobile.com.au/products/samsung-galaxy-s25-dual-sim-12gb-ram-512gb-5g?variant=42849299300467,,https://bestmobilephone.com.au/samsung-galaxy-s25-5g-dual-sim-12gb-512gb-mint-sm-s9310/,,#N/A
"Samsung Galaxy S25 5G (12GB RAM, 512GB, Navy) - Brand New",Samsung Galaxy S25 Series,Samsung,,,SamGalS2512R512Nav-AU,,,,,,https://www.jbhifi.com.au/products/samsung-galaxy-s25-512gb-navy,https://www.mobileciti.com.au/samsung-galaxy-s25-512gb-navy,https://buymobile.com.au/products/samsung-galaxy-s25-dual-sim-12gb-ram-512gb-5g?variant=42849299234931,,https://bestmobilephone.com.au/samsung-galaxy-s25-5g-dual-sim-12gb-512gb-navy-sm-s9310/,https://www.amazon.com.au/dp/B0DSKMM5ZL,#N/A
"Samsung Galaxy S25 5G (12GB RAM, 512GB, Silver Shadow) - Brand New",Samsung Galaxy S25 Series,Samsung,,,SamGalS2512R512Slv-AU,,,,,,https://www.jbhifi.com.au/products/samsung-galaxy-s25-512gb-silver-shadow,https://www.mobileciti.com.au/samsung-galaxy-s25-512gb-silver-shadow,https://buymobile.com.au/products/samsung-galaxy-s25-dual-sim-12gb-ram-512gb-5g?variant=42849299267699,,https://bestmobilephone.com.au/samsung-galaxy-s25-5g-dual-sim-12gb-512gb-silver-shadow-sm-s9310/,,#N/A
"Samsung Galaxy S25 Edge 5G (12GB RAM, 256GB, Titanium Icyblue) - Brand New",Samsung Galaxy S25 Series,Samsung,,,SmGlS25Ed5G12256Bl-AU,,,,,,,,https://buymobile.com.au/products/samsung-galaxy-s25-edge-s937b-dual-sim-12gb-ram-256gb-5g?variant=44168286666867,,,https://www.amazon.com.au/dp/B0FG6LJJ2D,#N/A
"Samsung Galaxy S25 Edge 5G (12GB RAM, 256GB, Titanium Jetblack) - Brand New",Samsung Galaxy S25 Series,Samsung,,,SmGlS25Ed5G12256Bk-AU,,,,,,https://www.jbhifi.com.au/products/samsung-galaxy-s25-edge-5g-256gb-titanium-jetblack,https://www.mobileciti.com.au/samsung-galaxy-s25-edge-5g-dual-sim-256gb-12gb-6-7-titanium-jetblack,https://buymobile.com.au/products/samsung-galaxy-s25-edge-s937b-dual-sim-12gb-ram-256gb-5g?variant=44168286699635,,https://bestmobilephone.com.au/samsung-galaxy-s25-edge-12gb-256gb-5g-dual-sim-titanium-jetblack-global-version/,https://www.amazon.com.au/dp/B0FBX4YB1N,#N/A
"Samsung Galaxy S25 Edge 5G (12GB RAM, 256GB, Titanium Silver) - Brand New",Samsung Galaxy S25 Series,Samsung,,,SmGlS25Ed5G12256Sv-AU,,,,,,https://www.jbhifi.com.au/products/samsung-galaxy-s25-edge-5g-256gb-titanium-silver,,https://buymobile.com.au/products/samsung-galaxy-s25-edge-s937b-dual-sim-12gb-ram-256gb-5g?variant=44168286732403,,https://bestmobilephone.com.au/samsung-galaxy-s25-edge-12gb-256gb-5g-dual-sim-titanium-silver-global-version/,https://www.amazon.com.au/dp/B0FG64FGLX,#N/A
"Samsung Galaxy S25 Edge 5G (12GB RAM, 512GB, Titanium Icyblue) - Brand New",Samsung Galaxy S25 Series,Samsung,,,SmGlS25Ed5G12512Bl-AU,,,,,,,,https://buymobile.com.au/products/samsung-galaxy-s25-edge-s9370-dual-sim-12gb-ram-512gb-5g?variant=43105367490675,,,https://www.amazon.com.au/dp/B0FFX7K1CQ,#N/A
"Samsung Galaxy S25 Edge 5G (12GB RAM, 512GB, Titanium Jetblack) - Brand New",Samsung Galaxy S25 Series,Samsung,,,SmGlS25Ed5G12512Bk-AU,,,,,,https://www.jbhifi.com.au/products/samsung-galaxy-s25-edge-5g-512gb-titanium-jetblack,,https://buymobile.com.au/products/samsung-galaxy-s25-edge-s9370-dual-sim-12gb-ram-512gb-5g?variant=43105367457907,,https://bestmobilephone.com.au/samsung-galaxy-s25-edge-12gb-512gb-5g-dual-sim-titanium-jetblack-global-version/,https://www.amazon.com.au/dp/B0DZHGXWGL,#N/A
"Samsung Galaxy S25 Edge 5G (12GB RAM, 512GB, Titanium Silver) - Brand New",Samsung Galaxy S25 Series,Samsung,,,SmGlS25Ed5G12512Sv-AU,,,,,,https://www.jbhifi.com.au/products/samsung-galaxy-s25-edge-5g-512gb-titanium-silver,,https://buymobile.com.au/products/samsung-galaxy-s25-edge-s9370-dual-sim-12gb-ram-512gb-5g?variant=43105367523443,,https://bestmobilephone.com.au/samsung-galaxy-s25-edge-12gb-512gb-5g-dual-sim-titanium-silver-global-version/,https://www.amazon.com.au/dp/B0F8PHM63K,#N/A
"Samsung Galaxy S25 Ultra 5G (12GB RAM, 1TB, Titanium Black) - Brand New",Samsung Galaxy S25 Series,Samsung,,,SamGalS25Ult12R1TBBlk-AU,,,,,,https://www.jbhifi.com.au/products/samsung-galaxy-s25-ultra-1tb-titanium-black,https://www.mobileciti.com.au/samsung-galaxy-s25-ultra-1tb-titanium-black,https://buymobile.com.au/products/samsung-galaxy-s25-ultra-dual-sim-12gb-ram-1tb-5g?variant=42820308500595,,https://bestmobilephone.com.au/samsung-galaxy-s25-ultra-5g-dual-sim-12gb-1tb-titanium-black-sm-s938b-ds/,https://www.amazon.com.au/dp/B0DVB9NMKD,#N/A
"Samsung Galaxy S25 Ultra 5G (12GB RAM, 1TB, Titanium Blue) - Brand New",Samsung Galaxy S25 Series,Samsung,,,SamGalS25Ult12R1TBBlu-AU,,,,,,https://www.jbhifi.com.au/products/samsung-galaxy-s25-ultra-1tb-titanium-blue,https://www.mobileciti.com.au/samsung-galaxy-s25-ultra-1tb-titanium-blue,https://buymobile.com.au/products/samsung-galaxy-s25-ultra-dual-sim-12gb-ram-1tb-5g?variant=42820308566131,,https://bestmobilephone.com.au/samsung-galaxy-s25-ultra-5g-dual-sim-12gb-1tb-titanium-silverblue-sm-s938b-ds/,https://www.amazon.com.au/dp/B0DSKNVWK7,#N/A
"Samsung Galaxy S25 Ultra 5G (12GB RAM, 1TB, Titanium Grey) - Brand New",Samsung Galaxy S25 Series,Samsung,,,SamGalS25Ult12R1TBGry-AU,,,,,,https://www.jbhifi.com.au/products/samsung-galaxy-s25-ultra-1tb-titanium-grey,https://www.mobileciti.com.au/samsung-galaxy-s25-ultra-1tb-titanium-grey,https://buymobile.com.au/products/samsung-galaxy-s25-ultra-dual-sim-12gb-ram-1tb-5g?variant=42820308533363,,https://bestmobilephone.com.au/samsung-galaxy-s25-ultra-5g-dual-sim-12gb-1tb-titanium-grey-sm-s938b-ds/,https://www.amazon.com.au/dp/B0DTHSVGLY,#N/A
"Samsung Galaxy S25 Ultra 5G (12GB RAM, 1TB, Titanium Silver) - Brand New",Samsung Galaxy S25 Series,Samsung,,,SamGalS25Ult12R1TBSlv-AU,,,,,,https://www.jbhifi.com.au/products/samsung-galaxy-s25-ultra-1tb-titanium-silver,https://www.mobileciti.com.au/samsung-galaxy-s25-ultra-1tb-titanium-silver,https://buymobile.com.au/products/samsung-galaxy-s25-ultra-dual-sim-12gb-ram-1tb-5g?variant=42820308598899,,https://bestmobilephone.com.au/samsung-galaxy-s25-ultra-5g-dual-sim-12gb-1tb-titanium-whitesilver-sm-s938b-ds/,https://www.amazon.com.au/dp/B0DVJ82G52,#N/A
"Samsung Galaxy S25 Ultra 5G (12GB RAM, 256GB, Titanium Black) - Brand New",Samsung Galaxy S25 Series,Samsung,,,SamGalS25Ult12R256Blk-AU,,,,,,https://www.jbhifi.com.au/products/samsung-galaxy-s25-ultra-256gb-titanium-black,https://www.mobileciti.com.au/samsung-galaxy-s25-ultra-256gb-titanium-black,https://buymobile.com.au/products/samsung-galaxy-s25-ultra-dual-sim-12gb-ram-256gb-5g?_pos=1&_sid=4dfbf4dda&_ss=r,https://spectronic.com.au/product/galaxy-s25-ultra-5g-256gb-12gb-ram-titanium-black-dual-sim-global-version-sm-s938b/,https://bestmobilephone.com.au/samsung-galaxy-s25-ultra-5g-dual-sim-12gb-256gb-titanium-black-sm-s938b-ds/,https://www.amazon.com.au/dp/B0DSKNQW8F,#N/A
"Samsung Galaxy S25 Ultra 5G (12GB RAM, 256GB, Titanium Blue) - Brand New",Samsung Galaxy S25 Series,Samsung,,,SamGalS25Ult12R256Blu-AU,,,,,,https://www.jbhifi.com.au/products/samsung-galaxy-s25-ultra-256gb-titanium-blue,https://www.mobileciti.com.au/samsung-galaxy-s25-ultra-256gb-titanium-blue,https://buymobile.com.au/products/samsung-galaxy-s25-ultra-dual-sim-12gb-ram-256gb-5g?variant=42820308205683,https://spectronic.com.au/product/galaxy-s25-ultra-5g-256gb-12gb-ram-titanium-silverblue-dual-sim-global-version-sm-s938b/,https://bestmobilephone.com.au/samsung-galaxy-s25-ultra-5g-dual-sim-12gb-256gb-titanium-silverblue-sm-s938b-ds/,https://www.amazon.com.au/dp/B0DSKNKCYX,#N/A
"Samsung Galaxy S25 Ultra 5G (12GB RAM, 256GB, Titanium Grey) - Brand New",Samsung Galaxy S25 Series,Samsung,,,SamGalS25Ult12R256Gry-AU,,,,,,https://www.jbhifi.com.au/products/samsung-galaxy-s25-ultra-256gb-titanium-grey,https://www.mobileciti.com.au/samsung-galaxy-s25-ultra-256gb-titanium-grey,https://buymobile.com.au/products/samsung-galaxy-s25-ultra-dual-sim-12gb-ram-256gb-5g?variant=42820308172915,https://spectronic.com.au/product/galaxy-s25-ultra-5g-256gb-12gb-ram-titanium-gray-dual-sim-global-version-sm-s938b/,https://bestmobilephone.com.au/samsung-galaxy-s25-ultra-5g-dual-sim-12gb-256gb-titanium-grey-sm-s938b-ds/,https://www.amazon.com.au/dp/B0DSKMV3ZC,#N/A
"Samsung Galaxy S25 Ultra 5G (12GB RAM, 256GB, Titanium Silver) - Brand New",Samsung Galaxy S25 Series,Samsung,,,SamGalS25Ult12R256Slv-AU,,,,,,https://www.jbhifi.com.au/products/samsung-galaxy-s25-ultra-256gb-titanium-silver,https://www.mobileciti.com.au/samsung-galaxy-s25-ultra-256gb-titanium-silver,https://buymobile.com.au/products/samsung-galaxy-s25-ultra-dual-sim-12gb-ram-256gb-5g?variant=42820308238451,https://spectronic.com.au/product/galaxy-s25-ultra-5g-256gb-12gb-ram-titanium-whitesilver-dual-sim-global-version-sm-s938b/,https://bestmobilephone.com.au/samsung-galaxy-s25-ultra-5g-dual-sim-12gb-256gb-titanium-whitesilver-sm-s938b-ds/,https://www.amazon.com.au/dp/B0DSKL9MQ8,#N/A
"Samsung Galaxy S25 Ultra 5G (12GB RAM, 512GB, Titanium Black) - Brand New",Samsung Galaxy S25 Series,Samsung,,,SamGalS25Ult12R512Blk-AU,,,,,,https://www.jbhifi.com.au/products/samsung-galaxy-s25-ultra-512gb-titanium-black,https://www.mobileciti.com.au/samsung-galaxy-s25-ultra-512gb-titanium-black,https://buymobile.com.au/products/samsung-galaxy-s25-ultra-dual-sim-12gb-ram-512gb-5g?_pos=1&_sid=7b1541502&_ss=r,https://spectronic.com.au/product/galaxy-s25-ultra-5g-512gb-12gb-ram-titanium-black-dual-sim-global-version-sm-s938b/,https://bestmobilephone.com.au/samsung-galaxy-s25-ultra-5g-dual-sim-12gb-512gb-titanium-black-sm-s938b-ds/,https://www.amazon.com.au/dp/B0DV44RF98,#N/A
"Samsung Galaxy S25 Ultra 5G (12GB RAM, 512GB, Titanium Blue) - Brand New",Samsung Galaxy S25 Series,Samsung,,,SamGalS25Ult12R512Blu-AU,,,,,,https://www.jbhifi.com.au/products/samsung-galaxy-s25-ultra-512gb-titanium-blue,https://www.mobileciti.com.au/samsung-galaxy-s25-ultra-512gb-titanium-blue,https://buymobile.com.au/products/samsung-galaxy-s25-ultra-dual-sim-12gb-ram-512gb-5g?variant=42820308336755,https://spectronic.com.au/product/galaxy-s25-ultra-5g-512gb-12gb-ram-titanium-silverblue-dual-sim-global-version-sm-s938b/,https://bestmobilephone.com.au/samsung-galaxy-s25-ultra-5g-dual-sim-12gb-512gb-titanium-silverblue-sm-s938b-ds/,https://www.amazon.com.au/dp/B0DV4279JP,#N/A
"Samsung Galaxy S25 Ultra 5G (12GB RAM, 512GB, Titanium Grey) - Brand New",Samsung Galaxy S25 Series,Samsung,,,SamGalS25Ult12R512Gry-AU,,,,,,https://www.jbhifi.com.au/products/samsung-galaxy-s25-ultra-512gb-titanium-grey,https://www.mobileciti.com.au/samsung-galaxy-s25-ultra-512gb-12gb-titanium-grey,https://buymobile.com.au/products/samsung-galaxy-s25-ultra-dual-sim-12gb-ram-512gb-5g?variant=42820308303987,https://spectronic.com.au/product/galaxy-s25-ultra-5g-512gb-12gb-ram-titanium-gray-dual-sim-global-version-sm-s938b/,https://bestmobilephone.com.au/samsung-galaxy-s25-ultra-5g-dual-sim-12gb-512gb-titanium-grey-sm-s938b-ds/,https://www.amazon.com.au/dp/B0DT4N4Z28,#N/A
"Samsung Galaxy S25 Ultra 5G (12GB RAM, 512GB, Titanium Jade Green) - Brand New",Samsung Galaxy S25 Series,Samsung,,,SamGalS25Ult12R512Grn-AU,,,,,,,,https://buymobile.com.au/products/samsung-galaxy-s25-ultra-dual-sim-12gb-ram-512gb-5g?variant=43197795401843,,,,#N/A
"Samsung Galaxy S25 Ultra 5G (12GB RAM, 512GB, Titanium Silver) - Brand New",Samsung Galaxy S25 Series,Samsung,,,SamGalS25Ult12R512Slv-AU,,,,,,https://www.jbhifi.com.au/products/samsung-galaxy-s25-ultra-512gb-titanium-silver,https://www.mobileciti.com.au/samsung-galaxy-s25-ultra-512gb-titanium-silver,https://buymobile.com.au/products/samsung-galaxy-s25-ultra-dual-sim-12gb-ram-512gb-5g?variant=42820308369523,https://spectronic.com.au/product/galaxy-s25-ultra-5g-512gb-12gb-ram-titanium-whitesilver-dual-sim-global-version-sm-s938b/,https://bestmobilephone.com.au/samsung-galaxy-s25-ultra-5g-dual-sim-12gb-512gb-titanium-whitesilver-sm-s938b-ds/,https://www.amazon.com.au/dp/B0DV43SPC1,#N/A
"Samsung Galaxy S25+ Plus 5G (12GB RAM, 256GB, Blue) - Brand New",Samsung Galaxy S25 Series,Samsung,,,SamGalS25Pls12R256Blu-AU,,,,,,https://www.jbhifi.com.au/products/samsung-galaxy-s25-256gb-blue-1,https://www.mobileciti.com.au/samsung-galaxy-s25-plus-256gb-blue,https://buymobile.com.au/collections/samsung-galaxy-s25-series/products/samsung-galaxy-s25-dual-sim-12gb-ram-256gb?variant=42927738847347,https://spectronic.com.au/product/galaxy-s25-plus-5g-256gb-12gb-ram-icyblue-dual-sim-global-version-sm-s9360/,https://bestmobilephone.com.au/samsung-galaxy-s25-plus-5g-dual-sim-12gb-256gb-icyblue-sm-s936b-ds/,https://www.amazon.com.au/dp/B0DSGCZ14P,#N/A
"Samsung Galaxy S25+ Plus 5G (12GB RAM, 256GB, Mint) - Brand New",Samsung Galaxy S25 Series,Samsung,,,SamGalS25Pls12R256Mnt-AU,,,,,,https://www.jbhifi.com.au/products/samsung-galaxy-s25-256gb-mint-1,https://www.mobileciti.com.au/samsung-galaxy-s25-plus-256gb-mint,https://buymobile.com.au/collections/samsung-galaxy-s25-series/products/samsung-galaxy-s25-dual-sim-12gb-ram-256gb?variant=42927738880115,https://spectronic.com.au/product/galaxy-s25-plus-5g-256gb-12gb-ram-mint-dual-sim-global-version-sm-s9360/,https://bestmobilephone.com.au/samsung-galaxy-s25-plus-5g-dual-sim-12gb-256gb-mint-sm-s936b-ds/,,#N/A
"Samsung Galaxy S25+ Plus 5G (12GB RAM, 256GB, Navy) - Brand New",Samsung Galaxy S25 Series,Samsung,,,SamGalS25Pls12R256Nav-AU,,,,,,https://www.jbhifi.com.au/products/samsung-galaxy-s25-256gb-navy-1,https://www.mobileciti.com.au/samsung-galaxy-s25-plus-256gb-navy,https://buymobile.com.au/collections/samsung-galaxy-s25-series/products/samsung-galaxy-s25-dual-sim-12gb-ram-256gb?variant=42927738912883,https://spectronic.com.au/product/galaxy-s25-plus-5g-256gb-12gb-ram-navy-dual-sim-global-version-sm-s9360/,https://bestmobilephone.com.au/samsung-galaxy-s25-plus-5g-dual-sim-12gb-256gb-navy-sm-s936b-ds/,,#N/A
"Samsung Galaxy S25+ Plus 5G (12GB RAM, 256GB, Silver Shadow) - Brand New",Samsung Galaxy S25 Series,Samsung,,,SamGalS25Pls12R256Slv-AU,,,,,,https://www.jbhifi.com.au/products/samsung-galaxy-s25-256gb-silver-shadow-1,https://www.mobileciti.com.au/samsung-galaxy-s25-plus-256gb-silver-shadow,https://buymobile.com.au/collections/samsung-galaxy-s25-series/products/samsung-galaxy-s25-dual-sim-12gb-ram-256gb?variant=42927738945651,https://spectronic.com.au/product/galaxy-s25-plus-5g-256gb-12gb-ram-silver-shadow-dual-sim-global-version-sm-s9360/,https://bestmobilephone.com.au/samsung-galaxy-s25-plus-5g-dual-sim-12gb-256gb-silver-shadow-sm-s936b-ds/,,#N/A
"Samsung Galaxy S25+ Plus 5G (12GB RAM, 512GB, Blue) - Brand New",Samsung Galaxy S25 Series,Samsung,,,SamGalS25Pls12R512Blu-AU,,,,,,https://www.jbhifi.com.au/products/samsung-galaxy-s25-512gb-blue-1,https://www.mobileciti.com.au/samsung-galaxy-s25-plus-512gb-blue,https://buymobile.com.au/products/samsung-galaxy-s25-plus-dual-sim-12gb-ram-512gb-5g?_pos=3&_sid=3a61f14d0&_ss=r,https://spectronic.com.au/product/galaxy-s25-plus-5g-512gb-12gb-ram-icyblue-dual-sim-global-version-sm-s936b/,https://bestmobilephone.com.au/samsung-galaxy-s25-plus-5g-dual-sim-12gb-512gb-icyblue-sm-s936b-ds/,https://www.amazon.com.au/dp/B0F7KTDJHD,#N/A
"Samsung Galaxy S25+ Plus 5G (12GB RAM, 512GB, Mint) - Brand New",Samsung Galaxy S25 Series,Samsung,,,SamGalS25Pls12R512Mnt-AU,,,,,,https://www.jbhifi.com.au/products/samsung-galaxy-s25-512gb-mint-1,https://www.mobileciti.com.au/samsung-galaxy-s25-plus-512gb-mint,https://buymobile.com.au/products/samsung-galaxy-s25-plus-dual-sim-12gb-ram-512gb-5g?variant=42820308697203,https://spectronic.com.au/product/galaxy-s25-plus-5g-512gb-12gb-ram-mint-dual-sim-global-version-sm-s936b/,https://bestmobilephone.com.au/samsung-galaxy-s25-plus-5g-dual-sim-12gb-512gb-mint-sm-s936b-ds/,https://www.amazon.com.au/dp/B0F2HFFTR9,#N/A
"Samsung Galaxy S25+ Plus 5G (12GB RAM, 512GB, Navy) - Brand New",Samsung Galaxy S25 Series,Samsung,,,SamGalS25Pls12R512Nav-AU,,,,,,https://www.jbhifi.com.au/products/samsung-galaxy-s25-512gb-navy-1,https://www.mobileciti.com.au/samsung-galaxy-s25-plus-512gb-navy,https://buymobile.com.au/products/samsung-galaxy-s25-plus-dual-sim-12gb-ram-512gb-5g?variant=42820308729971,https://spectronic.com.au/product/galaxy-s25-plus-5g-512gb-12gb-ram-navy-dual-sim-global-version-sm-s936b/,https://bestmobilephone.com.au/samsung-galaxy-s25-plus-5g-dual-sim-12gb-512gb-navy-sm-s936b-ds/,,#N/A
"Samsung Galaxy S25+ Plus 5G (12GB RAM, 512GB, Silver Shadow) - Brand New",Samsung Galaxy S25 Series,Samsung,,,SamGalS25Pls12R512Slv-AU,,,,,,https://www.jbhifi.com.au/products/samsung-galaxy-s25-512gb-silver-shadow-1,https://www.mobileciti.com.au/samsung-galaxy-s25-plus-512gb-silver-shadow,https://buymobile.com.au/collections/samsung-galaxy-s25-series/products/samsung-galaxy-s25-plus-dual-sim-12gb-ram-512gb-5g?variant=42924296110195,https://spectronic.com.au/product/galaxy-s25-plus-5g-512gb-12gb-ram-silver-shadow-dual-sim-global-version-sm-s936b/,https://bestmobilephone.com.au/samsung-galaxy-s25-plus-5g-dual-sim-12gb-512gb-silver-shadow-sm-s936b-ds/,,#N/A
"Samsung Galaxy Tab A9 8.7 Cellular (4GB, 64GB, Graphite) - Brand New",Samsung Galaxy Tab A Series,Samsung,,,GalTabA94G4R64GrpPRT-AU,,,,,,,,https://buymobile.com.au/products/samsung-galaxy-tab-a9-x115-4gb-ram-64gb-4g-lte?variant=41099624382579,,,,#N/A
"Samsung Galaxy Tab A9 8.7 Cellular (4GB, 64GB, Navy) - Brand New",Samsung Galaxy Tab A Series,Samsung,,,GalTabA94G4R64Nav-AU,,,,,,,,https://buymobile.com.au/products/samsung-galaxy-tab-a9-x115-4gb-ram-64gb-4g-lte?variant=41402371571827,,,,#N/A
"Samsung Galaxy Tab A9 8.7 Cellular (4GB, 64GB, Silver) - Brand New",Samsung Galaxy Tab A Series,Samsung,,,GalTabA94G4R64SlvPRT-AU,,,,,,,,https://buymobile.com.au/products/samsung-galaxy-tab-a9-x115-4gb-ram-64gb-4g-lte?variant=41099624415347,,,https://www.amazon.com.au/dp/B0CRSZ969D,#N/A
"Samsung Galaxy Tab A9 8.7 Cellular (8GB, 128GB, Graphite) - Brand New",Samsung Galaxy Tab A Series,Samsung,,,GalTabA94G8R128Grp-AU,,,,,,,,,,,https://www.amazon.com.au/dp/B0CP1771KF,#N/A
"Samsung Galaxy Tab A9 8.7 Cellular (8GB, 128GB, Navy) - Brand New",Samsung Galaxy Tab A Series,Samsung,,,GalTabA94G8R128Nav-AU,,,,,,,,,,,https://www.amazon.com.au/dp/B0D8DH49R7,#N/A
"Samsung Galaxy Tab A9 8.7 Cellular (8GB, 128GB, Silver) - Brand New",Samsung Galaxy Tab A Series,Samsung,,,GalTabA94G8R128Slv-AU,,,,,,,,,,,https://www.amazon.com.au/dp/B0D3QSQ12Q,#N/A
"Samsung Galaxy Tab A9 8.7 WIFI (4GB, 64GB, Graphite) - Brand New",Samsung Galaxy Tab A Series,Samsung,,,GalTabA9WF4R64Grp-AU,,,,,,,,https://buymobile.com.au/products/samsung-galaxy-tab-a9-x110-4gb-ram-64gb-wifi?_pos=2&_sid=25ecee001&_ss=r,,,https://www.amazon.com.au/dp/B0CK817PBF,#N/A
"Samsung Galaxy Tab A9 8.7 WIFI (4GB, 64GB, Navy) - Brand New",Samsung Galaxy Tab A Series,Samsung,,,GalTabA9WF4R64Nav-AU,,,,,,,,https://buymobile.com.au/products/samsung-galaxy-tab-a9-x110-4gb-ram-64gb-wifi?variant=41173673410675,,,,#N/A
"Samsung Galaxy Tab A9 8.7 WIFI (4GB, 64GB, Silver) - Brand New",Samsung Galaxy Tab A Series,Samsung,,,GalTabA9WF4R64Slv-AU,,,,,,,,https://buymobile.com.au/products/samsung-galaxy-tab-a9-x110-4gb-ram-64gb-wifi?variant=41173648605299,,,https://www.amazon.com.au/dp/B0DHYCL32J,#N/A
"Samsung Galaxy Tab A9 8.7 WIFI (8GB, 128GB, Graphite) - Brand New",Samsung Galaxy Tab A Series,Samsung,,,GalTabA9WF8R128Grp-AU,,,,,,,,,,,https://www.amazon.com.au/dp/B0CP18XF4Z,#N/A
"Samsung Galaxy Tab A9 8.7 WIFI (8GB, 128GB, Navy) - Brand New",Samsung Galaxy Tab A Series,Samsung,,,GalTabA9WF8R128Nav-AU,,,,,,,,,,,,#N/A
"Samsung Galaxy Tab A9 8.7 WIFI (8GB, 128GB, Silver) - Brand New",Samsung Galaxy Tab A Series,Samsung,,,GalTabA9WF8R128Slv-AU,,,,,,,,,,,,#N/A
"Samsung Galaxy Tab A9 Plus 11"" 5G (4GB RAM, 64GB, Gray) - Brand New",Samsung Galaxy Tab A Series,Samsung,,,GalTabA9Pls115G4R64GryPRT-AU,,,,,,https://www.jbhifi.com.au/products/samsung-galaxy-tab-a9-11-5g-64gb-graphite,https://www.mobileciti.com.au/samsung-galaxy-tab-a9-plus-5g-64gb-4gb-11-sm-x210nzaaxsa-graphite,https://buymobile.com.au/products/samsung-galaxy-tab-a9-x216-4gb-ram-64gb-5g?variant=41173696839795,,,,#N/A
"Samsung Galaxy Tab A9 Plus 11"" 5G (4GB RAM, 64GB, Navy) - Brand New",Samsung Galaxy Tab A Series,Samsung,,,GalTabA9Pls115G4R64Nvy-AU,,,,,,,,https://buymobile.com.au/products/samsung-galaxy-tab-a9-x216-4gb-ram-64gb-5g?variant=41173696807027,,,,#N/A
"Samsung Galaxy Tab A9 Plus 11"" 5G (4GB RAM, 64GB, Silver) - Brand New",Samsung Galaxy Tab A Series,Samsung,,,GalTabA9Pls115G4R64SlvPRT-AU,,,,,,,,https://buymobile.com.au/products/samsung-galaxy-tab-a9-x216-4gb-ram-64gb-5g?variant=41173789835379,,,,#N/A
"Samsung Galaxy Tab A9 Plus 11"" 5G (8GB RAM, 128GB, Gray) - Brand New",Samsung Galaxy Tab A Series,Samsung,,,GalTabA9Pls115G8R128Gry-AU,,,,,,https://www.jbhifi.com.au/products/samsung-galaxy-tab-a9-11-5g-128gb-graphite,https://www.mobileciti.com.au/samsung-galaxy-tab-a9-plus-5g-128gb-8gb-11-sm-x216bzaeats-graphite,https://buymobile.com.au/products/samsung-galaxy-tab-a9-plus-x216-8gb-ram-128gb-5g?variant=43100263940211,,,https://www.amazon.com.au/dp/B0CMDKCSFS,#N/A
"Samsung Galaxy Tab A9 Plus 11"" 5G (8GB RAM, 128GB, Navy) - Brand New",Samsung Galaxy Tab A Series,Samsung,,,GalTabA9Pls115G8R128Nvy-AU,,,,,,,,,,,https://www.amazon.com.au/dp/B0F5M9QPB7,#N/A
"Samsung Galaxy Tab A9 Plus 11"" 5G (8GB RAM, 128GB, Silver) - Brand New",Samsung Galaxy Tab A Series,Samsung,,,GalTabA9Pls115G8R128Slv-AU,,,,,,,,,,,,#N/A
"Samsung Galaxy Tab A9 Plus 11"" Wifi (4GB RAM, 64GB, Navy) - Brand New",Samsung Galaxy Tab A Series,Samsung,,,GalTabA9Pls11WF4R64NavPRT-AU,,,,,,,,https://buymobile.com.au/products/samsung-galaxy-tab-a9-x210-4gb-ram-64gb-wifi?variant=41099804082291,,,,#N/A
"Samsung Galaxy Tab A9 Plus 11"" Wifi (4GB RAM, 64GB, Silver) - Brand New",Samsung Galaxy Tab A Series,Samsung,,,GalTabA9Pls11WF4R64SlvPRT-AU,,,,,,,,https://buymobile.com.au/products/samsung-galaxy-tab-a9-x210-4gb-ram-64gb-wifi?variant=41215492980851,,,,#N/A
"Samsung Galaxy Tab A9 Plus 11"" Wifi (4GB, RAM 64GB, Gray) - Brand New",Samsung Galaxy Tab A Series,Samsung,,,GalTabA9Pls11WF4R64GryPRT-AU,,,,,,https://www.jbhifi.com.au/products/samsung-galaxy-tab-a9-11-wi-fi-64gb-graphite,https://www.mobileciti.com.au/samsung-galaxy-tab-a9-plus-wi-fi-64gb-4gb-11-sm-x210nzaaxsa-graphite,https://buymobile.com.au/products/samsung-galaxy-tab-a9-x210-4gb-ram-64gb-wifi?variant=41099804115059,,,,#N/A
"Samsung Galaxy Tab A9 Plus 11"" Wifi (8GB RAM, 128GB, Gray) - Brand New",Samsung Galaxy Tab A Series,Samsung,,,GalTabA9Pls11WF8R128Gry-AU,,,,,,https://www.jbhifi.com.au/products/samsung-galaxy-tab-a9-11-wi-fi-128gb-graphite,https://www.mobileciti.com.au/samsung-galaxy-tab-a9-plus-wi-fi-128gb-8gb-11-sm-x210nzaexsa-graphite,,,,https://www.amazon.com.au/dp/B0CJHX4J4M,#N/A
"Samsung Galaxy Tab A9 Plus 11"" Wifi (8GB RAM, 128GB, Navy) - Brand New",Samsung Galaxy Tab A Series,Samsung,,,GalTabA9Pls11WF8R128Nav-AU,,,,,,,,,,,https://www.amazon.com.au/dp/B0CQVQ7HWN,#N/A
"Samsung Galaxy Tab A9 Plus 11"" Wifi (8GB RAM, 128GB, Silver) - Brand New",Samsung Galaxy Tab A Series,Samsung,,,GalTabA9Pls11WF8R128Slv-AU,,,,,,,,,,,https://www.amazon.com.au/dp/B0D5K3292V,#N/A
"Samsung Galaxy Tab S10 FE Plus 5G (8GB RAM, 128GB, Gray) - Brand New",Samsung Galaxy Tab S Series,Samsung,,,GlTbS10FEPs5G8128Gy-AU,,,,,,https://www.jbhifi.com.au/products/samsung-galaxy-tab-s10-fe-13-1-5g-128gb-grey,https://www.mobileciti.com.au/samsung-galaxy-tab-s10-fe-plus-5g-128gb-8gb-13-1-sm-x626b-grey,https://buymobile.com.au/products/samsung-galaxy-tab-s10-fe-x626-8gb-ram-128gb-5g?variant=43057246601331,,,,#N/A
"Samsung Galaxy Tab S10 FE Plus 5G (8GB RAM, 128GB, Silver) - Brand New",Samsung Galaxy Tab S Series,Samsung,,,GlTbS10FEPs5G8128Sv-AU,,,,,,https://www.jbhifi.com.au/products/samsung-galaxy-tab-s10-fe-13-1-5g-128gb-silver,,https://buymobile.com.au/products/samsung-galaxy-tab-s10-fe-x626-8gb-ram-128gb-5g?variant=43057246634099,,,,#N/A
"Samsung Galaxy Tab S10 FE Plus Wifi (12GB RAM, 256GB, Silver) - Brand New",Samsung Galaxy Tab S Series,Samsung,,,GlTbS10FEPsWF12256Sv-AU,,,,,,,https://www.mobileciti.com.au/samsung-galaxy-tab-s10-fe-plus-wi-fi-256gb-12gb-13-1-sm-x620n-silver,,,,,#N/A
"Samsung Galaxy Tab S10 FE Plus Wifi (8GB RAM, 128GB, Gray) - Brand New",Samsung Galaxy Tab S Series,Samsung,,,GlTbS10FEPsWF8128Gy-AU,,,,,,https://www.jbhifi.com.au/products/samsung-galaxy-tab-s10-fe-13-1-wi-fi-128gb-grey,https://www.mobileciti.com.au/samsung-galaxy-tab-s10-fe-plus-wi-fi-128gb-8gb-13-1-sm-x620n-grey,https://buymobile.com.au/products/samsung-galaxy-tab-s10-fe-x620-8gb-ram-128gb-wifi?variant=43132082126963,,,,#N/A
"Samsung Galaxy Tab S10 FE Plus Wifi (8GB RAM, 128GB, Silver) - Brand New",Samsung Galaxy Tab S Series,Samsung,,,GlTbS10FEPsWF8128Sv-AU,,,,,,https://www.jbhifi.com.au/products/samsung-galaxy-tab-s10-fe-13-1-wi-fi-128gb-silver,https://www.mobileciti.com.au/samsung-galaxy-tab-s10-fe-plus-wi-fi-128gb-8gb-13-1-sm-x620n-silver,https://buymobile.com.au/products/samsung-galaxy-tab-s10-fe-x620-8gb-ram-128gb-wifi?variant=43132078096499,,,,#N/A
"Samsung Galaxy Tab S10 Lite 5G (6GB RAM, 128GB, Coral Red) - Brand New",Samsung Galaxy Tab S Series,Samsung,,,SamGalTabS10LtWF6128Slv-AU,,,,,,,,https://buymobile.com.au/products/samsung-galaxy-tab-s10-lite-x406-6gb-ram-128gb-5g?variant=43784470364275,,,,#N/A
"Samsung Galaxy Tab S10 Lite 5G (6GB RAM, 128GB, Gray) - Brand New",Samsung Galaxy Tab S Series,Samsung,,,SamGalTabS10LtWF8256CRd-AU,,,,,,,,https://buymobile.com.au/products/samsung-galaxy-tab-s10-lite-x406-6gb-ram-128gb-5g?variant=43784470397043,,,,#N/A
"Samsung Galaxy Tab S10 Lite 5G (6GB RAM, 128GB, Silver) - Brand New",Samsung Galaxy Tab S Series,Samsung,,,SamGalTabS10LtWF8256Gry-AU,,,,,,,,https://buymobile.com.au/products/samsung-galaxy-tab-s10-lite-x406-6gb-ram-128gb-5g?variant=43784470429811,,,,#N/A
"Samsung Galaxy Tab S10 Lite Wifi (6GB RAM, 128GB, Silver) - Brand New",Samsung Galaxy Tab S Series,Samsung,,,SamGalTabS10LtWF8256Slv-AU,,,,,,,,https://buymobile.com.au/products/samsung-galaxy-tab-s10-lite-x400-6gb-ram-128gb-wifi,,,,#N/A
"Samsung Galaxy Tab S10 Lite Wifi (8GB RAM, 256GB, Coral Red) - Brand New",Samsung Galaxy Tab S Series,Samsung,,,SamGalTabS10Lt5G6128CRd-AU,,,,,,,,https://buymobile.com.au/products/samsung-galaxy-tab-s10-lite-x400-8gb-ram-256gb-wifi?variant=43784470462579,,,,#N/A
"Samsung Galaxy Tab S10 Lite Wifi (8GB RAM, 256GB, Gray) - Brand New",Samsung Galaxy Tab S Series,Samsung,,,SamGalTabS10Lt5G6128Gry-AU,,,,,,https://www.jbhifi.com.au/products/samsung-tab-s10-lite-wi-fi-256gb-grey,https://www.mobileciti.com.au/samsung-galaxy-tab-s10-lite-wi-fi-256gb-8gb-10-9-sm-x400n-grey,https://buymobile.com.au/products/samsung-galaxy-tab-s10-lite-x400-8gb-ram-256gb-wifi?variant=43784470495347,,,,#N/A
"Samsung Galaxy Tab S10 Lite Wifi (8GB RAM, 256GB, Silver) - Brand New",Samsung Galaxy Tab S Series,Samsung,,,SamGalTabS10Lt5G6128Slv-AU,,,,,,,,https://buymobile.com.au/products/samsung-galaxy-tab-s10-lite-x400-8gb-ram-256gb-wifi?variant=43784470528115,,,,#N/A
"Samsung Galaxy Tab S10 Ultra 5G (12GB RAM, 256GB, Moonstone Gray) - Brand New",Samsung Galaxy Tab S Series,Samsung,,,SamGalTabS10Ult5G12R256Gry-AU,,,,,,https://www.jbhifi.com.au/products/samsung-galaxy-tab-s10-ultra-14-6-5g-256gb-grey,,https://buymobile.com.au/products/samsung-galaxy-tab-s10-ultra-x926-12gb-ram-256gb-5g?variant=42457550749811,,,https://www.amazon.com.au/dp/B0DGQ5DLGV,#N/A
"Samsung Galaxy Tab S10 Ultra 5G (12GB RAM, 256GB, Platinum Silver) - Brand New",Samsung Galaxy Tab S Series,Samsung,,,SamGalTabS10Ult5G12R256Slv-AU,,,,,,,,https://buymobile.com.au/products/samsung-galaxy-tab-s10-ultra-x926-12gb-ram-256gb-5g?variant=43790587428979,,,https://www.amazon.com.au/dp/B0DV9LZZTC,#N/A
"Samsung Galaxy Tab S10 Ultra Wifi (12GB RAM, 256GB, Moonstone Gray) - Brand New",Samsung Galaxy Tab S Series,Samsung,,,SamGalTabS10UltWF12R256Gry-AU,,,,,,https://www.jbhifi.com.au/products/samsung-galaxy-tab-s10-ultra-14-6-wi-fi-256gb-grey,,,,,https://www.amazon.com.au/dp/B0DLJ6F4DL,#N/A
"Samsung Galaxy Tab S10 Ultra Wifi (12GB RAM, 256GB, Platinum Silver) - Brand New",Samsung Galaxy Tab S Series,Samsung,,,SamGalTabS10UltWF12R256Slv-AU,,,,,,,,,,,https://www.amazon.com.au/dp/B0DJD6Z6G9,#N/A
"Samsung Galaxy Tab S10 Ultra Wifi (12GB RAM, 512GB, Moonstone Gray) - Brand New",Samsung Galaxy Tab S Series,Samsung,,,SamGalTabS10UltWF12R512Gry-AU,,,,,,https://www.jbhifi.com.au/products/samsung-galaxy-tab-s10-ultra-14-6-wi-fi-512gb-grey,https://www.mobileciti.com.au/samsung-galaxy-tab-s10-ultra-wi-fi-512gb-12gb-14-6-sm-x920b-grey,,,,https://www.amazon.com.au/dp/B0DGQ8HF9Q,#N/A
"Samsung Galaxy Tab S10 Ultra Wifi (12GB RAM, 512GB, Platinum Silver) - Brand New",Samsung Galaxy Tab S Series,Samsung,,,SamGalTabS10UltWF12R512Slv-AU,,,,,,,,,,,https://www.amazon.com.au/dp/B0DJD6FDPC,#N/A
"Samsung Galaxy Tab S10+ 5G (12GB RAM, 256GB, Moonstone Gray) - Brand New",Samsung Galaxy Tab S Series,Samsung,,,SamGalTabS10Pls5G12R256Gry-AU,,,,,,https://www.jbhifi.com.au/products/samsung-galaxy-tab-s10-12-4-5g-256gb-grey,https://www.mobileciti.com.au/samsung-galaxy-tab-s10-plus-5g-256gb-12gb-12-4-sm-x826b-grey,,,,,#N/A
"Samsung Galaxy Tab S10+ 5G (12GB RAM, 256GB, Platinum Silver) - Brand New",Samsung Galaxy Tab S Series,Samsung,,,SamGalTabS10Pls5G12R256Slv-AU,,,,,,,,,,,,#N/A
"Samsung Galaxy Tab S10+ 5G (12GB RAM, 512GB, Moonstone Gray) - Brand New",Samsung Galaxy Tab S Series,Samsung,,,SamGalTabS10Pls5G12R512Gry-AU,,,,,,https://www.jbhifi.com.au/products/samsung-galaxy-tab-s10-12-4-5g-512gb-grey,https://www.mobileciti.com.au/samsung-galaxy-tab-s10-plus-5g-512gb-12gb-12-4-sm-x826b-grey,,,,,#N/A
"Samsung Galaxy Tab S10+ 5G (12GB RAM, 512GB, Platinum Silver) - Brand New",Samsung Galaxy Tab S Series,Samsung,,,SamGalTabS10Pls5G12R512Slv-AU,,,,,,,,,,,,#N/A
"Samsung Galaxy Tab S10+ Wifi (12GB RAM, 256GB, Moonstone Gray) - Brand New",Samsung Galaxy Tab S Series,Samsung,,,SamGalTabS10PlsWF12R256Gry-AU,,,,,,https://www.jbhifi.com.au/products/samsung-galaxy-tab-s10-12-4-wi-fi-256gb-grey,https://www.mobileciti.com.au/samsung-galaxy-tab-s10-plus-wi-fi-256gb-12gb-12-4-sm-x820n-grey,https://buymobile.com.au/products/samsung-galaxy-tab-s10-x820-12gb-ram-256gb-wifi?variant=42457635487859,,,https://www.amazon.com.au/dp/B0DJB4SF41,#N/A
"Samsung Galaxy Tab S10+ Wifi (12GB RAM, 256GB, Platinum Silver) - Brand New",Samsung Galaxy Tab S Series,Samsung,,,SamGalTabS10PlsWF12R256Slv-AU,,,,,,,,https://buymobile.com.au/products/samsung-galaxy-tab-s10-x820-12gb-ram-256gb-wifi?variant=42457635520627,,,,#N/A
"Samsung Galaxy Tab S10+ Wifi (12GB RAM, 512GB, Moonstone Gray) - Brand New",Samsung Galaxy Tab S Series,Samsung,,,SamGalTabS10PlsWF12R512Gry-AU,,,,,,https://www.jbhifi.com.au/products/samsung-galaxy-tab-s10-12-4-wi-fi-512gb-grey,https://www.mobileciti.com.au/samsung-galaxy-tab-s10-plus-wi-fi-512gb-12gb-12-4-sm-x820n-grey,https://buymobile.com.au/products/samsung-galaxy-tab-s10-x820-12gb-ram-512gb-wifi?variant=42658673852531,,,,#N/A
"Samsung Galaxy Tab S10+ Wifi (12GB RAM, 512GB, Platinum Silver) - Brand New",Samsung Galaxy Tab S Series,Samsung,,,SamGalTabS10PlsWF12R512Slv-AU,,,,,,,,https://buymobile.com.au/products/samsung-galaxy-tab-s10-x820-12gb-ram-512gb-wifi?variant=42658673885299,,,https://www.amazon.com.au/dp/B0D854JR3R,#N/A
"Samsung Galaxy Tab S6 Lite (2024) Wifi (4GB RAM, 128GB, Gray) - Brand New",Samsung Galaxy Tab S Series,Samsung,,,GalTabS6Lit2024WF4R128Gry-AU,,,,,,https://www.jbhifi.com.au/products/samsung-galaxy-tab-s6-lite-10-4-wi-fi-128gb-oxford-grey-1,,,,,,#N/A
"Samsung Galaxy Tab S9 5G (12GB RAM, 256GB, Graphite) - Brand New",Samsung Galaxy Tab S Series,Samsung,,,GalTabS95G12R256GrpPRT-AU,,,,,,https://www.jbhifi.com.au/products/samsung-galaxy-tab-s9-11-5g-128gb-graphite,,,,,,#N/A
"Samsung Galaxy Tab S9 FE Wifi (6GB RAM, 128GB, Gray) - Brand New",Samsung Galaxy Tab S Series,Samsung,,,SamGalxTabS9FE128GBGray-PRT-AU,,,,,,https://www.jbhifi.com.au/products/samsung-galaxy-tab-s9-fe-10-9-wi-fi-128gb-grey,https://www.mobileciti.com.au/samsung-galaxy-tab-s9-fe-wi-fi-128gb-6gb-10-9-sm-x510n-grey,,,,,#N/A
"Samsung Galaxy Tab S9 FE Wifi (6GB RAM, 128GB, Lavender) - Brand New",Samsung Galaxy Tab S Series,Samsung,,,SamGalxTabS9FE128GBLav-PRT-AU,,,,,,https://www.jbhifi.com.au/products/samsung-galaxy-tab-s9-fe-10-9-wi-fi-128gb-lavender,https://www.mobileciti.com.au/samsung-galaxy-tab-s9-fe-wi-fi-128gb-lavender,,,,,#N/A
"Samsung Galaxy Tab S9 FE Wifi (6GB RAM, 128GB, Mint) - Brand New",Samsung Galaxy Tab S Series,Samsung,,,SamGalxTabS9FE128GBMint-PRT-AU,,,,,,https://www.jbhifi.com.au/products/samsung-galaxy-tab-s9-fe-10-9-wi-fi-128gb-mint,https://www.mobileciti.com.au/samsung-galaxy-tab-s9-fe-wi-fi-128gb-sm-x510nlgaxsa-mint,,,,,#N/A
"Samsung Galaxy Tab S9 FE Wifi (6GB RAM, 128GB, Silver) - Brand New",Samsung Galaxy Tab S Series,Samsung,,,SamGalxTabS9FE128GBSilv-PRT-AU,,,,,,https://www.jbhifi.com.au/products/samsung-galaxy-tab-s9-fe-10-9-wi-fi-128gb-silver,https://www.mobileciti.com.au/samsung-galaxy-tab-s9-fe-wi-fi-128gb-6gb-10-9-sm-x510n-silver,,,,,#N/A
"Samsung Galaxy Tab S9 FE Wifi (8GB RAM, 256GB, Gray) - Brand New",Samsung Galaxy Tab S Series,Samsung,,,SamGalxTabS9FE256GBGray-PRT-AU,,,,,,https://www.jbhifi.com.au/products/samsung-galaxy-tab-s9-fe-10-9-wi-fi-256gb-grey,https://www.mobileciti.com.au/samsung-galaxy-tab-s9-fe-wi-fi-256gb-8gb-grey,,,,https://www.amazon.com.au/dp/B0CHYPL38G,#N/A
"Samsung Galaxy Tab S9 FE Wifi (8GB RAM, 256GB, Lavender) - Brand New",Samsung Galaxy Tab S Series,Samsung,,,SamGalxTabS9FE256GBLav-PRT-AU,,,,,,,,,,,https://www.amazon.com.au/dp/B0CHZ4C23C,#N/A
"Samsung Galaxy Tab S9 FE Wifi (8GB RAM, 256GB, Mint) - Brand New",Samsung Galaxy Tab S Series,Samsung,,,SamGalxTabS9FE256GBMint-PRT-AU,,,,,,,,,,,,#N/A
"Samsung Galaxy Tab S9 FE Wifi (8GB RAM, 256GB, Silver) - Brand New",Samsung Galaxy Tab S Series,Samsung,,,SamGalxTabS9FE256GBSilv-PRT-AU,,,,,,,,,,,,#N/A
"Samsung Galaxy Tab S9 FE+ 5G (8GB RAM, 128GB, Silver) - Brand New",Samsung Galaxy Tab S Series,Samsung,,,GalTabS9FEPls5G8R128Slv-AU,,,,,,,,https://buymobile.com.au/collections/android-tablets/products/samsung-galaxy-tab-s9-fe-x610-8gb-ram-128gb-wifi?variant=41102460715123,,,,#N/A
"Samsung Galaxy Tab S9 FE+ Wifi (12GB RAM, 256GB, Gray) - Brand New",Samsung Galaxy Tab S Series,Samsung,,,GalaxyTabS9FEPlusWf256GBGry-PRT-AU,,,,,,https://www.jbhifi.com.au/products/samsung-galaxy-tab-s9-fe-12-4-wi-fi-256gb-grey,,,,,,#N/A
"Samsung Galaxy Tab S9 FE+ Wifi (12GB RAM, 256GB, Lavender) - Brand New",Samsung Galaxy Tab S Series,Samsung,,,GalaxyTabS9FEPlusWf256GBLvd-PRT-AU,,,,,,,,,,,https://www.amazon.com.au/dp/B0CCC1134M,#N/A
"Samsung Galaxy Tab S9 FE+ Wifi (12GB RAM, 256GB, Mint) - Brand New",Samsung Galaxy Tab S Series,Samsung,,,GalaxyTabS9FEPlusWf256GBMnt-AU,,,,,,,,https://buymobile.com.au/products/samsung-galaxy-tab-s9-fe-x610-12gb-ram-256gb-wifi?variant=41102621114483,,,,#N/A
"Samsung Galaxy Tab S9 FE+ Wifi (12GB RAM, 256GB, Silver) - Brand New",Samsung Galaxy Tab S Series,Samsung,,,GalaxyTabS9FEPlusWf256GBSlv-AU,,,,,,,,https://buymobile.com.au/products/samsung-galaxy-tab-s9-fe-x610-12gb-ram-256gb-wifi?variant=41102621147251,,,,#N/A
"Samsung Galaxy Tab S9 FE+ Wifi (8GB RAM, 128GB, Gray) - Brand New",Samsung Galaxy Tab S Series,Samsung,,,GalaxyTabS9FEPlusWf128GBGry-PRT-AU,,,,,,https://www.jbhifi.com.au/products/samsung-galaxy-tab-s9-fe-12-4-wi-fi-128gb-grey,https://www.mobileciti.com.au/samsung-galaxy-tab-s9-fe-plus-wi-fi-128gb-grey,,,,,#N/A
"Samsung Galaxy Tab S9 FE+ Wifi (8GB RAM, 128GB, Lavender) - Brand New",Samsung Galaxy Tab S Series,Samsung,,,GalTabS9FEPlsWF8R128LavPRT-AU,,,,,,https://www.jbhifi.com.au/products/samsung-galaxy-tab-s9-fe-12-4-wi-fi-128gb-lavender,https://www.mobileciti.com.au/samsung-galaxy-tab-s9-fe-plus-wi-fi-128gb-sm-x610n-lavender,https://buymobile.com.au/products/samsung-galaxy-tab-s9-fe-x610-8gb-ram-128gb-wifi?variant=41173797306483,,,,#N/A
"Samsung Galaxy Tab S9 FE+ Wifi (8GB RAM, 128GB, Mint) - Brand New",Samsung Galaxy Tab S Series,Samsung,,,GalaxyTabS9FEPlusWf128GBMnt-PRT-AU,,,,,,https://www.jbhifi.com.au/products/samsung-galaxy-tab-s9-fe-12-4-wi-fi-128gb-mint,https://www.mobileciti.com.au/samsung-galaxy-tab-s9-fe-plus-wi-fi-128gb-mint,https://buymobile.com.au/products/samsung-galaxy-tab-s9-fe-x610-8gb-ram-128gb-wifi?variant=41102460682355,,,,#N/A
"Samsung Galaxy Tab S9 FE+ Wifi (8GB RAM, 128GB, Silver) - Brand New",Samsung Galaxy Tab S Series,Samsung,,,GalaxyTabS9FEPlusWf128GBSlv-PRT-AU,,,,,,https://www.jbhifi.com.au/products/samsung-galaxy-tab-s9-fe-12-4-wi-fi-128gb-silver,https://www.mobileciti.com.au/samsung-galaxy-tab-s9-fe-plus-wi-fi-128gb-silver,https://buymobile.com.au/products/samsung-galaxy-tab-s9-fe-x610-8gb-ram-128gb-wifi?variant=41102460715123,,,,#N/A
"Samsung Galaxy Tab S9 Ultra Wifi (12GB RAM, 256GB, Beige) - Brand New",Samsung Galaxy Tab S Series,Samsung,,,GalTabS9UltWF12R256BeiPRT-AU,,,,,,,,,,,,#N/A
"Samsung Galaxy Tab S9 Ultra Wifi (12GB RAM, 256GB, Graphite) - Brand New",Samsung Galaxy Tab S Series,Samsung,,,GalTabS9UltWF12R256GrpPRT-AU,,,,,,https://www.jbhifi.com.au/products/samsung-galaxy-tab-s9-ultra-14-6-wi-fi-256gb-graphite,,,,,,#N/A
"Samsung Galaxy Tab S9 Ultra Wifi (12GB RAM, 512GB, Graphite) - Brand New",Samsung Galaxy Tab S Series,Samsung,,,GalTabS9UltWF12R512GrpPRT-AU,,,,,,,,,,,,#N/A
"Samsung Galaxy Tab S9 Wifi (12GB RAM, 256GB, Beige) - Brand New",Samsung Galaxy Tab S Series,Samsung,,,GalTabS9WF12R256Bei-AU,,,,,,,,https://buymobile.com.au/products/samsung-galaxy-tab-s9-x710-12gb-ram-256gb-wifi?variant=42457276448883,,,https://www.amazon.com.au/dp/B0CCXTMTT2,#N/A
"Samsung Galaxy Tab S9 Wifi (12GB RAM, 256GB, Graphite) - Brand New",Samsung Galaxy Tab S Series,Samsung,,,GalTabS9WF12R256GrpPRT-AU,,,,,,https://www.jbhifi.com.au/products/samsung-galaxy-tab-s9-11-wi-fi-256gb-graphite,,,,,,#N/A
"Samsung Galaxy Tab S9 Wifi (8GB RAM, 128GB, Beige) - Brand New",Samsung Galaxy Tab S Series,Samsung,,,GalTabS9WF8R128BeiPRT-AU,,,,,,,https://www.mobileciti.com.au/samsung-galaxy-tab-s9-wi-fi-11-128gb-8gb-sm-x710-beige,,,https://bestmobilephone.com.au/samsung-galaxy-tab-s9-8gb-128gb-wifi-11-0-inch-beige-x710/,,#N/A
"Samsung Galaxy Tab S9 Wifi (8GB RAM, 128GB, Graphite) - Brand New",Samsung Galaxy Tab S Series,Samsung,,,GalTabS9WF8R128GrpPRT-AU,,,,,,https://www.jbhifi.com.au/products/samsung-galaxy-tab-s9-11-wi-fi-128gb-graphite,https://www.mobileciti.com.au/samsung-galaxy-tab-s9-wi-fi-11-128gb-8gb-sm-x710-graphite,,,,,#N/A
"Samsung Galaxy Tab S9+ Plus Wifi (12GB RAM, 256GB, Beige) - Brand New",Samsung Galaxy Tab S Series,Samsung,,,GalTabS9PsWF12R256BeiPRT-AU,,,,,,,,,,,,#N/A
"Samsung Galaxy Tab S9+ Plus Wifi (12GB RAM, 256GB, Graphite) - Brand New",Samsung Galaxy Tab S Series,Samsung,,,GalTabS9PsWF12R256GrpPRT-AU,,,,,,,,,,,,#N/A
"Samsung Galaxy Watch FE (R861, 40mm, Pink Gold) - Brand New",Samsung Galaxy Watch FE,Samsung,,,GalWatFER86140Pnk-AU,,,,,,https://www.jbhifi.com.au/products/samsung-galaxy-watch-fe-40mm-pink-gold,https://www.mobileciti.com.au/samsung-galaxy-watch-fe-bluetooth-40mm-pink-gold,,,,,#N/A
"Samsung Galaxy Watch Ultra 2025 Cellular (47mm, Titanium Blue) - Brand New",Samsung Galaxy Watch Ultra,Samsung,,,GalWatUlt20254G47Bl-AU,,,,,,https://www.jbhifi.com.au/products/samsung-galaxy-watch-ultra-47mm-titanium-blue-2025,https://www.mobileciti.com.au/samsung-galaxy-watch-ultra-2025-lte-47mm-sm-l705fzb1xsa-blue,,,,https://www.amazon.com.au/dp/B0FJVCVXWZ,#N/A
"Samsung Galaxy Watch Ultra 2025 Cellular (47mm, Titanium Grey) - Brand New",Samsung Galaxy Watch Ultra,Samsung,,,GalWatUlt20254G47Gy-AU,,,,,,https://www.jbhifi.com.au/products/samsung-galaxy-watch-ultra-47mm-titanium-grey-2025,https://www.mobileciti.com.au/samsung-galaxy-watch-ultra-2025-lte-47mm-sm-l705fza1xsa-grey,,,,https://www.amazon.com.au/dp/B0DDJGKKTQ,#N/A
"Samsung Galaxy Watch Ultra 2025 Cellular (47mm, Titanium Silver) - Brand New",Samsung Galaxy Watch Ultra,Samsung,,,GalWatUlt20254G47Sv-AU,,,,,,https://www.jbhifi.com.au/products/samsung-galaxy-watch-ultra-47mm-titanium-silver-2025,https://www.mobileciti.com.au/samsung-galaxy-watch-ultra-2025-lte-47mm-sm-l705fzs1xsa-titanium-silver,,,,https://www.amazon.com.au/dp/B0FDQKZNCB,#N/A
"Samsung Galaxy Watch Ultra 2025 Cellular (47mm, Titanium White) - Brand New",Samsung Galaxy Watch Ultra,Samsung,,,GalWatUlt20254G47Wt-AU,,,,,,https://www.jbhifi.com.au/products/samsung-galaxy-watch-ultra-47mm-titanium-white-2025,https://www.mobileciti.com.au/samsung-galaxy-watch-ultra-2025-lte-47mm-sm-l705faw1xsa-white,,,,https://www.amazon.com.au/dp/B0FG8M1ND6,#N/A
"Samsung Galaxy Watch Ultra Cellular (L705, 47mm, Titanium Grey) - Brand New",Samsung Galaxy Watch Ultra,Samsung,,,GalWatUltCelL70547Gry-AU,,,,,,https://www.jbhifi.com.au/products/samsung-galaxy-watch-ultra-47mm-titanium-grey-2025,,https://buymobile.com.au/products/samsung-galaxy-watch-ultra-47mm-case-4g-lte?variant=42128147480691,,,https://www.amazon.com.au/dp/B0DDJGKKTQ,#N/A
"Samsung Galaxy Watch Ultra Cellular (L705, 47mm, Titanium Silver) - Brand New",Samsung Galaxy Watch Ultra,Samsung,,,GalWatUltCelL70547Slv-AU,,,,,,https://www.jbhifi.com.au/products/samsung-galaxy-watch-ultra-47mm-titanium-silver-2025,,https://buymobile.com.au/products/samsung-galaxy-watch-ultra-47mm-case-4g-lte?variant=42128074244211,,,https://www.amazon.com.au/dp/B0D6S1VY93,#N/A
"Samsung Galaxy Watch Ultra Cellular (L705, 47mm, Titanium White) - Brand New",Samsung Galaxy Watch Ultra,Samsung,,,GalWatUltCelL70547Wht-AU,,,,,,https://www.jbhifi.com.au/products/samsung-galaxy-watch-ultra-47mm-titanium-white-2025,,https://buymobile.com.au/products/samsung-galaxy-watch-ultra-47mm-case-4g-lte?variant=42128148234355,https://spectronic.com.au/product/samsung-galaxy-watch-ultra-47mm-lte-white-sm-l705/,,,#N/A
"Samsung Galaxy Watch6 (40MM, Gold) - Brand New",Samsung Galaxy Watch6,Samsung,,,SamGalWat640GldCS-AU,,,,,,https://www.jbhifi.com.au/products/samsung-galaxy-watch6-40mm-gold,,,,,,#N/A
"Samsung Galaxy Watch6 Classic (R960, 47mm, Astro Edition) - Brand New",Samsung Galaxy Watch6,Samsung,,,GalWat6ClsR960BTH47AstEd-AU,,,,,,,,,,,,#N/A
"Samsung Galaxy Watch6 Classic Bluetooth (R960, 47mm, Silver) - Brand New",Samsung Galaxy Watch6,Samsung,,,GalWat6ClsR960BTH47SlvPRT-AU,,,,,,https://www.jbhifi.com.au/products/samsung-galaxy-watch6-classic-47mm-silver,https://www.mobileciti.com.au/samsung-galaxy-watch6-classic-47mm-bluetooth-silver,,,https://bestmobilephone.com.au/samsung-r960-galaxy-watch-6-classic-47mm-bluetooth-silver/,,#N/A
"Samsung Galaxy Watch7 (L300, 40mm, Cream) - Brand New",Samsung Galaxy Watch7,Samsung,,,GalWat7L30040Crm-AU,,,,,,https://www.jbhifi.com.au/products/samsung-galaxy-watch7-40mm-cream,https://www.mobileciti.com.au/samsung-galaxy-watch7-bluetooth-40mm-sm-l300nzeaxsa-cream,https://buymobile.com.au/products/samsung-galaxy-watch7-40mm-case-bluetooth-1?variant=42127899754611,,,https://www.amazon.com.au/dp/B0D4F1QDTT,#N/A
"Samsung Galaxy Watch7 (L300, 40mm, Green) - Brand New",Samsung Galaxy Watch7,Samsung,,,GalWat7L30040Grn-AU,,,,,,https://www.jbhifi.com.au/products/samsung-galaxy-watch7-40mm-green,https://www.mobileciti.com.au/samsung-galaxy-watch7-bluetooth-40mm-sm-l300nzgaxsa-khaki,https://buymobile.com.au/products/samsung-galaxy-watch7-40mm-case-bluetooth-1?variant=42127899787379,https://spectronic.com.au/product/samsung-galaxy-watch-7-40mm-green-sm-l300/,,https://www.amazon.com.au/dp/B0D4DYCGCX,#N/A
"Samsung Galaxy Watch7 (L310, 44mm, Green) - Brand New",Samsung Galaxy Watch7,Samsung,,,GalWat7L31044Grn-AU,,,,,,https://www.jbhifi.com.au/products/samsung-galaxy-watch7-44mm-green,https://www.mobileciti.com.au/samsung-galaxy-watch7-bluetooth-44mm-sm-l310nzgaxsa-khaki,https://buymobile.com.au/products/samsung-galaxy-watch7-44mm-case-bluetooth?variant=42127963062387,https://spectronic.com.au/product/samsung-galaxy-watch-7-44mm-green-sm-l310/,,https://www.amazon.com.au/dp/B0D6S19XFC,#N/A
"Samsung Galaxy Watch7 (L310, 44mm, Silver) - Brand New",Samsung Galaxy Watch7,Samsung,,,GalWat7L31044Slv-AU,,,,,,https://www.jbhifi.com.au/products/samsung-galaxy-watch7-44mm-silver,https://www.mobileciti.com.au/samsung-galaxy-watch7-bluetooth-44mm-sm-l310nzsaxsa-silver,https://buymobile.com.au/products/samsung-galaxy-watch7-44mm-case-bluetooth?variant=42127963029619,https://spectronic.com.au/product/samsung-galaxy-watch-7-44mm-silver-sm-l310/,,https://www.amazon.com.au/dp/B0DF869R3Y,#N/A
"Samsung Galaxy Watch7 LTE (L305, 40mm, Cream) - Brand New",Samsung Galaxy Watch7,Samsung,,,GalWat7LTEL30540Crm-AU,,,,,,https://www.jbhifi.com.au/products/samsung-galaxy-watch7-lte-44mm-silver,https://www.mobileciti.com.au/samsung-galaxy-watch7-lte-40mm-sm-l305fzeaxsa-cream,,,,https://www.amazon.com.au/dp/B0DF5RDJJY,#N/A
"Samsung Galaxy Watch7 LTE (L305, 40mm, Green) - Brand New",Samsung Galaxy Watch7,Samsung,,,GalWat7LTEL30540Grn-AU,,,,,,https://www.jbhifi.com.au/products/samsung-galaxy-watch7-lte-40mm-green,https://www.mobileciti.com.au/samsung-galaxy-watch7-lte-40mm-sm-l305fzgaxsa-khaki,,,,https://www.amazon.com.au/dp/B0DV9D6THG,#N/A
"Samsung Galaxy Watch7 LTE (L315, 44mm, Green) - Brand New",Samsung Galaxy Watch7,Samsung,,,GalWat7LTEL31544Grn-AU,,,,,,https://www.jbhifi.com.au/products/samsung-galaxy-watch7-lte-44mm-green,https://www.mobileciti.com.au/samsung-galaxy-watch7-lte-44mm-sm-l315fzgaxsa-khaki,,,,https://www.amazon.com.au/dp/B0D7M36QP4,#N/A
"Samsung Galaxy Watch7 LTE (L315, 44mm, Silver) - Brand New",Samsung Galaxy Watch7,Samsung,,,GalWat7LTEL31544Slv-AU,,,,,,https://www.jbhifi.com.au/products/samsung-galaxy-watch7-lte-44mm-silver,https://www.mobileciti.com.au/samsung-galaxy-watch7-lte-44mm-sm-l315fzsaxsa-silver,,,,https://www.amazon.com.au/dp/B0D6RZ1GNQ,#N/A
"Samsung Galaxy Watch8 Cellular (40mm, Graphite) - Brand New",Samsung Galaxy Watch8,Samsung,,,GalWat84G40GpSM-AU,,,,,,https://www.jbhifi.com.au/products/samsung-galaxy-watch8-lte-40mm-graphite,https://www.mobileciti.com.au/samsung-galaxy-watch8-lte-40mm-sm-l325fdaaxsa-graphite,https://buymobile.com.au/products/samsung-galaxy-watch8-40mm-case-lte?variant=43243695669363,,,https://www.amazon.com.au/dp/B0FDQKGB28,#N/A
"Samsung Galaxy Watch8 Cellular (40mm, Silver) - Brand New",Samsung Galaxy Watch8,Samsung,,,GalWat84G40SvSM-AU,,,,,,https://www.jbhifi.com.au/products/samsung-galaxy-watch8-lte-40mm-silver,https://www.mobileciti.com.au/samsung-galaxy-watch8-lte-40mm-sm-l325fzsaxsa-silver,https://buymobile.com.au/products/samsung-galaxy-watch8-40mm-case-lte?variant=43243695702131,,,https://www.amazon.com.au/dp/B0FDQLKGBW,#N/A
"Samsung Galaxy Watch8 Cellular (44mm, Graphite) - Brand New",Samsung Galaxy Watch8,Samsung,,,GalWat84G44GpSM-AU,,,,,,https://www.jbhifi.com.au/products/samsung-galaxy-watch8-lte-44mm-graphite,https://www.mobileciti.com.au/samsung-galaxy-watch8-lte-44mm-sm-l335fdaaxsa-graphite,https://buymobile.com.au/products/samsung-galaxy-watch8-44mm-case-lte?variant=43243695276147,,,https://www.amazon.com.au/dp/B0FDQK5KSZ,#N/A
"Samsung Galaxy Watch8 Cellular (44mm, Silver) - Brand New",Samsung Galaxy Watch8,Samsung,,,GalWat84G44SvSM-AU,,,,,,https://www.jbhifi.com.au/products/samsung-galaxy-watch8-lte-44mm-silver,https://www.mobileciti.com.au/samsung-galaxy-watch8-lte-44mm-sm-l335fzsaxsa-silver,https://buymobile.com.au/products/samsung-galaxy-watch8-44mm-case-lte?variant=43243695308915,,,https://www.amazon.com.au/dp/B0FDQMBKVR,#N/A
"Samsung Galaxy Watch8 Classic Cellular (46mm, Black) - Brand New",Samsung Galaxy Watch8,Samsung,,,GalWat8CS4G46Bk-AU,,,,,,https://www.jbhifi.com.au/products/samsung-galaxy-watch8-classic-lte-46mm-black,https://www.mobileciti.com.au/samsung-galaxy-watch8-classic-lte-46mm-sm-l505fzkaxsa-black,,,,https://www.amazon.com.au/dp/B0FDQKTFWY,#N/A
"Samsung Galaxy Watch8 Classic Cellular (46mm, White) - Brand New",Samsung Galaxy Watch8,Samsung,,,GalWat8CS4G46Wt-AU,,,,,,https://www.jbhifi.com.au/products/samsung-galaxy-watch8-classic-lte-46mm-white,https://www.mobileciti.com.au/samsung-galaxy-watch8-classic-lte-46mm-sm-l505fzwaxsa-white,,,,https://www.amazon.com.au/dp/B0FDQLLKRP,#N/A
"Samsung Galaxy Watch8 Classic GPS (46mm, Black) - Brand New",Samsung Galaxy Watch8,Samsung,,,GalWat8CSGPS46Bk-AU,,,,,,https://www.jbhifi.com.au/products/samsung-galaxy-watch8-classic-46mm-black,https://www.mobileciti.com.au/samsung-galaxy-watch8-classic-bluetooth-46mm-sm-l500nzkaxsa-black,https://buymobile.com.au/products/samsung-galaxy-watch8-classic-46mm-case-bluetooth?variant=43243695046771,,,https://www.amazon.com.au/dp/B0FJXMKLS9,#N/A
"Samsung Galaxy Watch8 Classic GPS (46mm, White) - Brand New",Samsung Galaxy Watch8,Samsung,,,GalWat8CSGPS46Wt-AU,,,,,,https://www.jbhifi.com.au/products/samsung-galaxy-watch8-classic-46mm-white,https://www.mobileciti.com.au/samsung-galaxy-watch8-classic-bluetooth-46mm-sm-l500nzwaxsa-white,https://buymobile.com.au/products/samsung-galaxy-watch8-classic-46mm-case-bluetooth?variant=43243695079539,,,https://www.amazon.com.au/dp/B0FH7KDT6W,#N/A
"Samsung Galaxy Watch8 GPS (40mm, Graphite) - Brand New",Samsung Galaxy Watch8,Samsung,,,GalWat8GPS40GpSM-AU,,,,,,https://www.jbhifi.com.au/products/samsung-galaxy-watch8-40mm-graphite,https://www.mobileciti.com.au/samsung-galaxy-watch8-bluetooth-40mm-sm-l320ndaaxsa-graphite,https://buymobile.com.au/products/samsung-galaxy-watch8-40mm-case-bluetooth?variant=43243695964275,,,https://www.amazon.com.au/dp/B0FDQJSPJK,#N/A
"Samsung Galaxy Watch8 GPS (40mm, Silver) - Brand New",Samsung Galaxy Watch8,Samsung,,,GalWat8GPS40SvSM-AU,,,,,,https://www.jbhifi.com.au/products/samsung-galaxy-watch8-40mm-silver,https://www.mobileciti.com.au/samsung-galaxy-watch8-bluetooth-40mm-sm-l320nzsaxsa-silver,https://buymobile.com.au/products/samsung-galaxy-watch8-40mm-case-bluetooth?variant=43243695997043,,,https://www.amazon.com.au/dp/B0FH7L63CV,#N/A
"Samsung Galaxy Watch8 GPS (44mm, Graphite) - Brand New",Samsung Galaxy Watch8,Samsung,,,GalWat8GPS44GpSM-AU,,,,,,https://www.jbhifi.com.au/products/samsung-galaxy-watch8-44mm-graphite,https://www.mobileciti.com.au/samsung-galaxy-watch8-bluetooth-44mm-sm-l330ndaaxsa-graphite,https://buymobile.com.au/products/samsung-galaxy-watch8-44mm-case-bluetooth?variant=43243694882931,,,https://www.amazon.com.au/dp/B0FDQNRHLD,#N/A
"Samsung Galaxy Watch8 GPS (44mm, Silver) - Brand New",Samsung Galaxy Watch8,Samsung,,,GalWat8GPS44SvSM-AU,,,,,,https://www.jbhifi.com.au/products/samsung-galaxy-watch8-44mm-silver,https://www.mobileciti.com.au/samsung-galaxy-watch8-bluetooth-44mm-sm-l330nzsaxsa-silver,https://buymobile.com.au/products/samsung-galaxy-watch8-44mm-case-bluetooth?variant=43243694915699,,,,#N/A
"Samsung Galaxy Z Flip6 5G (12GB RAM, 256GB, Blue) - Brand New",Samsung Galaxy Z Flip Series,Samsung,,,SamGalZFlp612R256Blu-AU,,,,,,https://www.jbhifi.com.au/products/samsung-galaxy-z-flip6-5g-256gb-blue,,https://buymobile.com.au/collections/samsung-galaxy-z-series/products/samsung-galaxy-z-flip6-12gb-ram-256gb-5g?variant=42105355599987,,https://bestmobilephone.com.au/samsung-galaxy-z-flip6-5g-dual-sim-12gb-256gb-blue-global-version-sm-f7410/,,#N/A
"Samsung Galaxy Z Flip6 5G (12GB RAM, 256GB, Mint) - Brand New",Samsung Galaxy Z Flip Series,Samsung,,,SamGalZFlp612R256Mnt-AU,,,,,,https://www.jbhifi.com.au/products/samsung-galaxy-z-flip6-5g-256gb-mint,https://www.mobileciti.com.au/samsung-galaxy-z-flip6-5g-256gb-mint,https://buymobile.com.au/collections/samsung-galaxy-z-series/products/samsung-galaxy-z-flip6-12gb-ram-256gb-5g?variant=42105355665523,,https://bestmobilephone.com.au/samsung-galaxy-z-flip6-5g-dual-sim-12gb-256gb-mint-global-version-sm-f7410/,,#N/A
"Samsung Galaxy Z Flip6 5G (12GB RAM, 256GB, Silver Shadow) - Brand New",Samsung Galaxy Z Flip Series,Samsung,,,SamGalZFlp612R256Slv-AU,,,,,,https://www.jbhifi.com.au/products/samsung-galaxy-z-flip6-5g-256gb-silver-shadow,https://www.mobileciti.com.au/samsung-galaxy-z-flip6-5g-256gb-silver-shadow,https://buymobile.com.au/collections/samsung-galaxy-z-series/products/samsung-galaxy-z-flip6-12gb-ram-256gb-5g?variant=42105355567219,,https://bestmobilephone.com.au/samsung-galaxy-z-flip6-5g-dual-sim-12gb-256gb-silver-shadow-global-version-sm-f7410/,,#N/A
"Samsung Galaxy Z Flip6 5G (12GB RAM, 256GB, Yellow) - Brand New",Samsung Galaxy Z Flip Series,Samsung,,,SamGalZFlp612R256Ylw-AU,,,,,,https://www.jbhifi.com.au/products/samsung-galaxy-z-flip6-5g-256gb-yellow,,https://buymobile.com.au/collections/samsung-galaxy-z-series/products/samsung-galaxy-z-flip6-12gb-ram-256gb-5g?variant=42105355632755,,,,#N/A
"Samsung Galaxy Z Flip6 5G (12GB RAM, 512GB, Blue) - Brand New",Samsung Galaxy Z Flip Series,Samsung,,,SamGalZFlp612R512Blu-AU,,,,,,https://www.jbhifi.com.au/products/samsung-galaxy-z-flip6-5g-512gb-blue,,https://buymobile.com.au/collections/samsung-galaxy-z-series/products/samsung-galaxy-z-flip6-12gb-ram-512gb-5g?variant=42105411272819,,https://bestmobilephone.com.au/samsung-galaxy-z-flip6-5g-dual-sim-12gb-512gb-blue-global-version-sm-f7410/,,#N/A
"Samsung Galaxy Z Flip6 5G (12GB RAM, 512GB, Doraemon) - Brand New",Samsung Galaxy Z Flip Series,Samsung,,,SamGalZFlp612R512Dmn-AU,,,,,,,,,,,,#N/A
"Samsung Galaxy Z Flip6 5G (12GB RAM, 512GB, Mint) - Brand New",Samsung Galaxy Z Flip Series,Samsung,,,SamGalZFlp612R512Mnt-AU,,,,,,https://www.jbhifi.com.au/products/samsung-galaxy-z-flip6-5g-512gb-mint,,https://buymobile.com.au/collections/samsung-galaxy-z-series/products/samsung-galaxy-z-flip6-12gb-ram-512gb-5g?variant=42105411338355,,https://bestmobilephone.com.au/samsung-galaxy-z-flip6-5g-dual-sim-12gb-512gb-mint-global-version-sm-f7410/,,#N/A
"Samsung Galaxy Z Flip6 5G (12GB RAM, 512GB, Silver Shadow) - Brand New",Samsung Galaxy Z Flip Series,Samsung,,,SamGalZFlp612R512Slv-AU,,,,,,https://www.jbhifi.com.au/products/samsung-galaxy-z-flip6-5g-512gb-silver-shadow,,https://buymobile.com.au/collections/samsung-galaxy-z-series/products/samsung-galaxy-z-flip6-12gb-ram-512gb-5g?variant=42105411240051,,https://bestmobilephone.com.au/samsung-galaxy-z-flip6-5g-dual-sim-12gb-512gb-silver-shadow-global-version-sm-f7410/,,#N/A
"Samsung Galaxy Z Flip6 5G (12GB RAM, 512GB, Yellow) - Brand New",Samsung Galaxy Z Flip Series,Samsung,,,SamGalZFlp612R512Ylw-AU,,,,,,https://www.jbhifi.com.au/products/samsung-galaxy-z-flip6-5g-512gb-yellow,,,,,,#N/A
"Samsung Galaxy Z Flip7 5G (12GB RAM, 256GB, Blue Shadow) - Brand New",Samsung Galaxy Z Flip Series,Samsung,,,SGalZFlp712256Bl-AU,,,,,,https://www.jbhifi.com.au/products/samsung-galaxy-z-flip7-5g-256gb-blue-shadow,https://www.mobileciti.com.au/samsung-galaxy-z-flip7-5g-256gb-blue-shadow,https://buymobile.com.au/products/samsung-galaxy-z-flip7-f766b-12gb-ram-256gb-5g?variant=43186431295603,https://spectronic.com.au/product/galaxy-z-flip-7-5g-256gb-12gb-ram-blue-shadow-dual-sim-global-version-sm-f766b-ds-esim-support/,,https://www.amazon.com.au/dp/B0FDKZMMYC,"1,420.00"
"Samsung Galaxy Z Flip7 5G (12GB RAM, 512GB, Blue Shadow) - Brand New",Samsung Galaxy Z Flip Series,Samsung,,,SGalZFlp712512Bl-AU,,,,,,https://www.jbhifi.com.au/products/samsung-galaxy-z-flip7-5g-512gb-blue-shadow,https://www.mobileciti.com.au/samsung-galaxy-z-flip7-5g-512gb-blue-shadow,https://buymobile.com.au/products/samsung-galaxy-z-flip7-f766b-12gb-ram-512gb-5g?variant=43186591793267,,https://bestmobilephone.com.au/samsung-galaxy-z-flip7-5g-dual-sim-12gb-512gb-blue-shadow-global-version-sm-f9660/,https://www.amazon.com.au/dp/B0FJLXBVDT,
"Samsung Galaxy Z Flip7 5G (12GB RAM, 512GB, Coralred) - Brand New",Samsung Galaxy Z Flip Series,Samsung,,,SGalZFlp712512Rd-AU,,,,,,https://www.jbhifi.com.au/products/samsung-galaxy-z-flip7-5g-512gb-coralred,https://www.mobileciti.com.au/samsung-galaxy-z-flip7-5g-512gb-coralred,https://buymobile.com.au/products/samsung-galaxy-z-flip7-f766b-12gb-ram-512gb-5g?variant=43186591826035,,,https://www.amazon.com.au/dp/B0FDL2JJ34,
"Samsung Galaxy Z Flip7 5G (12GB RAM, 512GB, Jetblack) - Brand New",Samsung Galaxy Z Flip Series,Samsung,,,SGalZFlp712512Bk-AU,,,,,,https://www.jbhifi.com.au/products/samsung-galaxy-z-flip7-5g-512gb-jetblack,https://www.mobileciti.com.au/samsung-galaxy-z-flip7-5g-512gb-jetblack,https://buymobile.com.au/products/samsung-galaxy-z-flip7-f766b-12gb-ram-512gb-5g?variant=43186591760499,,https://bestmobilephone.com.au/samsung-galaxy-z-flip7-5g-dual-sim-12gb-512gb-jetblack-global-version-sm-f9660/,https://www.amazon.com.au/dp/B0FDKZ82MJ,
"Samsung Galaxy Z Flip7 5G (12GB RAM, 512GB, Mint) - Brand New",Samsung Galaxy Z Flip Series,Samsung,,,SGalZFlp712512Mt-AU,,,,,,,,https://buymobile.com.au/products/samsung-galaxy-z-flip7-f766b-12gb-ram-512gb-5g?variant=43749817909363,,,,#N/A
"Samsung Galaxy Z Flip7 FE 5G (8GB RAM, 128GB, Black) - Brand New",Samsung Galaxy Z Flip Series,Samsung,,,SGalZFlp7FE8128Bk-AU,,,,,,https://www.jbhifi.com.au/products/samsung-galaxy-z-flip7-fe-5g-128gb-black,https://www.mobileciti.com.au/samsung-galaxy-z-flip7-fe-5g-128gb-black,,,,,#N/A
"Samsung Galaxy Z Flip7 FE 5G (8GB RAM, 128GB, White) - Brand New",Samsung Galaxy Z Flip Series,Samsung,,,SGalZFlp7FE8128Wt-AU,,,,,,https://www.jbhifi.com.au/products/samsung-galaxy-z-flip7-fe-5g-128gb-white,https://www.mobileciti.com.au/samsung-galaxy-z-flip7-fe-5g-128gb-white,,,,,#N/A
"Samsung Galaxy Z Flip7 FE 5G (8GB RAM, 256GB, Black) - Brand New",Samsung Galaxy Z Flip Series,Samsung,,,SGalZFlp7FE8256Bk-AU,,,,,,https://www.jbhifi.com.au/products/samsung-galaxy-z-flip7-fe-5g-256gb-black,https://www.mobileciti.com.au/samsung-galaxy-z-flip7-fe-5g-256gb-black,,,,,#N/A
"Samsung Galaxy Z Flip7 FE 5G (8GB RAM, 256GB, White) - Brand New",Samsung Galaxy Z Flip Series,Samsung,,,SGalZFlp7FE8256Wt-AU,,,,,,https://www.jbhifi.com.au/products/samsung-galaxy-z-flip7-fe-5g-256gb-white,https://www.mobileciti.com.au/samsung-galaxy-z-flip7-fe-5g-256gb-white,,,,,#N/A
"Samsung Galaxy Z Fold6 5G (12GB RAM, 1TB, Navy) - Brand New",Samsung Galaxy Z Fold Series,Samsung,,,SamGalZFld612R1TBNvy-AU,,,,,,https://www.jbhifi.com.au/products/samsung-galaxy-z-fold6-5g-1tb-navy,,https://buymobile.com.au/collections/samsung-galaxy-z-series/products/samsung-galaxy-z-fold6-12gb-ram-1tb-5g?variant=42105624821875,,https://bestmobilephone.com.au/samsung-galaxy-z-fold6-5g-dual-sim-12gb-1tb-navy-global-version-sm-f9560/,,#N/A
"Samsung Galaxy Z Fold6 5G (12GB RAM, 1TB, Pink) - Brand New",Samsung Galaxy Z Fold Series,Samsung,,,SamGalZFld612R1TBPnk-AU,,,,,,https://www.jbhifi.com.au/products/samsung-galaxy-z-fold6-5g-1tb-pink,,,,,,#N/A
"Samsung Galaxy Z Fold6 5G (12GB RAM, 1TB, Silver Shadow) - Brand New",Samsung Galaxy Z Fold Series,Samsung,,,SamGalZFld612R1TBSlv-AU,,,,,,https://www.jbhifi.com.au/products/samsung-galaxy-z-fold6-5g-1tb-silver-shadow,,https://buymobile.com.au/collections/samsung-galaxy-z-series/products/samsung-galaxy-z-fold6-12gb-ram-1tb-5g?variant=42105483100275,,https://bestmobilephone.com.au/samsung-galaxy-z-fold6-5g-dual-sim-12gb-1tb-silver-global-version-sm-f9560/,,#N/A
"Samsung Galaxy Z Fold6 5G (12GB RAM, 256GB, Navy) - Brand New",Samsung Galaxy Z Fold Series,Samsung,,,SamGalZFld612R256Nvy-AU,,,,,,https://www.jbhifi.com.au/products/samsung-galaxy-z-fold6-5g-256gb-navy,,https://buymobile.com.au/collections/samsung-galaxy-z-series/products/samsung-galaxy-z-fold6-12gb-ram-256gb-5g?variant=42105624756339,,https://bestmobilephone.com.au/samsung-galaxy-z-fold6-5g-dual-sim-12gb-256gb-navy-global-version-sm-f9560/,,#N/A
"Samsung Galaxy Z Fold6 5G (12GB RAM, 256GB, Pink) - Brand New",Samsung Galaxy Z Fold Series,Samsung,,,SamGalZFld612R256Pnk-AU,,,,,,https://www.jbhifi.com.au/products/samsung-galaxy-z-fold6-5g-256gb-pink,,https://buymobile.com.au/collections/samsung-galaxy-z-series/products/samsung-galaxy-z-fold6-12gb-ram-256gb-5g?variant=42105456853107,,https://bestmobilephone.com.au/samsung-galaxy-z-fold6-5g-dual-sim-12gb-256gb-pink-global-version-sm-f9560/,,#N/A
"Samsung Galaxy Z Fold6 5G (12GB RAM, 256GB, Silver Shadow) - Brand New",Samsung Galaxy Z Fold Series,Samsung,,,SamGalZFld612R256Slv-AU,,,,,,https://www.jbhifi.com.au/products/samsung-galaxy-z-fold6-5g-256gb-silver-shadow,https://www.mobileciti.com.au/samsung-galaxy-z-fold6-5g-dual-sim-256gb-12gb-sm-f956b-silver-shadow,https://buymobile.com.au/collections/samsung-galaxy-z-series/products/samsung-galaxy-z-fold6-12gb-ram-256gb-5g?variant=42105429786739,,https://bestmobilephone.com.au/samsung-galaxy-z-fold6-5g-dual-sim-12gb-256gb-silver-global-version-sm-f9560/,,#N/A
"Samsung Galaxy Z Fold6 5G (12GB RAM, 512GB, Navy) - Brand New",Samsung Galaxy Z Fold Series,Samsung,,,SamGalZFld612R512Nvy-AU,,,,,,https://www.jbhifi.com.au/products/samsung-galaxy-z-fold6-5g-512gb-navy,,https://buymobile.com.au/collections/samsung-galaxy-z-series/products/samsung-galaxy-z-fold6-12gb-ram-512gb-5g?variant=42105624789107,,https://bestmobilephone.com.au/samsung-galaxy-z-fold6-5g-dual-sim-12gb-512gb-navy-global-version-sm-f9560/,,#N/A
"Samsung Galaxy Z Fold6 5G (12GB RAM, 512GB, Pink) - Brand New",Samsung Galaxy Z Fold Series,Samsung,,,SamGalZFld612R512Pnk-AU,,,,,,https://www.jbhifi.com.au/products/samsung-galaxy-z-fold6-5g-512gb-pink,,https://buymobile.com.au/collections/samsung-galaxy-z-series/products/samsung-galaxy-z-fold6-12gb-ram-512gb-5g?variant=42105480544371,,https://bestmobilephone.com.au/samsung-galaxy-z-fold6-5g-dual-sim-12gb-512gb-pink-global-version-sm-f9560/,,#N/A
"Samsung Galaxy Z Fold6 5G (12GB RAM, 512GB, Silver Shadow) - Brand New",Samsung Galaxy Z Fold Series,Samsung,,,SamGalZFld612R512Slv-AU,,,,,,https://www.jbhifi.com.au/products/samsung-galaxy-z-fold6-5g-512gb-silver-shadow,,https://buymobile.com.au/collections/samsung-galaxy-z-series/products/samsung-galaxy-z-fold6-12gb-ram-512gb-5g?variant=42105480478835,,https://bestmobilephone.com.au/samsung-galaxy-z-fold6-5g-dual-sim-12gb-512gb-silver-global-version-sm-f9560/,,#N/A
"Samsung Galaxy Z Fold7 5G (12GB RAM, 512GB, Blue Shadow) - Brand New",Samsung Galaxy Z Fold Series,Samsung,,,SGalZFld712512Bl-AU,,,,,,https://www.jbhifi.com.au/products/samsung-galaxy-z-fold7-5g-512gb-blue-shadow,https://www.mobileciti.com.au/samsung-galaxy-z-fold7-5g-512gb-blue-shadow,https://buymobile.com.au/products/samsung-galaxy-z-fold7-f966b-dual-sim-12gb-ram-512gb-5g?variant=43187218940019,https://spectronic.com.au/product/galaxy-z-fold-7-5g-512gb-12-gb-ram-blue-shadow-dual-sim-global-version-sm-f9660/,https://bestmobilephone.com.au/samsung-galaxy-z-fold7-5g-dual-sim-12gb-512gb-blue-shadow-global-version-sm-f9660/,https://www.amazon.com.au/dp/B0FBT97262,
"Samsung Galaxy Z Fold7 5G (12GB RAM, 512GB, Jetblack) - Brand New",Samsung Galaxy Z Fold Series,Samsung,,,SGalZFld712512Bk-AU,,,,,,https://www.jbhifi.com.au/products/samsung-galaxy-z-fold7-5g-512gb-jetblack,https://www.mobileciti.com.au/samsung-galaxy-z-fold7-5g-jetblack-512gb,https://buymobile.com.au/products/samsung-galaxy-z-fold7-f966b-dual-sim-12gb-ram-512gb-5g?variant=43187218907251,https://spectronic.com.au/product/galaxy-z-fold-7-5g-512gb-12-gb-ram-jetblack-dual-sim-global-version-sm-f9660/,https://bestmobilephone.com.au/samsung-galaxy-z-fold7-5g-dual-sim-12gb-512gb-jetblack-global-version-sm-f9660/,https://www.amazon.com.au/dp/B0FDYBN3BZ,"2,438.00"
"Samsung Galaxy Z Fold7 5G (12GB RAM, 512GB, Mint) - Brand New",Samsung Galaxy Z Fold Series,Samsung,,,SGalZFld712512Mt-AU,,,,,,,,https://buymobile.com.au/products/samsung-galaxy-z-fold7-f966b-dual-sim-12gb-ram-512gb-5g?variant=43749821939827,,,,#N/A
"Samsung Galaxy Z Fold7 5G (12GB RAM, 512GB, Silver Shadow) - Brand New",Samsung Galaxy Z Fold Series,Samsung,,,SGalZFld712512Sv-AU,,,,,,https://www.jbhifi.com.au/products/samsung-galaxy-z-fold7-5g-512gb-silver-shadow,https://www.mobileciti.com.au/samsung-galaxy-z-fold7-5g-dual-sim-256gb-12gb-8-sm-f966b-silver-shadow,https://buymobile.com.au/products/samsung-galaxy-z-fold7-f966b-dual-sim-12gb-ram-512gb-5g?variant=43187218972787,https://spectronic.com.au/product/galaxy-z-fold-7-5g-512gb-12-gb-ram-silver-shadow-dual-sim-global-version-sm-f9660/,https://bestmobilephone.com.au/samsung-galaxy-z-fold7-5g-dual-sim-12gb-512gb-silver-shadow-global-version-sm-f9660/,https://www.amazon.com.au/dp/B0FDJ2KB3C,"2,371.70"
"Samsung Galaxy Z Fold7 5G (16GB RAM, 1TB, Blue Shadow) - Brand New",Samsung Galaxy Z Fold Series,Samsung,,,SGalZFld7161TBBl-AU,,,,,,https://www.jbhifi.com.au/products/samsung-galaxy-z-fold7-5g-1tb-blue-shadow,https://www.mobileciti.com.au/samsung-galaxy-z-fold7-5g-1tb-16gb-blue-shadow,,https://spectronic.com.au/product/galaxy-z-fold-7-5g-1tb-16gb-ram-blue-shadow-dual-sim-global-version-sm-f9660/,https://bestmobilephone.com.au/samsung-galaxy-z-fold7-5g-dual-sim-16gb-1tb-blue-shadow-global-version-sm-f9660/,https://www.amazon.com.au/dp/B0FJLY67HV,
"Samsung Galaxy Z Fold7 5G (16GB RAM, 1TB, Jetblack) - Brand New",Samsung Galaxy Z Fold Series,Samsung,,,SGalZFld7161TBBk-AU,,,,,,https://www.jbhifi.com.au/products/samsung-galaxy-z-fold7-5g-1tb-jetblack,https://www.mobileciti.com.au/samsung-galaxy-z-fold7-5g-1tb-16gb-jetblack,,https://spectronic.com.au/product/galaxy-z-fold-7-5g-1tb-16gb-ram-jetblack-dual-sim-global-version-sm-f9660/,https://bestmobilephone.com.au/samsung-galaxy-z-fold7-5g-dual-sim-16gb-1tb-jetblack-global-version-sm-f9660/,https://www.amazon.com.au/dp/B0FK1XVXTB,"3,334.00"
"Sony Xperia 1 VI (12GB RAM, 256GB, Black) - Brand New",Sony Xperia 1 Series,Sony,,,SonXpe1VI12R256Blk-AU,,,,,,,,https://buymobile.com.au/products/sony-xperia-1-vi-xq-ec72-12gb-ram-256gb-5g?variant=41908922548339,https://spectronic.com.au/product/sony-xperia-1-vi-5g-256gb-12gb-ram-black-dual-sim-xq-ec72/,https://bestmobilephone.com.au/sony-xperia-1-vi-5g-dual-sim-12gb-256gb-black-xq-ec72-global-version/,,#N/A
"Sony Xperia 1 VI (12GB RAM, 256GB, Khaki Green) - Brand New",Sony Xperia 1 Series,Sony,,,SonXpe1VI12R256Grn-AU,,,,,,,,https://buymobile.com.au/products/sony-xperia-1-vi-xq-ec72-12gb-ram-256gb-5g?variant=41908922613875,https://spectronic.com.au/product/sony-xperia-1-vi-5g-256gb-12gb-ram-khakhi-green-dual-sim-xq-ec72/,https://bestmobilephone.com.au/sony-xperia-1-vi-5g-dual-sim-12gb-256gb-khaki-green-xq-ec72-global-version/,,#N/A
"Sony Xperia 1 VI (12GB RAM, 256GB, Platinum Silver) - Brand New",Sony Xperia 1 Series,Sony,,,SonXpe1VI12R256Slv-AU,,,,,,,,https://buymobile.com.au/products/sony-xperia-1-vi-xq-ec72-12gb-ram-256gb-5g?variant=41908922581107,https://spectronic.com.au/product/sony-xperia-1-vi-5g-256gb-12gb-ram-platinum-silver-dual-sim-xq-ec72/,https://bestmobilephone.com.au/sony-xperia-1-vi-5g-dual-sim-12gb-256gb-platinum-silver-xq-ec72-global-version/,,#N/A
"Sony Xperia 1 VI (12GB RAM, 256GB, Scar Red) - Brand New",Sony Xperia 1 Series,Sony,,,SonXpe1VI12R256Red-AU,,,,,,,,,,https://bestmobilephone.com.au/sony-xperia-1-vi-5g-dual-sim-12gb-256gb-scarlet-red-limited-edition-xq-ec72-global-version/,,#N/A
"Sony Xperia 1 VI (12GB RAM, 512GB, Black) - Brand New",Sony Xperia 1 Series,Sony,,,SonXpe1VI12R512Blk-AU,,,,,,,,https://buymobile.com.au/products/sony-xperia-1-vi-xq-ec72-12gb-ram-512gb-5g?variant=41908951810163,https://spectronic.com.au/product/sony-xperia-1-vi-5g-512gb-12gb-ram-black-dual-sim-xq-ec72/,https://bestmobilephone.com.au/sony-xperia-1-vi-5g-dual-sim-12gb-512gb-black-xq-ec72-global-version/,,#N/A
"Sony Xperia 1 VI (12GB RAM, 512GB, Khaki Green) - Brand New",Sony Xperia 1 Series,Sony,,,SonXpe1VI12R512Grn-AU,,,,,,,,https://buymobile.com.au/products/sony-xperia-1-vi-xq-ec72-12gb-ram-512gb-5g?variant=41908951875699,https://spectronic.com.au/product/sony-xperia-1-vi-5g-512gb-12gb-ram-khakhi-green-dual-sim-xq-ec72/,https://bestmobilephone.com.au/sony-xperia-1-vi-5g-dual-sim-12gb-512gb-khaki-green-xq-ec72-global-version/,,#N/A
"Sony Xperia 1 VI (12GB RAM, 512GB, Platinum Silver) - Brand New",Sony Xperia 1 Series,Sony,,,SonXpe1VI12R512Slv-AU,,,,,,,,https://buymobile.com.au/products/sony-xperia-1-vi-xq-ec72-12gb-ram-512gb-5g?variant=42019584082035,https://spectronic.com.au/product/sony-xperia-1-vi-5g-512gb-12gb-ram-platinum-silver-dual-sim-xq-ec72/,https://bestmobilephone.com.au/sony-xperia-1-vi-5g-dual-sim-12gb-512gb-platinum-silver-xq-ec72-global-version/,,#N/A
"Sony Xperia 1 VI (12GB RAM, 512GB, Scar Red) - Brand New",Sony Xperia 1 Series,Sony,,,SonXpe1VI12R512Red-AU,,,,,,,,,https://spectronic.com.au/product/sony-xperia-1-vi-5g-512gb-12gb-ram-red-dual-sim-global-version/,https://bestmobilephone.com.au/sony-xperia-1-vi-5g-dual-sim-12gb-512gb-scarlet-red-limited-edition-xq-ec72-global-version/,,#N/A
"Sony Xperia 1 VII (12GB RAM, 512GB, Slate Black) - Brand New",Sony Xperia 1 Series,Sony,,,SnXp1VII12512Bk-AU,,,,,,,,,,https://bestmobilephone.com.au/sony-xperia-1-vii-5g-12gb-512gb-slate-black-dual-sim-global-version/,https://www.amazon.com.au/dp/B0FBQMSR2G,#N/A
"Sony Xperia 10 VI Dual SIM 5G (8GB RAM, 128GB, Black) - Brand New",Sony Xperia 10 Series,Sony,,,SonXp10VI8R128Blk-AU,,,,,,,,https://buymobile.com.au/products/sony-xperia-10-vi-xq-es72-8gb-ram-128gb-5g?variant=41908978057331,https://spectronic.com.au/product/sony-xperia-10-vi-5g-128gb-8gb-ram-black-dual-sim-xq-es72/,https://bestmobilephone.com.au/sony-xperia-10-vi-5g-dual-sim-8gb-128gb-black-xq-es72-global-version/,,#N/A
"Sony Xperia 10 VI Dual SIM 5G (8GB RAM, 128GB, Blue) - Brand New",Sony Xperia 10 Series,Sony,,,SonXp10VI8R128Blu-AU,,,,,,,,https://buymobile.com.au/products/sony-xperia-10-vi-xq-es72-8gb-ram-128gb-5g?variant=41908978122867,https://spectronic.com.au/product/sony-xperia-10-vi-5g-128gb-8gb-ram-blue-dual-sim-xq-es72/,https://bestmobilephone.com.au/sony-xperia-10-vi-5g-dual-sim-8gb-128gb-blue-xq-es72-global-version/,,#N/A
"Sony Xperia 10 VI Dual SIM 5G (8GB RAM, 128GB, White) - Brand New",Sony Xperia 10 Series,Sony,,,SonXp10VI8R128Wht-AU,,,,,,,,https://buymobile.com.au/products/sony-xperia-10-vi-xq-es72-8gb-ram-128gb-5g?variant=41908978155635,https://spectronic.com.au/product/sony-xperia-10-vi-5g-128gb-8gb-ram-white-dual-sim-xq-es72/,https://bestmobilephone.com.au/sony-xperia-10-vi-5g-dual-sim-8gb-128gb-white-xq-es72-global-version/,,#N/A
"Sony Xperia 5 V Dual SIM 5G (8GB RAM, 256GB, Black) - Brand New",Sony Xperia 5 Series,Sony,,,SonyXperia5VDual256GBBlck-PRT-AU,,,,,,,,https://buymobile.com.au/products/sony-xperia-5-v-xq-de72-8gb-ram-256gb-5g?variant=41126867566707,https://spectronic.com.au/product/sony-xperia-5-v-5g-256gb-8gb-ram-black-dual-sim-xq-de72/,,,#N/A
"Sony Xperia 5 V Dual SIM 5G (8GB RAM, 256GB, Blue) - Brand New",Sony Xperia 5 Series,Sony,,,SonyXperia5VDual256GBBlue-PRT-AU,,,,,,,,https://buymobile.com.au/products/sony-xperia-5-v-xq-de72-8gb-ram-256gb-5g?variant=41024467828851,https://spectronic.com.au/product/sony-xperia-5-v-5g-256gb-8gb-ram-blue-dual-sim-xq-de72/,https://bestmobilephone.com.au/sony-xperia-5-v-5g-dual-sim-8gb-256gb-blue-xq-de72-global-version/,,#N/A
"Sony Xperia 5 V Dual SIM 5G (8GB RAM, 256GB, Silver) - Brand New",Sony Xperia 5 Series,Sony,,,SonyXperia5VDual256GBSilv-PRT-AU,,,,,,,,https://buymobile.com.au/products/sony-xperia-5-v-xq-de72-8gb-ram-256gb-5g?variant=41024467894387,https://spectronic.com.au/product/sony-xperia-5-v-5g-256gb-8gb-ram-platinum-silver-dual-sim-xq-de72/,https://bestmobilephone.com.au/sony-xperia-5-v-5g-dual-sim-8gb-256gb-platinum-silver-xq-de72-global-version/,,#N/A
"Xiaomi 13T Pro Dual SIM 5G (12GB RAM, 512GB, Black) - Brand New",Xiaomi Mi Series,Xiaomi,,,Xia13TPro12R512BlkPRT-AU,,,,,,,,https://buymobile.com.au/collections/xiaomi-mobile-phones/products/xiaomi-mi-13t-pro-dual-sim-12gb-ram-512gb-5g?variant=41078830104691,https://spectronic.com.au/product/xiaomi-13t-pro-5g-512gb-12gb-ram-black-dual-sim-global-version/,https://bestmobilephone.com.au/xiaomi-13t-pro-5g-dual-sim-12gb-512gb-black-global-version/,,#N/A
"Xiaomi 13T Pro Dual SIM 5G (16GB RAM, 1TB, Meadow Green) - Brand New",Xiaomi 13T Pro,Xiaomi,,,Xia13TPro12R512Grn-AU,,,,,,,,,,,,#N/A
"Xiaomi 14 Dual SIM 5G (12GB RAM, 256GB, Black) - Brand New",Xiaomi Mi Series,Xiaomi,,,Xia1412R256Blk-AU,,,,,,,,https://buymobile.com.au/products/xiaomi-mi-14-dual-sim-12gb-ram-256gb-5g?variant=43200756351091,,,,#N/A
"Xiaomi 14 Dual SIM 5G (12GB RAM, 256GB, Jade Green) - Brand New",Xiaomi Mi Series,Xiaomi,,,Xia1412R256Grn-AU,,,,,,,,https://buymobile.com.au/products/xiaomi-mi-14-dual-sim-12gb-ram-256gb-5g?variant=43200756383859,,,,#N/A
"Xiaomi 14 Dual SIM 5G (12GB RAM, 512GB, Black) - Brand New",Xiaomi Mi Series,Xiaomi,,,Xia1412R512GBBlkPRT-AU,,,,,,,,https://buymobile.com.au/collections/xiaomi-mobile-phones/products/xiaomi-mi-14-dual-sim-12gb-ram-512gb-5g?variant=41485820526707,https://spectronic.com.au/product/xiaomi-14-5g-512gb-12gb-ram-black-dual-sim-global-version/,https://bestmobilephone.com.au/xiaomi-14-5g-dual-sim-12gb-512gb-black-global-version/,,#N/A
"Xiaomi 14 Dual SIM 5G (12GB RAM, 512GB, White) - Brand New",Xiaomi Mi Series,Xiaomi,,,Xia1412R512GBWhtPRT-AU,,,,,,,,https://buymobile.com.au/collections/xiaomi-mobile-phones/products/xiaomi-mi-14-dual-sim-12gb-ram-512gb-5g?variant=41485820559475,https://spectronic.com.au/product/xiaomi-14-5g-512gb-12gb-ram-white-dual-sim-global-version/,https://bestmobilephone.com.au/xiaomi-14-5g-dual-sim-12gb-512gb-white-global-version/,,#N/A
"Xiaomi 14 Pro Dual SIM 5G (16GB RAM, 512GB, Black) - Brand New",Xiaomi Mi Series,Xiaomi,,,Xi14Pro16R512Blk-AU,,,,,,,,,,https://bestmobilephone.com.au/xiaomi-14-pro-5g-dual-sim-16gb-512gb-black-cn-version-can-install-google-play-store-or-flash-global-rom-upon-request/,,#N/A
"Xiaomi 14 Ultra Dual SIM 5G (16GB RAM, 512GB, Black) - Brand New",Xiaomi Mi Series,Xiaomi,,,Xia14Ult16R512Blk-AU,,,,,,,,https://buymobile.com.au/collections/xiaomi-mobile-phones/products/xiaomi-mi-14-ultra-dual-sim-16gb-ram-512gb-5g?variant=41485830946931,https://spectronic.com.au/product/xiaomi-14-ultra-5g-512gb-16gb-ram-black-dual-sim-global-version/,https://bestmobilephone.com.au/xiaomi-14-ultra-5g-dual-sim-16gb-512gb-black-global-version/,,#N/A
"Xiaomi 14 Ultra Dual SIM 5G (16GB RAM, 512GB, White) - Brand New",Xiaomi Mi Series,Xiaomi,,,Xia14Ult16R512Wht-AU,,,,,,,,https://buymobile.com.au/collections/xiaomi-mobile-phones/products/xiaomi-mi-14-ultra-dual-sim-16gb-ram-512gb-5g?variant=41485830979699,https://spectronic.com.au/product/xiaomi-14-ultra-5g-512gb-16gb-ram-white-dual-sim-global-version/,https://bestmobilephone.com.au/xiaomi-14-ultra-5g-dual-sim-16gb-512gb-white-global-version/,,#N/A
"Xiaomi 14T Dual SIM 5G (12GB RAM, 1TB, Titan Blue) - Brand New",Xiaomi 14T,Xiaomi,,,Xia14T12R1TBBlu-AU,,,,,,,,,,,,#N/A
"Xiaomi 14T Dual SIM 5G (12GB RAM, 256GB, Lemon Green) - Brand New",Xiaomi Mi Series,Xiaomi,,,Xia14T12R256Grn-AU,,,,,,,,,https://spectronic.com.au/product/xiaomi-14t-5g-12gb-256gb-lemon-green-dual-sim-global-version/,https://bestmobilephone.com.au/xiaomi-14t-5g-dual-sim-12gb-256gb-lemon-green-global-version/,https://www.amazon.com.au/dp/B0D5R8SPHR,#N/A
"Xiaomi 14T Dual SIM 5G (12GB RAM, 256GB, Titan Black) - Brand New",Xiaomi Mi Series,Xiaomi,,,Xia14T12R256Blk-AU,,,,,,,,,https://spectronic.com.au/product/xiaomi-14t-5g-12gb-256gb-titan-black-dual-sim-global-version/,,,#N/A
"Xiaomi 14T Dual SIM 5G (12GB RAM, 256GB, Titan Gray) - Brand New",Xiaomi Mi Series,Xiaomi,,,Xia14T12R256Gry-AU,,,,,,,,,https://spectronic.com.au/product/xiaomi-14t-5g-12gb-256gb-titan-gray-dual-sim-global-version/,,,#N/A
"Xiaomi 14T Dual SIM 5G (12GB RAM, 512GB, Lemon Green) - Brand New",Xiaomi Mi Series,Xiaomi,,,Xia14T12R512Grn-AU,,,,,,,,,https://spectronic.com.au/product/xiaomi-14t-5g-12gb-512gb-lemon-green-dual-sim-global-version/,https://bestmobilephone.com.au/xiaomi-14t-5g-dual-sim-12gb-512gb-lemon-green-global-version/,https://www.amazon.com.au/dp/B0DHRYVHF9,#N/A
"Xiaomi 14T Dual SIM 5G (12GB RAM, 512GB, Titan Black) - Brand New",Xiaomi Mi Series,Xiaomi,,,Xia14T12R512Blk-AU,,,,,,,,,https://spectronic.com.au/product/xiaomi-14t-5g-12gb-512gb-titan-black-dual-sim-global-version/,https://bestmobilephone.com.au/xiaomi-14t-5g-dual-sim-12gb-512gb-titan-black-global-version/,https://www.amazon.com.au/dp/B0DJFQBWPG,#N/A
"Xiaomi 14T Dual SIM 5G (12GB RAM, 512GB, Titan Blue) - Brand New",Xiaomi Mi Series,Xiaomi,,,Xia14T12R512Blu-AU,,,,,,,,,https://spectronic.com.au/product/xiaomi-14t-5g-12gb-512gb-titan-blue-dual-sim-global-version/,https://bestmobilephone.com.au/xiaomi-14t-5g-dual-sim-12gb-512gb-titan-blue-global-version/,,#N/A
"Xiaomi 14T Dual SIM 5G (12GB RAM, 512GB, Titan Gray) - Brand New",Xiaomi Mi Series,Xiaomi,,,Xia14T12R512Gry-AU,,,,,,,,,https://spectronic.com.au/product/xiaomi-14t-5g-12gb-512gb-titan-gray-dual-sim-global-version/,https://bestmobilephone.com.au/xiaomi-14t-5g-dual-sim-12gb-512gb-titan-gray-global-version/,https://www.amazon.com.au/dp/B0DHRXVM86,#N/A
"Xiaomi 14T Pro Dual SIM 5G (12GB RAM, 1TB, Titan Black) - Brand New",Xiaomi Mi Series,Xiaomi,,,Xia14TPro12R1TBBlk-AU,,,,,,,,,https://spectronic.com.au/product/xiaomi-14t-pro-5g-12gb-1tb-titan-black-dual-sim-global-version/,https://bestmobilephone.com.au/xiaomi-14t-pro-5g-dual-sim-12gb-1tb-titan-black-global-version/,,#N/A
"Xiaomi 14T Pro Dual SIM 5G (12GB RAM, 1TB, Titan Blue) - Brand New",Xiaomi Mi Series,Xiaomi,,,Xia14TPro12R1TBBlu-AU,,,,,,,,,https://spectronic.com.au/product/xiaomi-14t-pro-5g-12gb-1tb-titan-blue-dual-sim-global-version/,https://bestmobilephone.com.au/xiaomi-14t-pro-5g-dual-sim-12gb-1tb-titan-blue-global-version/,,#N/A
"Xiaomi 14T Pro Dual SIM 5G (12GB RAM, 1TB, Titan Gray) - Brand New",Xiaomi Mi Series,Xiaomi,,,Xia14TPro12R1TBGry-AU,,,,,,,,,https://spectronic.com.au/product/xiaomi-14t-pro-5g-12gb-1tb-titan-gray-dual-sim-global-version/,https://bestmobilephone.com.au/xiaomi-14t-pro-5g-dual-sim-12gb-1tb-titan-gray-global-version/,,#N/A
"Xiaomi 14T Pro Dual SIM 5G (12GB RAM, 512GB, Titan Black) - Brand New",Xiaomi Mi Series,Xiaomi,,,Xia14TPro12R512Blk-AU,,,,,,,,,https://spectronic.com.au/product/xiaomi-14t-pro-5g-12gb-512gb-titan-black-dual-sim-global-version/,https://bestmobilephone.com.au/xiaomi-14t-pro-5g-dual-sim-12gb-512gb-titan-black-global-version/,https://www.amazon.com.au/dp/B0DJFXSF1S,#N/A
"Xiaomi 14T Pro Dual SIM 5G (12GB RAM, 512GB, Titan Blue) - Brand New",Xiaomi Mi Series,Xiaomi,,,Xia14TPro12R512Blu-AU,,,,,,,,,https://spectronic.com.au/product/xiaomi-14t-pro-5g-12gb-512gb-titan-blue-dual-sim-global-version/,https://bestmobilephone.com.au/xiaomi-14t-pro-5g-dual-sim-12gb-512gb-titan-blue-global-version/,https://www.amazon.com.au/dp/B0DJFYRPLC,#N/A
"Xiaomi 14T Pro Dual SIM 5G (12GB RAM, 512GB, Titan Gray) - Brand New",Xiaomi Mi Series,Xiaomi,,,Xia14TPro12R512Gry-AU,,,,,,,,,https://spectronic.com.au/product/xiaomi-14t-pro-5g-12gb-512gb-titan-gray-dual-sim-global-version/,https://bestmobilephone.com.au/xiaomi-14t-pro-5g-dual-sim-12gb-512gb-titan-gray-global-version/,https://www.amazon.com.au/dp/B0DJ34HJZG,#N/A
"Xiaomi 15 Dual SIM 5G (12GB RAM, 256GB, Black) - Brand New",Xiaomi Mi Series,Xiaomi,,,Xia1512R256Blk-AU,,,,,,,,,https://spectronic.com.au/product/xiaomi-15-5g-256gb-12gb-ram-black-global-version/,https://bestmobilephone.com.au/xiaomi-15-5g-dual-sim-12gb-256gb-black-global-version/,https://www.amazon.com.au/dp/B0DZNTX6CB,
"Xiaomi 15 Dual SIM 5G (12GB RAM, 256GB, Green) - Brand New",Xiaomi Mi Series,Xiaomi,,,Xia1512R256Grn-AU,,,,,,,,,https://spectronic.com.au/product/xiaomi-15-5g-256gb-12gb-ram-green-global-version/,https://bestmobilephone.com.au/xiaomi-15-5g-dual-sim-12gb-256gb-green-global-version/,,#N/A
"Xiaomi 15 Dual SIM 5G (12GB RAM, 256GB, White) - Brand New",Xiaomi Mi Series,Xiaomi,,,Xia1512R256Wht-AU,,,,,,,,,https://spectronic.com.au/product/xiaomi-15-5g-256gb-12gb-ram-white-global-version/,https://bestmobilephone.com.au/xiaomi-15-5g-dual-sim-12gb-256gb-white-global-version/,https://www.amazon.com.au/dp/B0F7FRFJBY,"1,580.67"
"Xiaomi 15 Dual SIM 5G (12GB RAM, 512GB, Black) - Brand New",Xiaomi Mi Series,Xiaomi,,,Xia1512R512Blk-AU,,,,,,,,https://buymobile.com.au/products/xiaomi-mi-15-dual-sim-12gb-ram-512gb-5g?variant=42959021244531,https://spectronic.com.au/product/xiaomi-15-5g-512gb-12gb-ram-black-global-version/,https://bestmobilephone.com.au/xiaomi-15-5g-dual-sim-12gb-512gb-black-global-version/,https://www.amazon.com.au/dp/B0DY6PRTM8,
"Xiaomi 15 Dual SIM 5G (12GB RAM, 512GB, Green) - Brand New",Xiaomi Mi Series,Xiaomi,,,Xia1512R512Grn-AU,,,,,,,,https://buymobile.com.au/products/xiaomi-mi-15-dual-sim-12gb-ram-512gb-5g?variant=42959021277299,https://spectronic.com.au/product/xiaomi-15-5g-512gb-12gb-ram-green-global-version/,https://bestmobilephone.com.au/xiaomi-15-5g-dual-sim-12gb-512gb-green-global-version/,https://www.amazon.com.au/dp/B0DYDF55SM,
"Xiaomi 15 Dual SIM 5G (12GB RAM, 512GB, White) - Brand New",Xiaomi Mi Series,Xiaomi,,,Xia1512R512Wht-AU,,,,,,,,https://buymobile.com.au/products/xiaomi-mi-15-dual-sim-12gb-ram-512gb-5g?variant=42959021310067,https://spectronic.com.au/product/xiaomi-15-5g-512gb-12gb-ram-white-global-version/,https://bestmobilephone.com.au/xiaomi-15-5g-dual-sim-12gb-512gb-white-global-version/,https://www.amazon.com.au/dp/B0DYDHG7WC,
"Xiaomi 15 Ultra Dual SIM 5G (16GB RAM, 1TB, Silver Chrome) - Brand New",Xiaomi Mi Series,Xiaomi,,,Xi15Ul161TBSv-AU,,,,,,,,https://buymobile.com.au/products/xiaomi-mi-15-ultra-dual-sim-16gb-ram-1tb-5g?_pos=8&_sid=64ac86f2c&_ss=r,https://spectronic.com.au/product/xiaomi-15-ultra-5g-1tb-16gb-ram-silver-chrome-global-version/,https://bestmobilephone.com.au/xiaomi-15-ultra-5g-dual-sim-16gb-1tb-silver-chrome-global-version/,,#N/A
"Xiaomi 15 Ultra Dual SIM 5G (16GB RAM, 512GB, Black) - Brand New",Xiaomi Mi Series,Xiaomi,,,Xi15Ul16512Bk-AU,,,,,,,,https://buymobile.com.au/products/xiaomi-mi-15-ultra-dual-sim-16gb-ram-512gb-5g?variant=42995482427507,https://spectronic.com.au/product/xiaomi-15-ultra-5g-512gb-16gb-ram-black-global-version/,https://bestmobilephone.com.au/xiaomi-15-ultra-5g-dual-sim-16gb-512gb-black-global-version/,https://www.amazon.com.au/dp/B0F18NVTY7,
"Xiaomi 15 Ultra Dual SIM 5G (16GB RAM, 512GB, Silver Chrome) - Brand New",Xiaomi Mi Series,Xiaomi,,,Xi15Ul16512Sv-AU,,,,,,,,https://buymobile.com.au/products/xiaomi-mi-15-ultra-dual-sim-16gb-ram-512gb-5g?variant=42995482460275,https://spectronic.com.au/product/xiaomi-15-ultra-5g-512gb-16gb-ram-silver-chrome-global-version/,https://bestmobilephone.com.au/xiaomi-15-ultra-5g-dual-sim-16gb-512gb-silver-chrome-global-version/,https://www.amazon.com.au/dp/B0F18SFRPF,
"Xiaomi 15 Ultra Dual SIM 5G (16GB RAM, 512GB, White) - Brand New",Xiaomi Mi Series,Xiaomi,,,Xi15Ul16512Wt-AU,,,,,,,,https://buymobile.com.au/products/xiaomi-mi-15-ultra-dual-sim-16gb-ram-512gb-5g?variant=42995482493043,https://spectronic.com.au/product/xiaomi-15-ultra-5g-512gb-16gb-ram-white-global-version/,https://bestmobilephone.com.au/xiaomi-15-ultra-5g-dual-sim-16gb-512gb-white-global-version/,https://www.amazon.com.au/dp/B0DYDJ7GWR,
"Xiaomi Mix Flip Dual SIM 5G (12GB RAM, 512GB, Black) - Brand New",Xiaomi Mi Series,Xiaomi,,,XiaMixFlp12R512Blk-AU,,,,,,,,,,https://bestmobilephone.com.au/xiaomi-mix-flip-5g-dual-sim-12gb-512gb-black-global-version/,https://www.amazon.com.au/dp/B0DJ34S8H9,#N/A
"Xiaomi Mix Flip Dual SIM 5G (12GB RAM, 512GB, Purple) - Brand New",Xiaomi Mi Series,Xiaomi,,,XiaMixFlp12R512Prp-AU,,,,,,,,,,https://bestmobilephone.com.au/xiaomi-mix-flip-5g-dual-sim-12gb-512gb-phantom-purple-global-version/,,#N/A
"Xiaomi Pad 7 11"" Wifi (12GB RAM, 256GB, Blue) - Brand New",Xiaomi Pad,Xiaomi,,,XiaPad7WF1112R256Blu-AU,,,,,,,,,,https://bestmobilephone.com.au/xiaomi-pad-7-12gb-256gb-blue-global-version/,,#N/A
"Xiaomi Pad 7 11"" Wifi (12GB RAM, 256GB, Gray) - Brand New",Xiaomi Pad,Xiaomi,,,XiaPad7WF1112R256Gry-AU,,,,,,,,,,https://bestmobilephone.com.au/xiaomi-pad-7-12gb-256gb-gray-global-version/,,#N/A
"Xiaomi Pad 7 11"" Wifi (12GB RAM, 256GB, Green) - Brand New",Xiaomi Pad,Xiaomi,,,XiaPad7WF1112R256Grn-AU,,,,,,,,,,https://bestmobilephone.com.au/xiaomi-pad-7-12gb-256gb-green-global-version/,,#N/A
"Xiaomi Pad 7 Pro 11"" Wifi (12GB RAM, 512GB, Blue) - Brand New",Xiaomi Pad,Xiaomi,,,XiaPad7ProWF1112R512Blu-AU,,,,,,,,,,,,#N/A
"Xiaomi Pad 7 Pro 11"" Wifi (12GB RAM, 512GB, Green) - Brand New",Xiaomi Pad,Xiaomi,,,XiaPad7ProWF1112R512Grn-AU,,,,,,,,,,,,#N/A
"Xiaomi Pad 7 Pro 11"" Wifi (8GB RAM, 256GB, Blue) - Brand New",Xiaomi Pad,Xiaomi,,,XiaPad7ProWF118R256Blu-AU,,,,,,,,,,,,#N/A
"Xiaomi Pad 7 Pro 11"" Wifi (8GB RAM, 256GB, Gray) - Brand New",Xiaomi Pad,Xiaomi,,,XiaPad7ProWF118R256Gry-AU,,,,,,,,,,,,#N/A
"Xiaomi Pad 7 Pro 11"" Wifi (8GB RAM, 256GB, Green) - Brand New",Xiaomi Pad,Xiaomi,,,XiaPad7ProWF118R256Grn-AU,,,,,,,,,,,,#N/A
"Xiaomi Poco C71 (3GB RAM, 64GB, Black) - Brand New",Xiaomi Poco Series,Xiaomi,,,XiPcC713R64Blk-AU,,,,,,,,https://buymobile.com.au/collections/xiaomi-mobile-phones/products/xiaomi-poco-c71-dual-sim-3gb-ram-64gb-4g?variant=43057245126771,,,,#N/A
"Xiaomi Poco C71 (3GB RAM, 64GB, Blue) - Brand New",Xiaomi Poco Series,Xiaomi,,,XiPcC713R64Blu-AU,,,,,,,,https://buymobile.com.au/collections/xiaomi-mobile-phones/products/xiaomi-poco-c71-dual-sim-3gb-ram-64gb-4g?variant=43057245159539,,,,#N/A
"Xiaomi Poco C71 (3GB RAM, 64GB, Gold) - Brand New",Xiaomi Poco Series,Xiaomi,,,XiPcC713R64Gld-AU,,,,,,,,https://buymobile.com.au/products/xiaomi-poco-c71-dual-sim-3gb-ram-64gb-4g?variant=43057245192307,,,,#N/A
"Xiaomi Poco C71 (4GB RAM, 128GB, Black) - Brand New",Xiaomi Poco Series,Xiaomi,,,XiPcC714R128Bk-AU,,,,,,,,https://buymobile.com.au/collections/xiaomi-mobile-phones/products/xiaomi-poco-c71-dual-sim-4gb-ram-128gb-4g?variant=43057245225075,,,,#N/A
"Xiaomi Poco C71 (4GB RAM, 128GB, Blue) - Brand New",Xiaomi Poco Series,Xiaomi,,,XiPcC714R128Blu-AU,,,,,,,,https://buymobile.com.au/collections/xiaomi-mobile-phones/products/xiaomi-poco-c71-dual-sim-4gb-ram-128gb-4g?variant=43057245257843,,,,#N/A
"Xiaomi Poco C71 (4GB RAM, 128GB, Gold) - Brand New",Xiaomi Poco Series,Xiaomi,,,XiPcC714R128Gld-AU,,,,,,,,https://buymobile.com.au/collections/xiaomi-mobile-phones/products/xiaomi-poco-c71-dual-sim-4gb-ram-128gb-4g?variant=43057245290611,,,,#N/A
"Xiaomi Poco C75 Dual SIM (6GB RAM, 128GB, Black) - Brand New",Xiaomi Poco Series,Xiaomi,,,XiaPocC756R128Blk-AU,,,,,,,,,,,,#N/A
"Xiaomi Poco C75 Dual SIM (6GB RAM, 128GB, Gold) - Brand New",Xiaomi Poco Series,Xiaomi,,,XiaPocC756R128Gld-AU,,,,,,,,,,,,#N/A
"Xiaomi Poco C75 Dual SIM (6GB RAM, 128GB, Green) - Brand New",Xiaomi Poco Series,Xiaomi,,,XiaPocC756R128Grn-AU,,,,,,,,,,,https://www.amazon.com.au/dp/B0DL93KNRY,#N/A
"Xiaomi Poco C75 Dual SIM (8GB RAM, 256GB, Black) - Brand New",Xiaomi Poco Series,Xiaomi,,,XiaPocC758R256Blk-AU,,,,,,,,,,,,#N/A
"Xiaomi Poco C75 Dual SIM (8GB RAM, 256GB, Gold) - Brand New",Xiaomi Poco Series,Xiaomi,,,XiaPocC758R256Gld-AU,,,,,,,,,,,,#N/A
"Xiaomi Poco C75 Dual SIM (8GB RAM, 256GB, Green) - Brand New",Xiaomi Poco Series,Xiaomi,,,XiaPocC758R256Grn-AU,,,,,,,,,,,,#N/A
"Xiaomi Poco F6 Dual SIM 5G (12GB RAM, 512GB, Black) - Brand New",Xiaomi Poco Series,Xiaomi,,,XiaPocF612R512Blk-AU,,,,,,,,,https://spectronic.com.au/product/poco-f6-5g-512gb-12gb-ram-black-dual-sim-global-version/,https://bestmobilephone.com.au/poco-f6-12gb-512gb-dual-sim-5g-black-global-version/,,#N/A
"Xiaomi Poco F6 Dual SIM 5G (12GB RAM, 512GB, Green) - Brand New",Xiaomi Poco Series,Xiaomi,,,XiaPocF612R512Grn-AU,,,,,,,,,https://spectronic.com.au/product/poco-f6-5g-512gb-12gb-ram-green-dual-sim-global-version/,,,#N/A
"Xiaomi Poco F6 Dual SIM 5G (12GB RAM, 512GB, Titanium) - Brand New",Xiaomi Poco Series,Xiaomi,,,XiaPocF612R512Tin-AU,,,,,,,,,https://spectronic.com.au/product/poco-f6-5g-512gb-12gb-ram-titanium-dual-sim-global-version/,,,#N/A
"Xiaomi Poco F7 Dual SIM 5G (12GB RAM, 256GB, Black) - Brand New",Xiaomi Poco Series,Xiaomi,,,XiaPCF712R256Blk-AU,,,,,,,,,,,https://www.amazon.com.au/dp/B0FDGGC7X8,#N/A
"Xiaomi Poco F7 Dual SIM 5G (12GB RAM, 256GB, Cyber Silver) - Brand New",Xiaomi Poco Series,Xiaomi,,,XiaPCF712R256Slv-AU,,,,,,,,,,,,#N/A
"Xiaomi Poco F7 Dual SIM 5G (12GB RAM, 256GB, White) - Brand New",Xiaomi Poco Series,Xiaomi,,,XiaPCF712R256Wht-AU,,,,,,,,,,,,#N/A
"Xiaomi Poco F7 Dual SIM 5G (12GB RAM, 512GB, Black) - Brand New",Xiaomi Poco Series,Xiaomi,,,XiaPCF712R512Blk-AU,,,,,,,,,,,,#N/A
"Xiaomi Poco F7 Dual SIM 5G (12GB RAM, 512GB, Cyber Silver) - Brand New",Xiaomi Poco Series,Xiaomi,,,XiaPCF712R512Slv-AU,,,,,,,,,,,https://www.amazon.com.au/dp/B0F7R8HW9F,#N/A
"Xiaomi Poco F7 Dual SIM 5G (12GB RAM, 512GB, White) - Brand New",Xiaomi Poco Series,Xiaomi,,,XiaPCF712R512Wht-AU,,,,,,,,https://buymobile.com.au/products/xiaomi-poco-f7-dual-sim-12gb-ram-512gb-5g?variant=43200757071987,,,https://www.amazon.com.au/dp/B0FCP6RRYK,#N/A
"Xiaomi Poco F7 Pro Dual SIM 5G (12GB RAM, 256GB, Black) - Brand New",Xiaomi Poco Series,Xiaomi,,,XiaPocF7Pro5G12R256Blk-AU,,,,,,,,,,https://bestmobilephone.com.au/poco-f7-pro-12gb-256gb-dual-sim-5g-black-global-version/,https://www.amazon.com.au/dp/B0F2FNGVNW,#N/A
"Xiaomi Poco F7 Pro Dual SIM 5G (12GB RAM, 256GB, Blue) - Brand New",Xiaomi Poco Series,Xiaomi,,,XiaPocF7Pro5G12R256Blu-AU,,,,,,,,https://buymobile.com.au/products/xiaomi-poco-f7-pro-dual-sim-12gb-ram-256gb-5g?variant=43027260211315,,,https://www.amazon.com.au/dp/B0F2FKSDXB,#N/A
"Xiaomi Poco F7 Pro Dual SIM 5G (12GB RAM, 256GB, Silver) - Brand New",Xiaomi Poco Series,Xiaomi,,,XiaPocF7Pro5G12R256Slv-AU,,,,,,,,,,https://bestmobilephone.com.au/poco-f7-pro-12gb-256gb-dual-sim-5g-silver-global-version/,https://www.amazon.com.au/dp/B0F2FNCR19,#N/A
"Xiaomi Poco F7 Pro Dual SIM 5G (12GB RAM, 512GB, Black) - Brand New",Xiaomi Poco Series,Xiaomi,,,XiaPocF7Pro5G12R512Blk-AU,,,,,,,,https://buymobile.com.au/products/xiaomi-poco-f7-pro-dual-sim-12gb-ram-512gb-5g?variant=42995482558579,,https://bestmobilephone.com.au/poco-f7-pro-12gb-512gb-dual-sim-5g-black-global-version/,https://www.amazon.com.au/dp/B0DSG33LDC,#N/A
"Xiaomi Poco F7 Pro Dual SIM 5G (12GB RAM, 512GB, Blue) - Brand New",Xiaomi Poco Series,Xiaomi,,,XiaPocF7Pro5G12R512Blu-AU,,,,,,,,https://buymobile.com.au/products/xiaomi-poco-f7-pro-dual-sim-12gb-ram-512gb-5g?variant=43027263291507,https://spectronic.com.au/product/poco-f7-pro-5g-512gb-12gb-ram-blue-dual-sim-global-version/,,,#N/A
"Xiaomi Poco F7 Ultra Dual SIM 5G (12GB RAM, 256GB, Black) - Brand New",Xiaomi Poco Series,Xiaomi,,,XiaPocF7Ult5G12R256Blk-AU,,,,,,,,https://buymobile.com.au/products/xiaomi-poco-f7-ultra-dual-sim-12gb-ram-256gb-5g?variant=42995482361971,,https://bestmobilephone.com.au/poco-f7-ultra-12gb-256gb-dual-sim-5g-black-global-version/,https://www.amazon.com.au/dp/B0F2SV4DNW,#N/A
"Xiaomi Poco F7 Ultra Dual SIM 5G (12GB RAM, 256GB, Yellow) - Brand New",Xiaomi Poco Series,Xiaomi,,,XiaPocF7Ult5G12R256Ylw-AU,,,,,,,,https://buymobile.com.au/products/xiaomi-poco-f7-ultra-dual-sim-12gb-ram-256gb-5g?variant=42995482394739,,https://bestmobilephone.com.au/poco-f7-ultra-12gb-256gb-dual-sim-5g-yellow-global-version/,,#N/A
"Xiaomi Poco F7 Ultra Dual SIM 5G (16GB RAM, 512GB, Black) - Brand New",Xiaomi Poco Series,Xiaomi,,,XiaPocF7Ult5G16R512Blk-AU,,,,,,,,https://buymobile.com.au/products/xiaomi-poco-f7-ultra-dual-sim-16gb-ram-512gb-5g?variant=42995482296435,,https://bestmobilephone.com.au/poco-f7-ultra-16gb-512gb-dual-sim-5g-black-global-version/,https://www.amazon.com.au/dp/B0F1CJVQK2,#N/A
"Xiaomi Poco F7 Ultra Dual SIM 5G (16GB RAM, 512GB, Yellow) - Brand New",Xiaomi Poco Series,Xiaomi,,,XiaPocF7Ult5G16R512Ylw-AU,,,,,,,,https://buymobile.com.au/products/xiaomi-poco-f7-ultra-dual-sim-16gb-ram-512gb-5g?variant=42995482329203,,https://bestmobilephone.com.au/poco-f7-ultra-16gb-512gb-dual-sim-5g-yellow-global-version/,https://www.amazon.com.au/dp/B0DSG2VGGQ,#N/A
"Xiaomi Poco M7 Dual SIM (8GB RAM, 256GB, Black) - Brand New",Xiaomi Poco Series,Xiaomi,,,XiPcM74G8R256Bk-AU,,,,,,,,,,,https://www.amazon.com.au/dp/B0FFH47W9P,211.74
"Xiaomi Poco M7 Dual SIM (8GB RAM, 256GB, Blue) - Brand New",Xiaomi Poco Series,Xiaomi,,,XiPcM74G8R256Bl-AU,,,,,,,,,,,https://www.amazon.com.au/dp/B0FFH344V5,211.74
"Xiaomi Poco M7 Dual SIM (8GB RAM, 256GB, Silver) - Brand New",Xiaomi Poco Series,Xiaomi,,,XiPcM74G8R256Sv-AU,,,,,,,,,,,https://www.amazon.com.au/dp/B0FFH1395F,211.74
"Xiaomi Poco M7 Pro Dual SIM 5G (12GB RAM, 256GB, Green) - Brand New",Xiaomi Poco Series,Xiaomi,,,XiaPocM7Pro5G12R256Grn-AU,,,,,,,,,,,,#N/A
"Xiaomi Poco M7 Pro Dual SIM 5G (12GB RAM, 256GB, Purple) - Brand New",Xiaomi Poco Series,Xiaomi,,,XiaPocM7Pro5G12R256Prp-AU,,,,,,,,,,,,#N/A
"Xiaomi Poco M7 Pro Dual SIM 5G (12GB RAM, 256GB, Silver) - Brand New",Xiaomi Poco Series,Xiaomi,,,XiaPocM7Pro5G12R256Slv-AU,,,,,,,,,,,,#N/A
"Xiaomi Poco M7 Pro Dual SIM 5G (8GB RAM, 256GB, Black) - Brand New",Xiaomi Poco Series,Xiaomi,,,XiaPocM7Pro5G8R256Blk-AU,,,,,,,,https://buymobile.com.au/products/xiaomi-poco-m7-pro-dual-sim-8gb-ram-256gb-5g?variant=43201648754803,,,,#N/A
"Xiaomi Poco M7 Pro Dual SIM 5G (8GB RAM, 256GB, Green) - Brand New",Xiaomi Poco Series,Xiaomi,,,XiaPocM7Pro5G8R256Grn-AU,,,,,,,,https://buymobile.com.au/products/xiaomi-poco-m7-pro-dual-sim-8gb-ram-256gb-5g?variant=42995481804915,,,,#N/A
"Xiaomi Poco M7 Pro Dual SIM 5G (8GB RAM, 256GB, Purple) - Brand New",Xiaomi Poco Series,Xiaomi,,,XiaPocM7Pro5G8R256Prp-AU,,,,,,,,https://buymobile.com.au/products/xiaomi-poco-m7-pro-dual-sim-8gb-ram-256gb-5g?variant=42995481837683,,,,#N/A
"Xiaomi Poco M7 Pro Dual SIM 5G (8GB RAM, 256GB, Silver) - Brand New",Xiaomi Poco Series,Xiaomi,,,XiaPocM7Pro5G8R256Slv-AU,,,,,,,,https://buymobile.com.au/products/xiaomi-poco-m7-pro-dual-sim-8gb-ram-256gb-5g?variant=42995481870451,,,,#N/A
"Xiaomi Poco X6 Pro Dual SIM 5G (12GB RAM, 512GB, Black) - Brand New",Xiaomi Poco Series,Xiaomi,,,XiaPocX612R512Blk-AU,,,,,,,,,https://spectronic.com.au/product/poco-x6-pro-5g-512gb-12gb-ram-black-dual-sim-global-version/,https://bestmobilephone.com.au/poco-x6-pro-dual-sim-5g-12gb-512gb-black-global-version/,,#N/A
"Xiaomi Poco X6 Pro Dual SIM 5G (12GB RAM, 512GB, Gray) - Brand New",Xiaomi Poco Series,Xiaomi,,,XiaPocX612R512Gry-AU,,,,,,,,,https://spectronic.com.au/product/poco-x6-pro-5g-512gb-12gb-ram-grey-dual-sim-global-version/,,,#N/A
"Xiaomi Poco X6 Pro Dual SIM 5G (12GB RAM, 512GB, Yellow) - Brand New",Xiaomi Poco Series,Xiaomi,,,XiaPocX612R512Ylw-AU,,,,,,,,,https://spectronic.com.au/product/poco-x6-pro-5g-512gb-12gb-ram-yellow-dual-sim-global-version/,https://bestmobilephone.com.au/poco-x6-pro-dual-sim-5g-12gb-512gb-yellow-global-version/,,#N/A
"Xiaomi Poco X7 Dual SIM 5G (12GB RAM, 512GB, Black) - Brand New",Xiaomi Poco Series,Xiaomi,,,XiaPocX712R512Blk-AU,,,,,,,,,https://spectronic.com.au/product/xiaomi-poco-x7-5g-512gb-12gb-ram-black-dual-sim-global-version/,,https://www.amazon.com.au/dp/B0DRFPNJKY,#N/A
"Xiaomi Poco X7 Dual SIM 5G (12GB RAM, 512GB, Green) - Brand New",Xiaomi Poco Series,Xiaomi,,,XiaPocX712R512Grn-AU,,,,,,,,,https://spectronic.com.au/product/xiaomi-poco-x7-5g-512gb-12gb-ram-green-dual-sim-global-version/,,https://www.amazon.com.au/dp/B0DR8JHFQX,#N/A
"Xiaomi Poco X7 Dual SIM 5G (12GB RAM, 512GB, Silver) - Brand New",Xiaomi Poco Series,Xiaomi,,,XiaPocX712R512Slv-AU,,,,,,,,,https://spectronic.com.au/product/xiaomi-poco-x7-5g-512gb-12gb-ram-silver-dual-sim-global-version/,,https://www.amazon.com.au/dp/B0DQLMP5WN,#N/A
"Xiaomi Poco X7 Dual SIM 5G (8GB RAM, 256GB, Black) - Brand New",Xiaomi Poco Series,Xiaomi,,,XiaPocX78R256Blk-AU,,,,,,,,,https://spectronic.com.au/product/xiaomi-poco-x7-5g-256gb-8gb-ram-black-dual-sim-global-version/,,https://www.amazon.com.au/dp/B0DR8KX3CF,#N/A
"Xiaomi Poco X7 Dual SIM 5G (8GB RAM, 256GB, Green) - Brand New",Xiaomi Poco Series,Xiaomi,,,XiaPocX78R256Grn-AU,,,,,,,,,https://spectronic.com.au/product/xiaomi-poco-x7-5g-256gb-8gb-ram-green-dual-sim-global-version/,,https://www.amazon.com.au/dp/B0DRVGLDR9,#N/A
"Xiaomi Poco X7 Pro Dual SIM 5G (12 GB RAM, 512GB, Black) - Brand New",Xiaomi Poco Series,Xiaomi,,,XiaPocX7Pro12R512Blk-AU,,,,,,,,https://buymobile.com.au/products/xiaomi-poco-x7-pro-dual-sim-12gb-ram-512gb-5g?variant=42995487047795,,,,#N/A
"Xiaomi Poco X7 Pro Dual SIM 5G (12GB RAM, 256GB, Black) - Brand New",Xiaomi Poco Series,Xiaomi,,,XiaPocX7Pro12R256Blk-AU,,,,,,,,,,https://bestmobilephone.com.au/poco-x7-pro-dual-sim-5g-12gb-256gb-black-global-version/,https://www.amazon.com.au/dp/B0DR7Z1NNB,615.53
"Xiaomi Poco X7 Pro Dual SIM 5G (12GB RAM, 256GB, Green) - Brand New",Xiaomi Poco Series,Xiaomi,,,XiaPocX7Pro12R256Grn-AU,,,,,,,,,,,https://www.amazon.com.au/dp/B0DRFT9BZK,
"Xiaomi Poco X7 Pro Dual SIM 5G (12GB RAM, 256GB, Yellow) - Brand New",Xiaomi Poco Series,Xiaomi,,,XiaPocX7Pro12R256Ylw-AU,,,,,,,,,,,https://www.amazon.com.au/dp/B0DRFX8ZNW,#N/A
"Xiaomi Poco X7 Pro Dual SIM 5G (8GB RAM, 256GB, Green) - Brand New",Xiaomi Poco Series,Xiaomi,,,XiaPocX7Pro8R256Grn-AU,,,,,,,,,,,,#N/A
"Xiaomi Poco X7 Pro Dual SIM 5G (8GB RAM, 256GB, Yellow) - Brand New",Xiaomi Poco Series,Xiaomi,,,XiaPocX7Pro8R256Ylw-AU,,,,,,,,,,,https://www.amazon.com.au/dp/B0DR7ZMLWN,#N/A
"Xiaomi Redmi 13 Dual SIM (8GB RAM, 256GB, Midnight Black) - Brand New",Xiaomi Redmi Series,Xiaomi,,,XiaRed138R256Blk-AU,,,,,,https://www.jbhifi.com.au/products/xiaomi-redmi-13-4g-256gb-midnight-black,,,,,,#N/A
"Xiaomi Redmi 13X Dual SIM (6GB RAM, 128GB, Midnight Black) - Brand New",Xiaomi Redmi Series,Xiaomi,,,XRd13x6128Bk-AU,,,,,,,,,,,,#N/A
"Xiaomi Redmi 13X Dual SIM (6GB RAM, 128GB, Silk Blue) - Brand New",Xiaomi Redmi Series,Xiaomi,,,XRd13x6128Bl-AU,,,,,,,,,,,,#N/A
"Xiaomi Redmi 13X Dual SIM (6GB RAM, 128GB, Silk Gold) - Brand New",Xiaomi Redmi Series,Xiaomi,,,XRd13x6128Gd-AU,,,,,,,,https://buymobile.com.au/products/xiaomi-redmi-13x-dual-sim-6gb-ram-128gb-4g?variant=43201614708851,,,,#N/A
"Xiaomi Redmi 13X Dual SIM (8GB RAM, 256GB, Midnight Black) - Brand New",Xiaomi Redmi Series,Xiaomi,,,XRd13x8256Bk-AU,,,,,,,,,,,,#N/A
"Xiaomi Redmi 13X Dual SIM (8GB RAM, 256GB, Silk Blue) - Brand New",Xiaomi Redmi Series,Xiaomi,,,XRd13x8256Bl-AU,,,,,,,,,,,https://www.amazon.com.au/dp/B0F6VVHK1L,287.00
"Xiaomi Redmi 14C Dual SIM (4GB RAM, 128GB, Midnight Black) - Brand New",Xiaomi Redmi Series,Xiaomi,,,XiaRed14C4R128Blk-AU,,,,,,,https://www.mobileciti.com.au/redmi-14c-128gb-midnight-black,https://buymobile.com.au/products/xiaomi-redmi-14c-dual-sim-4gb-ram-128gb-4g-lte?variant=42407691026547,,,,#N/A
"Xiaomi Redmi 14C Dual SIM (4GB RAM, 128GB, Sage Green) - Brand New",Xiaomi Redmi Series,Xiaomi,,,XiaRed14C4R128Grn-AU,,,,,,,,https://buymobile.com.au/products/xiaomi-redmi-14c-dual-sim-4gb-ram-128gb-4g-lte?variant=42407691092083,,,,#N/A
"Xiaomi Redmi 14C Dual SIM (4GB RAM, 128GB, Starry Blue) - Brand New",Xiaomi Redmi Series,Xiaomi,,,XiaRed14C4R128Blu-AU,,,,,,,,https://buymobile.com.au/products/xiaomi-redmi-14c-dual-sim-4gb-ram-128gb-4g-lte?variant=42407691059315,,,,#N/A
"Xiaomi Redmi 14C Dual SIM (6GB RAM, 128GB, Sage Green) - Brand New",Xiaomi Redmi Series,Xiaomi,,,XiaRed14C6R128Grn-AU,,,,,,,,,,,,#N/A
"Xiaomi Redmi 14C Dual SIM (8GB RAM, 256GB, Midnight Black) - Brand New",Xiaomi Redmi Series,Xiaomi,,,XiaRed14C8R256Blk-AU,,,,,,,,,,,https://www.amazon.com.au/dp/B0DFWQWSSC,#N/A
"Xiaomi Redmi 14C Dual SIM (8GB RAM, 256GB, Sage Green) - Brand New",Xiaomi Redmi Series,Xiaomi,,,XiaRed14C8R256Grn-AU,,,,,,,,,,,https://www.amazon.com.au/dp/B0DFMN3X6C,#N/A
"Xiaomi Redmi 14C Dual SIM (8GB RAM, 256GB, Starry Blue) - Brand New",Xiaomi Redmi Series,Xiaomi,,,XiaRed14C8R256Blu-AU,,,,,,,,,,,https://www.amazon.com.au/dp/B0DHZFKSSK,#N/A
"Xiaomi Redmi 15 Dual SIM 5G (8GB RAM, 256GB, Midnight Black) - Brand New",Xiaomi Redmi Series,Xiaomi,,,XiMi158256Bk-AU,,,,,,,https://www.mobileciti.com.au/redmi-15-5g-dual-sim-256gb-8gb-6-9-au-version-black,,https://spectronic.com.au/product/xiaomi-redmi-15-5g-256gb-8gb-ram-midnight-black-dual-sim-global-version/,,https://www.amazon.com.au/dp/B0FJFSHJ6Z,
"Xiaomi Redmi 15 Dual SIM 5G (8GB RAM, 256GB, Ripple Green) - Brand New",Xiaomi Redmi Series,Xiaomi,,,XiMi158256Gn-AU,,,,,,,https://www.mobileciti.com.au/redmi-15-5g-dual-sim-256gb-8gb-6-9-au-version-green,,https://spectronic.com.au/product/xiaomi-redmi-15-5g-256gb-8gb-ram-ripple-green-dual-sim-global-version/,,,#N/A
"Xiaomi Redmi 15 Dual SIM 5G (8GB RAM, 256GB, Titan Gray) - Brand New",Xiaomi Redmi Series,Xiaomi,,,XiMi158256Gy-AU,,,,,,,https://www.mobileciti.com.au/redmi-15-5g-dual-sim-256gb-8gb-6-9-au-version-grey,,https://spectronic.com.au/product/xiaomi-redmi-15-5g-256gb-8gb-ram-titan-gray-dual-sim-global-version/,,https://www.amazon.com.au/dp/B0FL13D895,
"Xiaomi Redmi A3 (4GB RAM, 128GB, Forest Green) - Brand New",Xiaomi Redmi Series,Xiaomi,,,XiaRedA34R128Grn-AU,,,,,,,,,,,,#N/A
"Xiaomi Redmi A3 (4GB RAM, 128GB, Midnight Black) - Brand New",Xiaomi Redmi Series,Xiaomi,,,XiaRedA34R128Blk-AU,,,,,,,,,,,,#N/A
"Xiaomi Redmi A5 (3GB RAM, 64GB, Lake Green) - Brand New",Xiaomi Redmi Series,Xiaomi,,,XiaRedA53R64Grn-AU,,,,,,,,https://buymobile.com.au/products/xiaomi-redmi-a5-dual-sim-3gb-ram-64gb-4g?variant=43072430243955,,,https://www.amazon.com.au/dp/B0F1GD4BSW,158.06
"Xiaomi Redmi A5 (3GB RAM, 64GB, Midnight Black) - Brand New",Xiaomi Redmi Series,Xiaomi,,,XRdA5364Bk-AU,,,,,,,,https://buymobile.com.au/products/xiaomi-redmi-a5-dual-sim-3gb-ram-64gb-4g?variant=43057244799091,,,https://www.amazon.com.au/dp/B0F3BC9VCY,
"Xiaomi Redmi A5 (3GB RAM, 64GB, Ocean Blue) - Brand New",Xiaomi Redmi Series,Xiaomi,,,XiaRedA53R64Blu-AU,,,,,,,,https://buymobile.com.au/products/xiaomi-redmi-a5-dual-sim-3gb-ram-64gb-4g?variant=43072431358067,,,https://www.amazon.com.au/dp/B0F3BHC4NG,
"Xiaomi Redmi A5 (3GB RAM, 64GB, Sandy Gold) - Brand New",Xiaomi Redmi Series,Xiaomi,,,XiaRedA53R64Gld-AU,,,,,,,,https://buymobile.com.au/products/xiaomi-redmi-a5-dual-sim-3gb-ram-64gb-4g?variant=43768797790323,,,https://www.amazon.com.au/dp/B0F3BDS8MK,
"Xiaomi Redmi A5 (4GB RAM, 128GB, Lake Green) - Brand New",Xiaomi Redmi Series,Xiaomi,,,XRdA54128Gn-AU,,,,,,,,https://buymobile.com.au/products/xiaomi-redmi-a5-dual-sim-4gb-ram-128gb-4g?variant=43057245028467,,,,#N/A
"Xiaomi Redmi A5 (4GB RAM, 128GB, Midnight Black) - Brand New",Xiaomi Redmi Series,Xiaomi,,,XRdA54128Bk-AU,,,,,,,,https://buymobile.com.au/products/xiaomi-redmi-a5-dual-sim-4gb-ram-128gb-4g?variant=43057245061235,,,https://www.amazon.com.au/dp/B0F3B7VJ24,
"Xiaomi Redmi A5 (4GB RAM, 128GB, Ocean BLue) - Brand New",Xiaomi Redmi Series,Xiaomi,,,XRdA54128Bl-AU,,,,,,,,https://buymobile.com.au/products/xiaomi-redmi-a5-dual-sim-4gb-ram-128gb-4g?variant=43115153522803,,,https://www.amazon.com.au/dp/B0F39WFY69,
"Xiaomi Redmi A5 (4GB RAM, 128GB, Sandy Gold) - Brand New",Xiaomi Redmi Series,Xiaomi,,,XiaRedA54R128Gld-AU,,,,,,,,https://buymobile.com.au/products/xiaomi-redmi-a5-dual-sim-4gb-ram-128gb-4g?variant=43057245094003,,,https://www.amazon.com.au/dp/B0F3J2N1J8,171.63
"Xiaomi Redmi Note 13 Pro (12GB RAM, 512GB, Ocean Teal) - Brand New",Xiaomi Redmi Note Series,Xiaomi,,,XiaRedNot13Pro12R512Tel-AU,,,,,,,,,,,,#N/A
"Xiaomi Redmi Note 13 Pro (12GB RAM, 512GB, Purple) - Brand New",Xiaomi Redmi Note Series,Xiaomi,,,XiaRedNot13Pro12R512Prp-AU,,,,,,,,,,https://bestmobilephone.com.au/xiaomi-redmi-note-13-pro-4g-dual-sim-12gb-512gb-lavender-purple-global-version/,,#N/A
"Xiaomi Redmi Note 13 Pro 5G (12GB RAM, 512GB, Midnight Black) - Brand New",Xiaomi Redmi Note Series,Xiaomi,,,XiaRedNot13Pro12R512Blk-AU,,,,,,,,,,https://bestmobilephone.com.au/xiaomi-redmi-note-13-pro-4g-dual-sim-12gb-512gb-midnight-black-global-version/,,#N/A
"Xiaomi Redmi Note 13 Pro 5G (12GB RAM, 512GB, Olive Green) - Brand New",Xiaomi Redmi Note Series,,,,XiaRedNot13Pro5G12R512Olv-AU,,,,,,,,,,,,#N/A
"Xiaomi Redmi Note 13 Pro 5G (8GB RAM, 256GB, Ocean Teal) - Brand New",Xiaomi Redmi Note Series,,,,XiaRedNot13Pro5G8R256Tel-AU,,,,,,,,,https://spectronic.com.au/product/xiaomi-redmi-note-13-pro-5g-256gb-8gb-ram-ocean-teal-dual-sim-global-version-copy/,https://bestmobilephone.com.au/xiaomi-redmi-note-13-5g-dual-sim-8gb-256gb-ocean-teal-global-version/,,#N/A
"Xiaomi Redmi Note 13 Pro 5G (8GB RAM, 256GB, Olive Green) - Brand New",Xiaomi Redmi Note Series,,,,XiaRedNot13Pro5G8R256Olv-AU,,,,,,,,,,,,#N/A
"Xiaomi Redmi Note 13 Pro+ Plus Dual SIM 5G (12GB RAM, 512GB, Aurora Purple) - Brand New",Xiaomi Redmi Note Series,Xiaomi,,,XiaRedNote13ProPls12R512Prp-AU,,,,,,https://www.jbhifi.com.au/products/xiaomi-redmi-note-13-pro-5g-512gb-aurora-purple,,,https://spectronic.com.au/product/xiaomi-redmi-note-13-pro-plus-5g-512gb-12gb-ram-aurora-purple-dual-sim-global-version/,https://bestmobilephone.com.au/xiaomi-redmi-note-13-pro-plus-5g-dual-sim-12gb-512gb-fushion-purple-global-version/,,#N/A
"Xiaomi Redmi Note 13 Pro+ Plus Dual SIM 5G (12GB RAM, 512GB, Black) - Brand New",Xiaomi Redmi Note Series,Xiaomi,,,XiaRedNote13ProPls12R512Blk-AU,,,,,,https://www.jbhifi.com.au/products/xiaomi-redmi-note-13-pro-5g-512gb-midnight-black,,,https://spectronic.com.au/product/xiaomi-redmi-note-13-pro-plus-5g-512gb-12gb-ram-midnight-black-dual-sim-global-version-2/,https://bestmobilephone.com.au/xiaomi-redmi-note-13-pro-plus-5g-dual-sim-12gb-512gb-fushion-black-global-version/,,#N/A
"Xiaomi Redmi Note 13 Pro+ Plus Dual SIM 5G (12GB RAM, 512GB, White) - Brand New",Xiaomi Redmi Note Series,Xiaomi,,,XiaRedNote13ProPls12R512Wht-AU,,,,,,,,,https://spectronic.com.au/product/xiaomi-redmi-note-13-pro-plus-5g-512gb-12gb-ram-moonlight-white-dual-sim-global-version/,https://bestmobilephone.com.au/xiaomi-redmi-note-13-pro-plus-5g-dual-sim-12gb-512gb-fushion-white-global-version/,,#N/A
"Xiaomi Redmi Note 14 (12GB RAM, 512GB, Lime Green) - Brand New",Xiaomi Redmi Note Series,,,,XiaRedNot144G12R512Grn-AU,,,,,,,,,,,,#N/A
"Xiaomi Redmi Note 14 (8GB RAM, 256GB, Lime Green) - Brand New",Xiaomi Redmi Note Series,Xiaomi,,,XiaRedNot144G8R256Grn-AU,,,,,,,,https://buymobile.com.au/products/xiaomi-redmi-note-14-dual-sim-8gb-ram-256gb-4g?variant=42995484688499,,,https://www.amazon.com.au/dp/B0DRFGFX8B,#N/A
"Xiaomi Redmi Note 14 (8GB RAM, 256GB, Midnight Black) - Brand New",Xiaomi Redmi Note Series,Xiaomi,,,XiaRedNot144G8R256Blk-AU,,,,,,,,https://buymobile.com.au/products/xiaomi-redmi-note-14-dual-sim-8gb-ram-256gb-4g?variant=42995484721267,,,https://www.amazon.com.au/dp/B0DRCX34LQ,264.89
"Xiaomi Redmi Note 14 (8GB RAM, 256GB, Mist Purple) - Brand New",Xiaomi Redmi Note Series,Xiaomi,,,XiaRedNot144G8R256Prp-AU,,,,,,,,https://buymobile.com.au/products/xiaomi-redmi-note-14-dual-sim-8gb-ram-256gb-4g?variant=42995484754035,,,,#N/A
"Xiaomi Redmi Note 14 (8GB RAM, 256GB, Ocean Blue) - Brand New",Xiaomi Redmi Note Series,Xiaomi,,,XiaRedNot144G8R256Blu-AU,,,,,,,,https://buymobile.com.au/products/xiaomi-redmi-note-14-dual-sim-8gb-ram-256gb-4g?variant=42995484655731,,,https://www.amazon.com.au/dp/B0DRFJR1R3,#N/A
"Xiaomi Redmi Note 14 5G (12GB RAM, 512GB, Coral Green) - Brand New",Xiaomi Redmi Note Series,Xiaomi,,,XiaRedNot145G12R512Grn-AU,,,,,,,,,,,,#N/A
"Xiaomi Redmi Note 14 5G (12GB RAM, 512GB, Lavender Purple) - Brand New",Xiaomi Redmi Note Series,Xiaomi,,,XiaRedNot145G12R512Prp-AU,,,,,,,,,,,https://www.amazon.com.au/dp/B0DX2513HL,#N/A
"Xiaomi Redmi Note 14 5G (8GB RAM, 256GB, Coral Green) - Brand New",Xiaomi Redmi Note Series,Xiaomi,,,XiaRedNot145G8R256Grn-AU,,,,,,,,,,,https://www.amazon.com.au/dp/B0DPHS3QKZ,#N/A
"Xiaomi Redmi Note 14 5G (8GB RAM, 256GB, Lavender Purple) - Brand New",Xiaomi Redmi Note Series,Xiaomi,,,XiaRedNot145G8R256Prp-AU,,,,,,,,,,,https://www.amazon.com.au/dp/B0DTP5X7DP,#N/A
"Xiaomi Redmi Note 14 5G (8GB RAM, 256GB, Midnight Black) - Brand New",Xiaomi Redmi Note Series,Xiaomi,,,XiaRedNot145G8R256Blk-AU,,,,,,,,,,,,#N/A
"Xiaomi Redmi Note 14 Pro (12GB RAM, 512GB, Midnight Black) - Brand New",Xiaomi Redmi Note Series,Xiaomi,,,XiaRedNot14Pro4G12R512Blk-AU,,,,,,,,https://buymobile.com.au/products/xiaomi-redmi-note-14-pro-dual-sim-12gb-ram-512gb-4g?variant=42995484491891,,https://bestmobilephone.com.au/xiaomi-redmi-note-14-pro-5g-dual-sim-12gb-512gb-midnight-black-global-version/,,#N/A
"Xiaomi Redmi Note 14 Pro (12GB RAM, 512GB, Ocean Blue) - Brand New",Xiaomi Redmi Note Series,Xiaomi,,,XiaRedNot14Pro4G12R512Blu-AU,,,,,,,,https://buymobile.com.au/products/xiaomi-redmi-note-14-pro-dual-sim-12gb-ram-512gb-4g?variant=42995484459123,,,,#N/A
"Xiaomi Redmi Note 14 Pro (8GB RAM, 256GB, Lavender Purple) - Brand New",Xiaomi Redmi Note Series,Xiaomi,,,XiaRedNot14Pro4G8R256Prp-AU,,,,,,,,https://buymobile.com.au/products/xiaomi-redmi-note-14-pro-dual-sim-8gb-ram-256gb-4g?variant=42995484622963,,https://bestmobilephone.com.au/xiaomi-redmi-note-14-pro-5g-dual-sim-8gb-256gb-lavender-purple-global-version/,,#N/A
"Xiaomi Redmi Note 14 Pro (8GB RAM, 256GB, Ocean Blue) - Brand New",Xiaomi Redmi Note Series,Xiaomi,,,XiaRedNot14Pro4G8R256Blu-AU,,,,,,,,https://buymobile.com.au/products/xiaomi-redmi-note-14-pro-dual-sim-8gb-ram-256gb-4g?variant=42995484557427,,,,#N/A
"Xiaomi Redmi Note 14 Pro 5G (12GB RAM, 256GB, Coral Green) - Brand New",Xiaomi Redmi Note Series,Xiaomi,,,XiaRedNot14Pro5G12R256Grn-AU,,,,,,,,https://buymobile.com.au/products/xiaomi-redmi-note-14-pro-dual-sim-12gb-ram-256gb-5g?variant=43028693287027,,,,#N/A
"Xiaomi Redmi Note 14 Pro 5G (12GB RAM, 256GB, Midnight Black) - Brand New",Xiaomi Redmi Note Series,Xiaomi,,,XiaRedNot14Pro5G12R256Blk-AU,,,,,,,,https://buymobile.com.au/products/xiaomi-redmi-note-14-pro-dual-sim-12gb-ram-256gb-5g?variant=43028693254259,,,,#N/A
"Xiaomi Redmi Note 14 Pro 5G (12GB RAM, 512GB, Coral Green) - Brand New",Xiaomi Redmi Note Series,Xiaomi,,,XiaRedNot14Pro5G12R512Grn-AU,,,,,,,,,,https://bestmobilephone.com.au/xiaomi-redmi-note-14-pro-5g-dual-sim-12gb-512gb-coral-green-global-version/,https://www.amazon.com.au/dp/B0DSWHD16D,
"Xiaomi Redmi Note 14 Pro 5G (12GB RAM, 512GB, Lavender Purple) - Brand New",Xiaomi Redmi Note Series,Xiaomi,,,XiaRedNot14Pro5G12R512Prp-AU,,,,,,,,,,https://bestmobilephone.com.au/xiaomi-redmi-note-14-pro-plus-5g-dual-sim-12gb-512gb-lavender-purple-global-version/,https://www.amazon.com.au/dp/B0DRCLJWGM,
"Xiaomi Redmi Note 14 Pro 5G (12GB RAM, 512GB, Midnight Black) - Brand New",Xiaomi Redmi Note Series,Xiaomi,,,XiaRedNot14Pro5G12R512Blk-AU,,,,,,,,,https://spectronic.com.au/product/xiaomi-redmi-note-14-pro-5g-512gb-12gb-ram-midnight-black-dual-sim-esim-global-version/,https://bestmobilephone.com.au/xiaomi-redmi-note-14-pro-5g-dual-sim-12gb-512gb-midnight-black-global-version/,"https://www.amazon.com.au/dp/B0DKY3849K",#N/A
"Xiaomi Redmi Note 14 Pro 5G (8GB RAM, 256GB, Coral Green) - Brand New",Xiaomi Redmi Note Series,Xiaomi,,,XiaRedNot14Pro5G8R256Grn-AU,,,,,,,,,https://spectronic.com.au/product/xiaomi-redmi-note-14-pro-5g-256gb-8gb-ram-coral-green-dual-sim-global-version/,https://bestmobilephone.com.au/xiaomi-redmi-note-14-pro-5g-dual-sim-8gb-256gb-coral-green-global-version/,https://www.amazon.com.au/dp/B0DPHKQBBV,#N/A
"Xiaomi Redmi Note 14 Pro 5G (8GB RAM, 256GB, Lavender Purple) - Brand New",Xiaomi Redmi Note Series,Xiaomi,,,XiaRedNot14Pro5G8R256Prp-AU,,,,,,,,,https://spectronic.com.au/product/xiaomi-redmi-note-14-5g-256gb-8gb-ram-lavender-purple-dual-sim-global-version/,https://bestmobilephone.com.au/xiaomi-redmi-note-14-pro-5g-dual-sim-8gb-256gb-lavender-purple-global-version/,https://www.amazon.com.au/dp/B0DPHKW26P,#N/A
"Xiaomi Redmi Note 14 Pro 5G (8GB RAM, 256GB, Midnight Black) - Brand New",Xiaomi Redmi Note Series,Xiaomi,,,XiaRedNot14Pro5G8R256Blk-AU,,,,,,,,,https://spectronic.com.au/product/xiaomi-redmi-note-14-pro-5g-256gb-8gb-ram-midnight-black-dual-sim-global-version/,https://bestmobilephone.com.au/xiaomi-redmi-note-14-pro-5g-dual-sim-8gb-256gb-midnight-black-global-version/,,#N/A
"Xiaomi Redmi Note 14 Pro+ Plus 5G (12GB RAM, 512GB, Frost Blue) - Brand New",Xiaomi Redmi Note Series,Xiaomi,,,XiaRedNot14ProPls5G12R512BluNoChr-AU,,,,,,,,,https://spectronic.com.au/product/xiaomi-redmi-note-14-pro-plus-5g-512gb-12gb-ram-frost-blue-dual-sim-global-version/,https://bestmobilephone.com.au/xiaomi-redmi-note-14-pro-plus-5g-dual-sim-12gb-512gb-frost-blue-global-version/,,#N/A
"Xiaomi Redmi Note 14 Pro+ Plus 5G (12GB RAM, 512GB, Midnight Black) - Brand New",Xiaomi Redmi Note Series,Xiaomi,,,XiaRedNot14ProPls5G12R512Blk-AU,,,,,,,,https://buymobile.com.au/products/xiaomi-redmi-note-14-pro-plus-dual-sim-12gb-ram-512gb-5g?variant=42995483967603,,https://bestmobilephone.com.au/xiaomi-redmi-note-14-pro-plus-5g-dual-sim-12gb-512gb-midnight-black-global-version/,https://www.amazon.com.au/dp/B0DRFWGZW5,#N/A
"Xiaomi Redmi Note 14 Pro+ Plus 5G (12GB RAM, 512GB, Sand Gold) - Brand New",Xiaomi Redmi Note Series,Xiaomi,,,XiaRedNot14ProPls5G12R512Gld-AU,,,,,,,,https://buymobile.com.au/collections/xiaomi-mobile-phones/products/xiaomi-redmi-note-14-pro-plus-dual-sim-12gb-ram-512gb-5g?variant=43133613670515,,,,#N/A
"Xiaomi Redmi Note 14 Pro+ Plus 5G (8GB RAM, 256GB, Frost Blue) - Brand New",Xiaomi Redmi Note Series,Xiaomi,,,XiaRedNot14ProPls5G8R256Blu-AU,,,,,,,,https://buymobile.com.au/collections/xiaomi-mobile-phones/products/xiaomi-redmi-note-14-pro-plus-dual-sim-8gb-ram-256gb-5g?variant=42995484098675,,,https://www.amazon.com.au/dp/B0DRC4ZPV6,#N/A
"Xiaomi Redmi Note 14 Pro+ Plus 5G (8GB RAM, 256GB, Midnight Black) - Brand New",Xiaomi Redmi Note Series,Xiaomi,,,XiaRedNot14ProPls5G8R256Blk-AU,,,,,,,,https://buymobile.com.au/collections/xiaomi-mobile-phones/products/xiaomi-redmi-note-14-pro-plus-dual-sim-8gb-ram-256gb-5g?variant=42995484065907,,,https://www.amazon.com.au/dp/B0DT2D9TD3,#N/A
"Xiaomi Redmi Note 14S (12GB RAM, 512GB, Aurora Purple) - Brand New",Xiaomi Redmi Note Series,Xiaomi,,,XiaRedNot14S12R512Prp-AU,,,,,,,,https://buymobile.com.au/products/xiaomi-redmi-note-14s-dual-sim-12gb-ram-512gb-4g?variant=43201621786739,,,,#N/A
"Xiaomi Redmi Note 14S (12GB RAM, 512GB, Midnight Black) - Brand New",Xiaomi Redmi Note Series,Xiaomi,,,XiaRedNot14S12R512Blk-AU,,,,,,,,https://buymobile.com.au/products/xiaomi-redmi-note-14s-dual-sim-12gb-ram-512gb-4g?variant=42995482886259,,,,#N/A
"Xiaomi Redmi Note 14S (12GB RAM, 512GB, Ocean Blue) - Brand New",Xiaomi Redmi Note Series,Xiaomi,,,XiaRedNot14S12R512Blu-AU,,,,,,,,https://buymobile.com.au/products/xiaomi-redmi-note-14s-dual-sim-12gb-ram-512gb-4g?variant=43072475594867,,,,#N/A
"Xiaomi Redmi Note 14S (8GB RAM, 256GB, Aurora Purple) - Brand New",Xiaomi Redmi Note Series,Xiaomi,,,XiaRedNot14S8R256Prp-AU,,,,,,,,https://buymobile.com.au/products/xiaomi-redmi-note-14s-dual-sim-8gb-ram-256gb-4g?variant=42995483017331,,,,#N/A
"Xiaomi Redmi Note 14S (8GB RAM, 256GB, Midnight Black) - Brand New",Xiaomi Redmi Note Series,Xiaomi,,,XiaRedNot14S8R256Blk-AU,,,,,,,,https://buymobile.com.au/products/xiaomi-redmi-note-14s-dual-sim-8gb-ram-256gb-4g?variant=42995482951795,,,,#N/A
"Xiaomi Redmi Note 14S (8GB RAM, 256GB, Ocean Blue) - Brand New",Xiaomi Redmi Note Series,Xiaomi,,,XiaRedNot14S8R256Blu-AU,,,,,,,,https://buymobile.com.au/products/xiaomi-redmi-note-14s-dual-sim-8gb-ram-256gb-4g?variant=42995482984563,,,,#N/A
"Xiaomi Redmi Pad 2 Wifi 11"" (6GB RAM, 128GB, Graphite Gray) - Brand New",Xiaomi Pad,Xiaomi,,,XiaRedPad2WF116R128Gry-AU,,,,,,,,https://buymobile.com.au/products/xiaomi-redmi-pad-2-6gb-ram-128gb-wifi?variant=43768798675059,,,https://www.amazon.com.au/dp/B0FHHH1D9N,
"Xiaomi Redmi Pad 2 Wifi 11"" (6GB RAM, 128GB, Lavender Purple) - Brand New",Xiaomi Pad,Xiaomi,,,XiaRedPad2WF116R128Lav-AU,,,,,,,,https://buymobile.com.au/products/xiaomi-redmi-pad-2-6gb-ram-128gb-wifi?variant=43143250641011,,,https://www.amazon.com.au/dp/B0FDWD43XJ,
"Xiaomi Redmi Pad 2 Wifi 11"" (6GB RAM, 128GB, Mint Green) - Brand New",Xiaomi Pad,Xiaomi,,,XiaRedPad2WF116R128Mnt-AU,,,,,,,,https://buymobile.com.au/products/xiaomi-redmi-pad-2-6gb-ram-128gb-wifi?variant=43143250673779,,,https://www.amazon.com.au/dp/B0FDWBGQRH,
"Xiaomi Redmi Pad Pro 5G (8GB RAM, 256GB, Graphite Gray) - Brand New",Xiaomi Pad,Xiaomi,,,XiaRedPadPro5G8R256Gry-AU,,,,,,,,,,,,#N/A
"Xiaomi Redmi Pad Pro Wifi (8GB RAM, 128GB, Graphite Gray) - Brand New",Xiaomi Pad,Xiaomi,,,XiaRedPadProWF8R128Gry-AU,,,,,,,,,,,,#N/A
"Xiaomi Redmi Pad SE Cellular 8.7"" (4GB RAM, 128GB, Aurora Green) - Brand New",Xiaomi Pad,Xiaomi,,,XiaRedPadSE4G874R128Grn-AU,,,,,,,,,,,,#N/A
"Xiaomi Redmi Pad SE Wifi 8.7"" (4GB RAM, 64GB, Aurora Green) - Brand New",Xiaomi Pad,Xiaomi,,,XiaRedPadSEWF874R64Grn-AU,,,,,,,,,,,,#N/A
"Xiaomi Redmi Pad SE Wifi 8.7"" (4GB RAM, 64GB, Graphite Gray) - Brand New",Xiaomi Pad,Xiaomi,,,XiaRedPadSEWF874R64Gry-AU,,,,,,,,,,,,#N/A
"Xiaomi Redmi Pad SE Wifi 8.7"" (4GB RAM, 64GB, Sky Blue) - Brand New",Xiaomi Pad,Xiaomi,,,XiaRedPadSEWF874R64Blu-AU,,,,,,,,,,,,#N/A
"Xiaomi Redmi Pad SE Wifi 8.7"" (6GB RAM, 128GB, Aurora Green) - Brand New",Xiaomi Pad,Xiaomi,,,XiaRedPadSEWF876R128Grn-AU,,,,,,,,,,,,#N/A
"Xiaomi Redmi Pad SE Wifi 8.7"" (6GB RAM, 128GB, Graphite Gray) - Brand New",Xiaomi Pad,Xiaomi,,,XiaRedPadSEWF876R128Gry-AU,,,,,,,,,,,,#N/A
"Samsung Galaxy Z Fold7 5G (12GB RAM, 256GB, Jetblack) - Brand New",Samsung Galaxy Z Fold Series,Samsung,,,SGalZFld712256Bk-AU,,,,,,https://www.jbhifi.com.au/products/samsung-galaxy-z-fold7-5g-256gb-jetblack,https://www.mobileciti.com.au/samsung-galaxy-z-fold7-5g-256gb-jetblack,https://buymobile.com.au/products/samsung-galaxy-z-fold7-f9660-dual-sim-12gb-ram-256gb-5g?variant=44235172511859,,,https://www.amazon.com.au/dp/B0FMYDLJRF,"2,222.00"
"Samsung Galaxy Z Fold7 5G (12GB RAM, 256GB, Silver Shadow) - Brand New",Samsung Galaxy Z Fold Series,Samsung,,,SGalZFld712256Sv-AU,,,,,,https://www.jbhifi.com.au/products/samsung-galaxy-z-fold7-5g-256gb-silver-shadow,https://www.mobileciti.com.au/samsung-galaxy-z-fold7-5g-256gb-silver-shadow,https://buymobile.com.au/products/samsung-galaxy-z-fold7-f9660-dual-sim-12gb-ram-256gb-5g?variant=44235172544627,,,https://www.amazon.com.au/dp/B0FK1Y17P4,"2,543.65"
"Samsung Galaxy Tab S11 Wifi (12GB RAM, 256GB, Moonstone Gray) - Brand New",Samsung Galaxy Tab S Series,Samsung,,,SGalTabS11WF12R256Gy-AU,,,,,,https://www.jbhifi.com.au/products/samsung-galaxy-tab-s11-11-0-wi-fi-256gb-grey,,https://buymobile.com.au/products/samsung-galaxy-tab-s11-x730-12gb-ram-256gb-wifi?variant=43784470593651,,,,#N/A
"Samsung Galaxy Tab S11 Wifi (12GB RAM, 256GB, Platinum Silver) - Brand New",Samsung Galaxy Tab S Series,Samsung,,,SGalTabS11WF12R256Sv-AU,,,,,,,,https://buymobile.com.au/products/samsung-galaxy-tab-s11-x730-12gb-ram-256gb-wifi?variant=43784470626419,,,,#N/A
"Samsung Galaxy Tab S11 Ultra Wifi (12GB RAM, 512GB, Moonstone Gray) - Brand New",Samsung Galaxy Tab S Series,Samsung,,,SGalTabS11UltWF12R512Gy-AU,,,,,,https://www.jbhifi.com.au/products/samsung-galaxy-tab-s11-ultra-14-6-wi-fi-512gb-grey,,https://buymobile.com.au/products/samsung-galaxy-tab-s11-ultra-x930-12gb-ram-512gb-wifi?variant=43784470659187,,,https://www.amazon.com.au/dp/B0FXBC4L4W,#N/A
"Sony Xperia 10 VII 5G (8GB RAM, 128 GB, Turquoise) - Brand New",Sony Xperia 10 Series,Sony,,,SonXp10VII5G8128Trq-AU,,,,,,,,,,https://bestmobilephone.com.au/sony-xperia-10-vii-5g-dual-sim-8gb-128gb-turquoise-xq-ef72-global-version/,,#N/A
"Sony Xperia 10 VII 5G (8GB RAM, 128 GB, Black) - Brand New",Sony Xperia 10 Series,Sony,,,SonXp10VII5G8128Blk-AU,,,,,,,,,,https://bestmobilephone.com.au/sony-xperia-10-vii-5g-dual-sim-8gb-128gb-charcoal-black-xq-ef72-global-version/,,#N/A
"Sony Xperia 10 VII 5G (8GB RAM, 128 GB, White) - Brand New",Sony Xperia 10 Series,Sony,,,SonXp10VII5G8128Wht-AU,,,,,,,,,,https://bestmobilephone.com.au/sony-xperia-10-vii-5g-dual-sim-8gb-128gb-white-xq-ef72-global-version/,,#N/A
"Honor Magic V5 5G (16GB RAM, 512GB, Black) - Brand New",Honor,Honor,,,HonMagV55G16R512Blk-AU,,,,,,,,,https://spectronic.com.au/product/honor-magic-v5-5g-512gb-16gb-ram-black-dual-sim-global-version/,https://bestmobilephone.com.au/honor-magic-v5-5g-dual-sim-16gb-512gb-black-global-version/,,#N/A
"Honor Magic V5 5G (16GB RAM, 512GB, Brown) - Brand New",Honor,Honor,,,HonMagV55G16R512Brn-AU,,,,,,,,,,https://bestmobilephone.com.au/honor-magic-v5-5g-dual-sim-16gb-512gb-reddish-brown-global-version/,,#N/A
"Honor Magic V5 5G (16GB RAM, 512GB, Gold) - Brand New",Honor,Honor,,,HonMagV55G16R512Gld-AU,,,,,,,,,https://spectronic.com.au/product/honor-magic-v5-5g-512gb-16gb-ram-dawn-gold-dual-sim-global-version/,https://bestmobilephone.com.au/honor-magic-v5-5g-dual-sim-16gb-512gb-dawn-gold-global-version/,,#N/A
"Honor Magic V5 5G (16GB RAM, 512GB, White) - Brand New",Honor,Honor,,,HonMagV55G16R512Wht-AU,,,,,,,,,https://spectronic.com.au/product/honor-magic-v5-5g-512gb-16gb-ram-ivory-white-dual-sim-global-version/,https://bestmobilephone.com.au/honor-magic-v5-5g-dual-sim-16gb-512gb-ivory-white-global-version/,,#N/A
"Samsung Galaxy A17 Dual SIM (4GB RAM, 128GB, Black) - Brand New",Samsung Galaxy A Series,Samsung,,,GalA174Gb128GBlk-AU,,,,,,https://www.jbhifi.com.au/products/samsung-galaxy-a17-5g-128gb-black,https://www.mobileciti.com.au/samsung-galaxy-a17-5g-128gb-black,https://buymobile.com.au/products/samsung-galaxy-a17-a175f-ds-dual-sim-4gb-ram-128gb-4g?variant=43935368642675,,,https://www.amazon.com.au/dp/B0FMJNHRVV,#N/A
"Samsung Galaxy A17 Dual SIM (4GB RAM, 128GB, Blue) - Brand New",Samsung Galaxy A Series,Samsung,,,GalA174Gb128GBlu-AU,,,,,,,,https://buymobile.com.au/products/samsung-galaxy-a17-a175f-ds-dual-sim-4gb-ram-128gb-4g?variant=43935368708211,,,,#N/A
"Samsung Galaxy A17 Dual SIM (4GB RAM, 128GB, Gray) - Brand New",Samsung Galaxy A Series,Samsung,,,GalA174Gb128GGry-AU,,,,,,,,https://buymobile.com.au/products/samsung-galaxy-a17-a175f-ds-dual-sim-4gb-ram-128gb-4g?variant=43935368675443,,,,#N/A
"Samsung Galaxy A17 Dual SIM (6GB RAM, 128GB, Black) - Brand New",Samsung Galaxy A Series,Samsung,,,GalA176Gb128GBlk-AU,,,,,,,,,,,,#N/A
"Samsung Galaxy A17 Dual SIM 5G (8GB RAM, 256GB, Black) - Brand New",Samsung Galaxy A Series,Samsung,,,GalA175G8Gb256GBlk-AU,,,,,,,,https://buymobile.com.au/products/samsung-galaxy-a17-a176b-dual-sim-8gb-ram-256gb-5g?,,,https://www.amazon.com.au/dp/B0FNCZKDS2,#N/A
"Samsung Galaxy A17 Dual SIM 5G (8GB RAM, 256GB, Blue) - Brand New",Samsung Galaxy A Series,Samsung,,,GalA175G8Gb256GBlu-AU,,,,,,,,https://buymobile.com.au/products/samsung-galaxy-a17-a176b-dual-sim-8gb-ram-256gb-5g?variant=43791782740083,,,https://www.amazon.com.au/dp/B0FRYJR3WX,#N/A
"Samsung Galaxy S25 FE (8GB RAM, 256GB, Ice Blue) - Brand New",Samsung Galaxy S25 Series,Samsung,,,SamGalS25FE8R256Blu-AU,,,,,,https://www.jbhifi.com.au/products/samsung-galaxy-s25-fe-5g-256gb-icy-blue,https://www.mobileciti.com.au/samsung-galaxy-s25-fe-5g-256gb-icy-blue,https://buymobile.com.au/products/samsung-galaxy-s25-fe-s731b-ds-dual-sim-8gb-ram-256gb-5g?variant=43940560633971,,https://bestmobilephone.com.au/samsung-galaxy-s25-fe-5g-dual-sim-8gb-256gb-icyblue-sm-s731b-ds/,https://www.amazon.com.au/dp/B0FG1W85ND,#N/A
"Samsung Galaxy S25 FE (8GB RAM, 256GB, JetBlack) - Brand New",Samsung Galaxy S25 Series,Samsung,,,SamGalS25FE8R256Blk-AU,,,,,,https://www.jbhifi.com.au/products/samsung-galaxy-s25-fe-5g-256gb-jet-black,https://www.mobileciti.com.au/samsung-galaxy-s25-fe-5g-256gb-jet-black,https://buymobile.com.au/products/samsung-galaxy-s25-fe-s731b-ds-dual-sim-8gb-ram-256gb-5g?variant=43771151450227,,https://bestmobilephone.com.au/samsung-galaxy-s25-fe-5g-dual-sim-8gb-256gb-jetblack-sm-s731b-ds/,https://www.amazon.com.au/dp/B0FG1THCD7,#N/A
"Samsung Galaxy S25 FE (8GB RAM, 256GB, Navy) - Brand New",Samsung Galaxy S25 Series,Samsung,,,SamGalS25FE8R256Nav-AU,,,,,,https://www.jbhifi.com.au/products/samsung-galaxy-s25-fe-5g-256gb-navy,https://www.mobileciti.com.au/samsung-galaxy-s25-fe-5g-256gb-navy,https://buymobile.com.au/products/samsung-galaxy-s25-fe-s731b-ds-dual-sim-8gb-ram-256gb-5g?variant=43940560666739,,https://bestmobilephone.com.au/samsung-galaxy-s25-fe-5g-dual-sim-8gb-256gb-navy-sm-s731b-ds/,https://www.amazon.com.au/dp/B0FG1X2XHF,#N/A
"Xiaomi Poco C85 (6GB RAM, 128GB, Black) - Brand New",Xiaomi Poco Series,Xiaomi,,,XiaPocC856R128Blk-AU,,,,,,,,,,,https://www.amazon.com.au/dp/B0FHQF9LL5,223.14
"Xiaomi Poco C85 (8GB RAM, 256GB, Black) - Brand New",Xiaomi Poco Series,Xiaomi,,,XiaPocC858R256Blk-AU,,,,,,,,https://buymobile.com.au/products/xiaomi-poco-c85-dual-sim-8gb-ram-256gb-4g?variant=43772934553715,,,https://www.amazon.com.au/dp/B0FHQD5M7D,201.44
"Asus ROG 9 FE 5G (12GB RAM, 256GB, Phantom Black) - Brand New",Asus ROG Series,Asus,,,AsROG9FE12R256Bk-AU,,,,,,,,,https://spectronic.com.au/product/asus-rog-phone-9-fe-5g-256gb-12gb-ram-phantom-black-global-version/,,,#N/A
"Asus ROG 9 FE 5G (16GB RAM, 256GB, Phantom Black) - Brand New",Asus ROG Series,Asus,,,AsROG9FE16R256Bk-AU,,,,,,,,https://buymobile.com.au/products/asus-rog-phone-9-fe-ai2401-n-dual-sim-16gb-ram-256gb-5g?_pos=1&_sid=0a18d1fae&_ss=r,,,,#N/A
"Motorola Razr 50 Ultra 5G (12GB RAM, 512GB, Midnight Blue) - Brand New",Motorola,Motorola,,,MotRzr50Ult12R512Bl-AU,,,,,,https://www.jbhifi.com.au/products/motorola-razr-50-ultra-5g-512gb-midnight-blue,,,,,,#N/A
"Motorola Razr 50 Ultra 5G (12GB RAM, 512GB, Spring Green) - Brand New",Motorola,Motorola,,,MotRzr50Ult12R512Gn-AU,,,,,,https://www.jbhifi.com.au/products/motorola-razr-50-ultra-5g-512gb-spring-green,https://www.mobileciti.com.au/motorola-razr-50-ultra-5g-512gb-green,,https://spectronic.com.au/product/motorola-razr-50-ultra-5g-512gb-12gb-ram-cabaret-dual-sim-global-version-xt2451-3/,,https://www.amazon.com.au/dp/B0D8ZLZ1MN,#N/A
"Samsung Galaxy S25 5G (12GB RAM, 256GB, Black) - Brand New",Samsung Galaxy S25 Series,Samsung,,,SamGalS2512R256Blk-AU,,,,,,,,https://buymobile.com.au/products/samsung-galaxy-s25-dual-sim-12gb-ram-256gb-5g?variant=43749826953331,,,,#N/A
"Samsung Galaxy A17 (8GB RAM, 256GB, Black) - Brand New",Samsung Galaxy A Series,Samsung,,,GalA174G8R256GBlk-AU,,,,,,,,https://buymobile.com.au/products/samsung-galaxy-a17-a175f-ds-dual-sim-6gb-ram-128gb-4g?variant=43935368740979,,,https://www.amazon.com.au/dp/B0FNCZKDS2,#N/A
"Samsung Galaxy A17 (8GB RAM, 256GB, Gray) - Brand New",Samsung Galaxy A Series,Samsung,,,GalA174G8R256GGry-AU,,,,,,,,https://buymobile.com.au/products/samsung-galaxy-a17-a175f-ds-dual-sim-8gb-ram-256gb-4g?variant=43957814591603,,,https://www.amazon.com.au/dp/B0FRYP55LB,#N/A
"Samsung Galaxy A17 (8GB RAM, 256GB, Blue) - Brand New",Samsung Galaxy A Series,Samsung,,,GalA174G8R256GBlu-AU,,,,,,,,https://buymobile.com.au/products/samsung-galaxy-a17-a175f-ds-dual-sim-8gb-ram-256gb-4g?variant=43957814624371,,,https://www.amazon.com.au/dp/B0FRYJR3WX,#N/A
"Xiaomi Pad 7 Pro 11"" Wifi (8GB RAM, 256GB, Gray) - Brand New",Xiaomi Pad,Xiaomi,,,XiaPad7ProWF118R256Gry-AU,,,,,,,,https://buymobile.com.au/products/xiaomi-pad-7-pro-8gb-ram-256gb-wifi?variant=43028699512947,,,,#N/A
"Xiaomi Pad 7 Pro 11"" Wifi (12GB RAM, 512GB, Gray) - Brand New",Xiaomi Pad,Xiaomi,,,XiaPad7ProWF1112R512Gry-AU,,,,,,,,,,https://bestmobilephone.com.au/xiaomi-pad-7-pro-12gb-512gb-global-version-matte-glass/,,#N/A
"Xiaomi Pad 7 Pro 11"" Wifi (12GB RAM, 512GB, Green) - Brand New",Xiaomi Pad,Xiaomi,,,XiaPad7ProWF1112R512Grn-AU,,,,,,,,,,https://bestmobilephone.com.au/xiaomi-pad-7-pro-12gb-512gb-green-global-version/,,#N/A
"Xiaomi Pad 7 11"" Wifi (8GB RAM, 128GB, Blue) - Brand New",Xiaomi Pad,Xiaomi,,,XiaPad7WF118R128Blu-AU,,,,,,,,https://buymobile.com.au/products/xiaomi-pad-7-8gb-ram-128gb-wifi?variant=43957814001779,,,https://www.amazon.com.au/dp/B0F18Y5LXW,
"Xiaomi Pad 7 11"" Wifi (8GB RAM, 128GB, Gray) - Brand New",Xiaomi Pad,Xiaomi,,,XiaPad7WF118R128Gry-AU,,,,,,,,https://buymobile.com.au/products/xiaomi-pad-7-8gb-ram-128gb-wifi?variant=43957814034547,,,https://www.amazon.com.au/dp/B0F1911DQ6,
"Xiaomi Pad 7 11"" Wifi (8GB RAM, 128GB, Green) - Brand New",Xiaomi Pad,Xiaomi,,,XiaPad7WF118R128Grn-AU,,,,,,,,https://buymobile.com.au/products/xiaomi-pad-7-8gb-ram-128gb-wifi?variant=43957814067315,,,https://www.amazon.com.au/dp/B0DZ68JBJV,526.19
"Samsung Galaxy A17 (8GB RAM, 128GB, Black) - Brand New",Samsung Galaxy A Series,Samsung,,,GalA174G8R128GBlk-AU,,,,,,,,https://buymobile.com.au/products/samsung-galaxy-a17-a175f-ds-dual-sim-8gb-ram-128gb-4g?variant=43957814689907,,,https://www.amazon.com.au/dp/B0FMJNHRVV,#N/A
"Samsung Galaxy A17 (8GB RAM, 128GB, Gray) - Brand New",Samsung Galaxy A Series,Samsung,,,GalA174G8R128GGry-AU,,,,,,,,https://buymobile.com.au/products/samsung-galaxy-a17-a175f-ds-dual-sim-8gb-ram-128gb-4g?variant=43957814722675,,,,#N/A
"Samsung Galaxy A17 (8GB RAM, 128GB, Blue) - Brand New",Samsung Galaxy A Series,Samsung,,,GalA174G8R128GBlu-AU,,,,,,,,https://buymobile.com.au/products/samsung-galaxy-a17-a175f-ds-dual-sim-8gb-ram-128gb-4g?variant=43957814755443,,,,#N/A
"Samsung Galaxy A17 5G (8GB RAM, 128GB, Black) - Brand New",Samsung Galaxy A Series,Samsung,,,GalA175G8R128GBlk-AU,,,,,,,,https://buymobile.com.au/products/samsung-galaxy-a17-a176b-dual-sim-8gb-ram-128gb-5g?variant=43957814100083,,,https://www.amazon.com.au/dp/B0FMJNHRVV,#N/A
"Samsung Galaxy A17 5G (8GB RAM, 128GB, Blue) - Brand New",Samsung Galaxy A Series,Samsung,,,GalA175G8R128GBlu-AU,,,,,,,,https://buymobile.com.au/products/samsung-galaxy-a17-a176b-dual-sim-8gb-ram-128gb-5g?variant=43957814132851,,,https://www.amazon.com.au/dp/B0FLJDBJW7,#N/A
"Xiaomi 15T Dual SIM 5G (12GB RAM, 256GB, Black) - Brand New",Xiaomi 15T,Xiaomi,,,Xia15T5G12R256Blk-AU,,,,,,,,,https://spectronic.com.au/product/xiaomi-15t-5g-256gb-12gb-ram-black-dual-sim-global-version/,https://bestmobilephone.com.au/xiaomi-15t-5g-dual-sim-12gb-256gb-black-global-version/,https://www.amazon.com.au/dp/B0FN3RNXR2,799.25
"Xiaomi 15T Dual SIM 5G (12GB RAM, 256GB, Gray) - Brand New",Xiaomi 15T,Xiaomi,,,Xia15T5G12R256Gry-AU,,,,,,,,,https://spectronic.com.au/product/xiaomi-15t-5g-256gb-12gb-ram-grey-dual-sim-global-version/,https://bestmobilephone.com.au/xiaomi-15t-5g-dual-sim-12gb-256gb-gray-global-version/,https://www.amazon.com.au/dp/B0FTG31K2G,797.00
"Xiaomi 15T Dual SIM 5G (12GB RAM, 256GB, Rose Gold) - Brand New",Xiaomi 15T,Xiaomi,,,Xia15T5G12R256Ros-AU,,,,,,,,,https://spectronic.com.au/product/xiaomi-15t-5g-256gb-12gb-ram-rose-gold-dual-sim-global-version/,https://bestmobilephone.com.au/xiaomi-15t-5g-dual-sim-12gb-256gb-rose-gold-global-version/,https://www.amazon.com.au/dp/B0FNY39659,#N/A
"Xiaomi 15T Dual SIM 5G (12GB RAM, 512GB, Black) - Brand New",Xiaomi 15T,Xiaomi,,,Xia15T5G12R512Blk-AU,,,,,,,,,https://spectronic.com.au/product/xiaomi-15t-5g-512gb-12gb-ram-black-dual-sim-global-version-copy/,https://bestmobilephone.com.au/xiaomi-15t-5g-dual-sim-12gb-512gb-black-global-version/,https://www.amazon.com.au/dp/B0FRRWPV5C,#N/A
"Xiaomi 15T Dual SIM 5G (12GB RAM, 512GB, Gray) - Brand New",Xiaomi 15T,Xiaomi,,,Xia15T5G12R512Gry-AU,,,,,,,,,https://spectronic.com.au/product/xiaomi-15t-5g-512gb-12gb-ram-grey-dual-sim-global-version/,https://bestmobilephone.com.au/xiaomi-15t-5g-dual-sim-12gb-512gb-gray-global-version/,https://www.amazon.com.au/dp/B0FTFZLQJ7,921.15
"Xiaomi 15T Dual SIM 5G (12GB RAM, 512GB, Rose Gold) - Brand New",Xiaomi 15T,Xiaomi,,,Xia15T5G12R512Ros-AU,,,,,,,,,https://spectronic.com.au/product/xiaomi-15t-5g-512gb-12gb-ram-rose-gold-dual-sim-global-version/,https://bestmobilephone.com.au/xiaomi-15t-5g-dual-sim-12gb-512gb-rose-gold-global-version/,https://www.amazon.com.au/dp/B0FPGBB2TJ,
"Apple iPad Pro 2025 11"" 5G (12GB RAM, 256GB, Silver) - Brand New",Apple iPad Pro Series,Apple,,,iPadPro2025115G12R256Slv-AU,,,,,,https://www.jbhifi.com.au/products/apple-ipad-pro-11-inch-256gb-wi-fi-cellular-silverm5,,,,,,#N/A
"Apple iPad Pro 2025 11"" 5G (12GB RAM, 256GB, Black) - Brand New",Apple iPad Pro Series,Apple,,,iPadPro2025115G12R256Blk-AU,,,,,,https://www.jbhifi.com.au/products/apple-ipad-pro-11-inch-256gb-wi-fi-cellular-space-blackm5,,,,,,#N/A
"Apple iPad Pro 2025 11"" 5G (12GB RAM, 512GB, Silver) - Brand New",Apple iPad Pro Series,Apple,,,iPadPro2025115G12R512Slv-AU,,,,,,https://www.jbhifi.com.au/products/apple-ipad-pro-11-inch-512gb-wi-fi-cellular-silverm5,,,,,,#N/A
"Apple iPad Pro 2025 11"" 5G (12GB RAM, 512GB, Black) - Brand New",Apple iPad Pro Series,Apple,,,iPadPro2025115G12R512Blk-AU,,,,,,https://www.jbhifi.com.au/products/apple-ipad-pro-11-inch-512gb-wi-fi-cellular-space-blackm5,,,,,,#N/A
"Apple iPad Pro 2025 11"" 5G (16GB RAM, 1TB, Silver) - Brand New",Apple iPad Pro Series,Apple,,,iPadPro2025115G16R1TBSlv-AU,,,,,,https://www.jbhifi.com.au/products/apple-ipad-pro-11-inch-1tb-wi-fi-cellular-silverm5,,,,,,#N/A
"Apple iPad Pro 2025 11"" 5G (16GB RAM, 1TB, Black) - Brand New",Apple iPad Pro Series,Apple,,,iPadPro2025115G16R1TBBlk-AU,,,,,,https://www.jbhifi.com.au/products/apple-ipad-pro-11-inch-1tb-wi-fi-cellular-space-blackm5,,,,,,#N/A
"Apple iPad Pro 2025 11"" 5G (16GB RAM, 2TB, Silver) - Brand New",Apple iPad Pro Series,Apple,,,iPadPro2025115G16R2TBSlv-AU,,,,,,https://www.jbhifi.com.au/products/apple-ipad-pro-11-inch-2tb-wi-fi-cellular-silverm5,,,,,,#N/A
"Apple iPad Pro 2025 11"" 5G (16GB RAM, 2TB, Black) - Brand New",Apple iPad Pro Series,Apple,,,iPadPro2025115G16R2TBBlk-AU,,,,,,https://www.jbhifi.com.au/products/apple-ipad-pro-11-inch-2tb-wi-fi-cellular-space-blackm5,,,,,,#N/A
"Apple iPad Pro 2025 11"" Wifi (12GB RAM, 256GB, Silver) - Brand New",Apple iPad Pro Series,Apple,,,iPadPro202511WF12R256Slv-AU,,,,,,https://www.jbhifi.com.au/products/apple-ipad-pro-11-inch-256gb-wi-fi-silverm5,,https://buymobile.com.au/products/apple-ipad-pro-11-inch-2025-m5-256gb-wifi?variant=44043976736883,,,,#N/A
"Apple iPad Pro 2025 11"" Wifi (12GB RAM, 256GB, Black) - Brand New",Apple iPad Pro Series,Apple,,,iPadPro202511WF12R256Blk-AU,,,,,,https://www.jbhifi.com.au/products/apple-ipad-pro-11-inch-256gb-wi-fi-space-blackm5,,https://buymobile.com.au/products/apple-ipad-pro-11-inch-2025-m5-256gb-wifi?variant=44043976769651,,,,#N/A
"Apple iPad Pro 2025 11"" Wifi (12GB RAM, 512GB, Silver) - Brand New",Apple iPad Pro Series,Apple,,,iPadPro202511WF12R512Slv-AU,,,,,,https://www.jbhifi.com.au/products/apple-ipad-pro-11-inch-512gb-wi-fi-silverm5,,,,,,#N/A
"Apple iPad Pro 2025 11"" Wifi (12GB RAM, 512GB, Black) - Brand New",Apple iPad Pro Series,Apple,,,iPadPro202511WF12R512Blk-AU,,,,,,https://www.jbhifi.com.au/products/apple-ipad-pro-11-inch-512gb-wi-fi-space-blackm5,,,,,,#N/A
"Apple iPad Pro 2025 11"" Wifi (16GB RAM, 1TB, Silver) - Brand New",Apple iPad Pro Series,Apple,,,iPadPro202511WF16R1TBSlv-AU,,,,,,https://www.jbhifi.com.au/products/apple-ipad-pro-11-inch-1tb-wi-fi-silverm5,,,,,,#N/A
"Apple iPad Pro 2025 11"" Wifi (16GB RAM, 1TB, Black) - Brand New",Apple iPad Pro Series,Apple,,,iPadPro202511WF16R1TBBlk-AU,,,,,,https://www.jbhifi.com.au/products/apple-ipad-pro-11-inch-1tb-wi-fi-space-blackm5,,,,,,#N/A
"Apple iPad Pro 2025 11"" Wifi (16GB RAM, 2TB, Silver) - Brand New",Apple iPad Pro Series,Apple,,,iPadPro202511WF16R2TBSlv-AU,,,,,,https://www.jbhifi.com.au/products/apple-ipad-pro-11-inch-2tb-wi-fi-silverm5,,,,,,#N/A
"Apple iPad Pro 2025 11"" Wifi (16GB RAM, 2TB, Black) - Brand New",Apple iPad Pro Series,Apple,,,iPadPro202511WF16R2TBBlk-AU,,,,,,https://www.jbhifi.com.au/products/apple-ipad-pro-11-inch-2tb-wi-fi-space-blackm5,,,,,,#N/A
"Apple iPad Pro 2025 13"" 5G (12GB RAM, 256GB, Silver) - Brand New",Apple iPad Pro Series,Apple,,,iPadPro2025135G12R256Slv-AU,,,,,,https://www.jbhifi.com.au/products/apple-ipad-pro-13-inch-256gb-wi-fi-cellular-silverm5,,,,,,#N/A
"Apple iPad Pro 2025 13"" 5G (12GB RAM, 256GB, Black) - Brand New",Apple iPad Pro Series,Apple,,,iPadPro2025135G12R256Blk-AU,,,,,,https://www.jbhifi.com.au/products/apple-ipad-pro-13-inch-256gb-wi-fi-cellular-space-blackm5,,,,,,#N/A
"Apple iPad Pro 2025 13"" 5G (12GB RAM, 512GB, Silver) - Brand New",Apple iPad Pro Series,Apple,,,iPadPro2025135G12R512Slv-AU,,,,,,https://www.jbhifi.com.au/products/apple-ipad-pro-13-inch-512gb-wi-fi-cellular-silverm5,,,,,,#N/A
"Apple iPad Pro 2025 13"" 5G (12GB RAM, 512GB, Black) - Brand New",Apple iPad Pro Series,Apple,,,iPadPro2025135G12R512Blk-AU,,,,,,https://www.jbhifi.com.au/products/apple-ipad-pro-13-inch-512gb-wi-fi-cellular-space-blackm5,,,,,,#N/A
"Apple iPad Pro 2025 13"" 5G (16GB RAM, 1TB, Silver) - Brand New",Apple iPad Pro Series,Apple,,,iPadPro2025135G16R1TBSlv-AU,,,,,,https://www.jbhifi.com.au/products/apple-ipad-pro-13-inch-1tb-wi-fi-cellular-silverm5,,,,,,#N/A
"Apple iPad Pro 2025 13"" 5G (16GB RAM, 1TB, Black) - Brand New",Apple iPad Pro Series,Apple,,,iPadPro2025135G16R1TBBlk-AU,,,,,,https://www.jbhifi.com.au/products/apple-ipad-pro-13-inch-1tb-wi-fi-cellular-space-blackm5,,,,,,#N/A
"Apple iPad Pro 2025 13"" 5G (16GB RAM, 2TB, Silver) - Brand New",Apple iPad Pro Series,Apple,,,iPadPro2025135G16R2TBSlv-AU,,,,,,https://www.jbhifi.com.au/products/apple-ipad-pro-13-inch-2tb-wi-fi-cellular-silverm5,,,,,,#N/A
"Apple iPad Pro 2025 13"" 5G (16GB RAM, 2TB, Black) - Brand New",Apple iPad Pro Series,Apple,,,iPadPro2025135G16R2TBBlk-AU,,,,,,https://www.jbhifi.com.au/products/apple-ipad-pro-13-inch-2tb-wi-fi-cellular-silverm5,,,,,,#N/A
"Apple iPad Pro 2025 13"" Wifi (12GB RAM, 256GB, Silver) - Brand New",Apple iPad Pro Series,Apple,,,iPadPro202513WF12R256Slv-AU,,,,,,https://www.jbhifi.com.au/products/apple-ipad-pro-13-inch-256gb-wi-fi-silverm5,,,,,,#N/A
"Apple iPad Pro 2025 13"" Wifi (12GB RAM, 256GB, Black) - Brand New",Apple iPad Pro Series,Apple,,,iPadPro202513WF12R256Blk-AU,,,,,,https://www.jbhifi.com.au/products/apple-ipad-pro-13-inch-256gb-wi-fi-space-blackm5,,,,,,#N/A
"Apple iPad Pro 2025 13"" Wifi (12GB RAM, 512GB, Silver) - Brand New",Apple iPad Pro Series,Apple,,,iPadPro202513WF12R512Slv-AU,,,,,,https://www.jbhifi.com.au/products/apple-ipad-pro-13-inch-512gb-wi-fi-silverm5,,,,,,#N/A
"Apple iPad Pro 2025 13"" Wifi (12GB RAM, 512GB, Black) - Brand New",Apple iPad Pro Series,Apple,,,iPadPro202513WF12R512Blk-AU,,,,,,https://www.jbhifi.com.au/products/apple-ipad-pro-13-inch-512gb-wi-fi-space-blackm5,,,,,,#N/A
"Apple iPad Pro 2025 13"" Wifi (16GB RAM, 1TB, Silver) - Brand New",Apple iPad Pro Series,Apple,,,iPadPro202513WF16R1TBSlv-AU,,,,,,https://www.jbhifi.com.au/products/apple-ipad-pro-13-inch-1tb-wi-fi-silverm5,,,,,,#N/A
"Apple iPad Pro 2025 13"" Wifi (16GB RAM, 1TB, Black) - Brand New",Apple iPad Pro Series,Apple,,,iPadPro202513WF16R1TBBlk-AU,,,,,,https://www.jbhifi.com.au/products/apple-ipad-pro-13-inch-1tb-wi-fi-space-blackm5,,,,,,#N/A
"Apple iPad Pro 2025 13"" Wifi (16GB RAM, 2TB, Silver) - Brand New",Apple iPad Pro Series,Apple,,,iPadPro202513WF16R2TBSlv-AU,,,,,,https://www.jbhifi.com.au/products/apple-ipad-pro-13-inch-2tb-wi-fi-silverm5,,,,,,#N/A
"Apple iPad Pro 2025 13"" Wifi (16GB RAM, 2TB, Black) - Brand New",Apple iPad Pro Series,Apple,,,iPadPro202513WF16R2TBBlk-AU,,,,,,https://www.jbhifi.com.au/products/apple-ipad-pro-13-inch-2tb-wi-fi-space-blackm5,,,,,,#N/A
"Samsung Galaxy Tab S10 Lite Wifi (6GB RAM, 128GB, Gray) - Brand New",Samsung Galaxy Tab S Series,Samsung,,,SamGalTabS10LtWF6128Gry-AU,,,,,,https://www.jbhifi.com.au/products/samsung-tab-s10-lite-wi-fi-128gb-grey,https://www.mobileciti.com.au/samsung-galaxy-tab-s10-lite-wi-fi-128gb-6gb-10-9-sm-x400n-grey,https://buymobile.com.au/products/samsung-galaxy-tab-s10-lite-x400-6gb-ram-128gb-wifi?variant=43940620107891,,,,#N/A
"Samsung Galaxy Tab S10+ 5G (12GB RAM, 256GB, Moonstone Gray) - Brand New",Samsung Galaxy Tab S Series,Samsung,,,SamGalTabS10Pls5G12R256Gry-AU,,,,,,https://www.jbhifi.com.au/products/samsung-galaxy-tab-s10-12-4-5g-256gb-grey,,,,,,#N/A
"Samsung Galaxy Tab S11 5G (12GB RAM, 256GB, Moonstone Gray) - Brand New",Samsung Galaxy Tab S Series,Samsung,,,SGalTabS115G12R256Gy-AU,,,,,,https://www.jbhifi.com.au/products/samsung-galaxy-tab-s11-11-0-5g-256gb-grey,https://www.mobileciti.com.au/samsung-galaxy-tab-s11-5g-256gb-12gb-11-sm-x736b-grey,https://buymobile.com.au/products/samsung-galaxy-tab-s11-x736-12gb-ram-256gb-5g?variant=43957813805171,,,,#N/A
"Samsung Galaxy Tab S11 5G (12GB RAM, 256GB, Platinum Silver) - Brand New",Samsung Galaxy Tab S Series,Samsung,,,SGalTabS115G12R256Sv-AU,,,,,,,,,,,,#N/A
"Samsung Galaxy Tab S11 Ultra 5G (12GB RAM, 512GB, Moonstone Gray) - Brand New",Samsung Galaxy Tab S Series,Samsung,,,SGalTabS11Ult5G12R512Gy-AU,,,,,,https://www.jbhifi.com.au/products/samsung-galaxy-tab-s11-ultra-14-6-5g-512gb-grey,https://www.mobileciti.com.au/samsung-galaxy-tab-s11-ultra-5g-512gb-12gb-14-6-sm-x936b-grey,,,,,#N/A
"Samsung Galaxy Tab S11 Ultra 5G (12GB RAM, 512GB, Platinum Silver) - Brand New",Samsung Galaxy Tab S Series,Samsung,,,SGalTabS11Ult5G12R512Sv-AU,,,,,,,,,,,,#N/A
"Honor X9D 5G (12GB RAM, 256GB, Forest Green) - Brand New",Honor,Honor,,,HonX9D12R256Grn-AU,,,,,,,,,https://spectronic.com.au/product/honor-x9d-5g-256gb-12gb-ram-forest-green-dual-sim-global-version/,,https://www.amazon.com.au/dp/B0FSRWDRX9,
"Honor X9D 5G (12GB RAM, 256GB, Midnight Black) - Brand New",Honor,Honor,,,HonX9D12R256Blk-AU,,,,,,https://www.jbhifi.com.au/products/honor-x9d-5g-256gb-midnight-black,,,https://spectronic.com.au/product/honor-x9d-5g-256gb-12gb-ram-midnight-black-dual-sim-global-version/,,https://www.amazon.com.au/dp/B0FSRR2Q5Z,
"Honor X9D 5G (12GB RAM, 256GB, Reddish Brown) - Brand New",Honor,Honor,,,HonX9D12R256Red-AU,,,,,,https://www.jbhifi.com.au/products/honor-x9d-5g-256gb-reddish-brown,,,,,https://www.amazon.com.au/dp/B0FYJ5F8XT,634.80
"Honor X9D 5G (12GB RAM, 256GB, Sunrise Gold) - Brand New",Honor,Honor,,,HonX9D12R256Gld-AU,,,,,,https://www.jbhifi.com.au/products/honor-x9d-5g-256gb-sunrise-gold,,,https://spectronic.com.au/product/honor-x9d-5g-256gb-12gb-ram-sunrise-gold-dual-sim-global-version/,,https://www.amazon.com.au/dp/B0FYJ26QQ6,600.30
"Xiaomi Redmi 15C Dual SIM (8GB RAM, 256GB, Midnight Black) - Brand New",Xiaomi Redmi Series,Xiaomi,,,XiaRed15C8R256Blk-AU,,,,,,,,,,,https://www.amazon.com.au/dp/B0FZ9RL5CH,
"Xiaomi Redmi 15C Dual SIM (8GB RAM, 256GB, Mint Green) - Brand New",Xiaomi Redmi Series,Xiaomi,,,XiaRed15C8R256Grn-AU,,,,,,,,,,,https://www.amazon.com.au/dp/B0FXSQDKW6,
"Xiaomi Redmi 15C Dual SIM (8GB RAM, 256GB, Moonlight Blue) - Brand New",Xiaomi Redmi Series,Xiaomi,,,XiaRed15C8R256Blu-AU,,,,,,,,,,,https://www.amazon.com.au/dp/B0FZX4WD98,
"Xiaomi Redmi 15C Dual SIM (8GB RAM, 256GB, Twilight Orange) - Brand New",Xiaomi Redmi Series,Xiaomi,,,XiaRed15C8R256Org-AU,,,,,,,,,,,https://www.amazon.com.au/dp/B0FMJCGDHW,
"Honor X7d 5G (6GB RAM, 128GB, Velvet Black) - Brand New",Honor,Honor,,,HonX7D6R128Blk-AU,,,,,,,,,https://spectronic.com.au/product/honor-x7d-5g-128gb-6gb-ram-velvet-black-dual-sim-global-version/,,,#N/A
"Honor X7d 5G (6GB RAM, 128GB, Desert Gold) - Brand New",Honor,Honor,,,HonX7D6R128Gld-AU,,,,,,,,,https://spectronic.com.au/product/honor-x7d-5g-128gb-6gb-ram-desert-gold-dual-sim-global-version/,,,#N/A
"Apple iPhone 17 5G (8GB RAM, 256GB, Black) - Brand New",Apple iPhone 17 Series,Apple,,,AppiPn178R256Blk-AU,,,,,,https://www.jbhifi.com.au/products/apple-iphone-17-256gb-black,,,,,,#N/A
"Apple iPhone 17 5G (8GB RAM, 256GB, Mist Blue) - Brand New",Apple iPhone 17 Series,Apple,,,AppiPn178R256Blu-AU,,,,,,https://www.jbhifi.com.au/products/apple-iphone-17-256gb-mist-blue,,,,,,#N/A
"Apple iPhone 17 5G (8GB RAM, 256GB, White) - Brand New",Apple iPhone 17 Series,Apple,,,AppiPn178R256Wht-AU,,,,,,https://www.jbhifi.com.au/products/apple-iphone-17-256gb-white,,,,,,#N/A
"Apple iPhone 17 5G (8GB RAM, 256GB, Lavender) - Brand New",Apple iPhone 17 Series,Apple,,,AppiPn178R256Lav-AU,,,,,,https://www.jbhifi.com.au/products/apple-iphone-17-256gb-lavender,https://www.mobileciti.com.au/apple-iphone-17-256gb-lavender,,,,,#N/A
"Apple iPhone 17 Pro 5G (12GB RAM, 256GB, Cosmic Orange) - Brand New",Apple iPhone 17 Series,Apple,,,AppiPn17Pro12R256Org-AU,,,,,,https://www.jbhifi.com.au/products/apple-iphone-17-pro-256gb-cosmic-orange,https://www.mobileciti.com.au/apple-iphone-17-pro-256gb-cosmic-orange,,,,,#N/A
"Apple iPhone 17 Pro 5G (12GB RAM, 256GB, Deep Blue) - Brand New",Apple iPhone 17 Series,Apple,,,AppiPn17Pro12R256Blu-AU,,,,,,https://www.jbhifi.com.au/products/apple-iphone-17-pro-256gb-deep-blue,https://www.mobileciti.com.au/apple-iphone-17-pro-256gb-deep-blue,,,,,#N/A
"Apple iPhone 17 Pro 5G (12GB RAM, 256GB, Silver) - Brand New",Apple iPhone 17 Series,Apple,,,AppiPn17Pro12R256Slv-AU,,,,,,https://www.jbhifi.com.au/products/apple-iphone-17-pro-256gb-silver,https://www.mobileciti.com.au/apple-iphone-17-pro-256gb-silver,,,,,#N/A
"Apple iPhone 17 Pro 5G (12GB RAM, 512GB, Deep Blue) - Brand New",Apple iPhone 17 Series,Apple,,,AppiPn17Pro12R512Blu-AU,,,,,,https://www.jbhifi.com.au/products/apple-iphone-17-pro-512gb-deep-blue,https://www.mobileciti.com.au/apple-iphone-17-pro-512gb-deep-blue,,,,,#N/A
"Apple iPhone 17 Pro Max 5G (12GB RAM, 256GB, Cosmic Orange) - Brand New",Apple iPhone 17 Series,Apple,,,AppiPn17ProMax12R256Org-AU,,,,,,https://www.jbhifi.com.au/products/apple-iphone-17-pro-max-256gb-cosmic-orange,,,,,,#N/A
"Apple iPhone 17 Pro Max 5G (12GB RAM, 256GB, Deep Blue) - Brand New",Apple iPhone 17 Series,Apple,,,AppiPn17ProMax12R256Blu-AU,,,,,,https://www.jbhifi.com.au/products/apple-iphone-17-pro-max-256gb-deep-blue,https://www.mobileciti.com.au/apple-iphone-17-pro-max-256gb-deep-blue,,,,,#N/A
"Apple iPhone 17 Pro Max 5G (12GB RAM, 512GB, Cosmic Orange) - Brand New",Apple iPhone 17 Series,Apple,,,AppiPn17ProMax12R512Org-AU,,,,,,https://www.jbhifi.com.au/products/apple-iphone-17-pro-max-512gb-cosmic-orange,https://www.mobileciti.com.au/apple-iphone-17-pro-max-512gb-cosmic-orange,,,,,#N/A
"Apple iPhone 17 Pro Max 5G (12GB RAM, 512GB, Deep Blue) - Brand New",Apple iPhone 17 Series,Apple,,,AppiPn17ProMax12R512Blu-AU,,,,,,https://www.jbhifi.com.au/products/apple-iphone-17-pro-max-512gb-deep-blue,,,,,,#N/A
"Honor 200 5G (12GB RAM, 256GB, Emerald Green) - Brand New",Honor,Honor,,,Hon20012R256Grn-AU,,,,,,,,,,,,#N/A
"Honor 200 5G (12GB RAM, 512GB, Moonlight White) - Brand New",Honor,Honor,,,Hon20012R512Wht-AU,,,,,,,,,,,https://www.amazon.com.au/dp/B0D6VJ6SD1,#N/A
"Honor 200 Pro 5G (12GB RAM, 512GB, Black) - Brand New",Honor,Honor,,,Hon200Pro12R512Blk-AU,,,,,,,,,,,https://www.amazon.com.au/dp/B0D35YPYJQ,716.29
"Honor 200 Pro 5G (12GB RAM, 512GB, Ocean Cyan) - Brand New",Honor,Honor,,,Hon200Pro12R512Cyn-AU,,,,,,,,,,,https://www.amazon.com.au/dp/B0DDDMSVJB,#N/A
"Samsung Galaxy Z Fold7 5G (12GB RAM, 256GB, Blue Shadow) - Brand New",Samsung Galaxy Z Fold Series,Samsung,,,SGalZFld712256Bl-AU,,,,,,https://www.jbhifi.com.au/products/samsung-galaxy-z-fold7-5g-256gb-blue-shadow,https://www.mobileciti.com.au/samsung-galaxy-z-fold7-5g-256gb-blue-shadow,https://buymobile.com.au/products/samsung-galaxy-z-fold7-f9660-dual-sim-12gb-ram-256gb-5g?variant=44235172479091,,,https://www.amazon.com.au/dp/B0FKLG46MP,"2,226.15"
"Samsung Galaxy Tab S11 Ultra Wifi (12GB RAM, 256GB, Moonstone Gray) - Brand New",Samsung Galaxy Tab S Series,Samsung,,,SGalTabS11UltWF12R256Gy-AU,,,,,,https://www.jbhifi.com.au/products/samsung-galaxy-tab-s11-ultra-14-6-wi-fi-256gb-grey,https://www.mobileciti.com.au/samsung-galaxy-tab-s11-ultra-wi-fi-256gb-12gb-14-6-sm-x930n-grey,https://buymobile.com.au/products/samsung-galaxy-tab-s11-ultra-x930-12gb-ram-256gb-wifi?variant=44085753020531,,,,#N/A
"Samsung Galaxy Tab S11 Ultra Wifi (12GB RAM, 256GB, Platinum Silver) - Brand New",Samsung Galaxy Tab S Series,Samsung,,,SGalTabS11UltWF12R256Sv-AU,,,,,,,,https://buymobile.com.au/products/samsung-galaxy-tab-s11-ultra-x930-12gb-ram-256gb-wifi?variant=44104875147379,,,,#N/A
"Samsung Galaxy Tab S11 Ultra 5G (16GB RAM, 1TB, Moonstone Gray) - Brand New",Samsung Galaxy Tab S Series,Samsung,,,SGalTabS11Ult5G16R1TBGy-AU,,,,,,https://www.jbhifi.com.au/products/samsung-galaxy-tab-s11-ultra-14-6-5g-1tb-grey,https://www.mobileciti.com.au/samsung-galaxy-tab-s11-ultra-5g-1tb-12gb-14-6-sm-x936b-grey,,,,,#N/A
"Samsung Galaxy Tab S11 Ultra 5G (16GB RAM, 1TB, Platinum Silver) - Brand New",Samsung Galaxy Tab S Series,Samsung,,,SGalTabS11Ult5G16R1TBSv-AU,,,,,,,,,,,,#N/A
"Samsung Galaxy Tab S11 Ultra 5G (12GB RAM, 256GB, Platinum Silver) - Brand New",Samsung Galaxy Tab S Series,Samsung,,,SGalTabS11Ult5G12R256Sv-AU,,,,,,,,https://buymobile.com.au/products/samsung-galaxy-tab-s11-ultra-x936-12gb-ram-256gb-5g?variant=44085752922227,,,,#N/A
"Samsung Galaxy Tab S11 5G (12GB RAM, 128GB, Platinum Silver) - Brand New",Samsung Galaxy Tab S Series,Samsung,,,SGalTabS115G12R128Sv-AU,,,,,,,,https://buymobile.com.au/products/samsung-galaxy-tab-s11-x736-12gb-ram-128gb-5g?variant=44085752856691,,,,#N/A
"Samsung Galaxy Tab A11 8.7 Wifi (4GB RAM, 64GB, Gray) - Brand New",Samsung Galaxy Tab A Series,Samsung,,,SGalTabA1187WF4R64Gy-AU,,,,,,,,https://buymobile.com.au/products/samsung-galaxy-tab-a11-x133-4gb-ram-64gb-wifi?variant=44057508479091,,,https://www.amazon.com.au/dp/B0FXBPWCQY,#N/A
"Samsung Galaxy Tab A11 8.7 (4GB RAM, 64GB, Gray) - Brand New",Samsung Galaxy Tab A Series,Samsung,,,SGalTabA11874G4R64Gy-AU,,,,,,,,,,,,#N/A
"Samsung Galaxy Tab A11 8.7 (4GB RAM, 64GB, Silver) - Brand New",Samsung Galaxy Tab A Series,Samsung,,,SGalTabA11874G4R64Sv-AU,,,,,,,,,,,,#N/A
"Honor Magic 8 Pro 5G (16GB RAM, 1TB, Black) - Brand New",Honor,Honor,,,HonMag8Pro16R1TBBlk-AU,,,,,,,,,https://spectronic.com.au/product/honor-magic-8-pro-5g-1tb-16gb-ram-black-dual-sim-global-version/,https://bestmobilephone.com.au/honor-magic-8-pro-5g-dual-sim-16gb-1tb-black-global-version/,,#N/A
"Honor Magic 8 Pro 5G (16GB RAM, 1TB, Sunrise Gold) - Brand New",Honor,Honor,,,HonMag8Pro16R1TBGld-AU,,,,,,,,,https://spectronic.com.au/product/honor-magic-8-pro-5g-1tb-16gb-ram-sunrise-gold-dual-sim-global-version/,https://bestmobilephone.com.au/honor-magic-8-pro-5g-dual-sim-16gb-1tb-sunrise-gold-global-version/,,#N/A
"Honor Magic 8 Pro 5G (12GB RAM, 512GB, Black) - Brand New",Honor,Honor,,,HonMag8Pro12R512Blk-AU,,,,,,,,,https://spectronic.com.au/product/honor-magic-8-pro-5g-512gb-12gb-ram-black-dual-sim-global-version/,https://bestmobilephone.com.au/honor-magic-8-pro-5g-dual-sim-12gb-512gb-black-global-version/,,#N/A
"Honor Magic 8 Pro 5G (12GB RAM, 512GB, Sunrise Gold) - Brand New",Honor,Honor,,,HonMag8Pro12R512Gld-AU,,,,,,,,,https://spectronic.com.au/product/honor-magic-8-pro-5g-512gb-12gb-ram-sunrise-gold-dual-sim-global-version/,https://bestmobilephone.com.au/honor-magic-8-pro-5g-dual-sim-12gb-512gb-sunrise-gold-global-version/,,#N/A
"Honor Magic 8 Pro 5G (12GB RAM, 512GB, Sky Cyan) - Brand New",Honor,Honor,,,HonMag8Pro12R512Cyn-AU,,,,,,,,,https://spectronic.com.au/product/honor-magic-8-pro-5g-512gb-12gb-ram-sky-cyan-dual-sim-global-version/,https://bestmobilephone.com.au/honor-magic-8-pro-5g-dual-sim-12gb-512gb-sky-cyan-global-version/,,#N/A
"Xiaomi Poco F8 Pro 5G (12GB RAM, 256GB, Black) - Brand New",Xiaomi Poco Series,Xiaomi,,,XIaPocF8Pro12R256Blk-AU,,,,,,,,,,https://bestmobilephone.com.au/poco-f8-pro-dual-sim-5g-12gb-256gb-black-global-version/,,#N/A
"Xiaomi Poco F8 Pro 5G (12GB RAM, 256GB, Blue) - Brand New",Xiaomi Poco Series,Xiaomi,,,XIaPocF8Pro12R256Blu-AU,,,,,,,,,,https://bestmobilephone.com.au/poco-f8-pro-dual-sim-5g-12gb-256gb-blue-global-version/,,#N/A
"Xiaomi Poco F8 Pro 5G (12GB RAM, 256GB, Titanium Silver) - Brand New",Xiaomi Poco Series,Xiaomi,,,XIaPocF8Pro12R256Slv-AU,,,,,,,,,,https://bestmobilephone.com.au/poco-f8-pro-dual-sim-5g-12gb-256gb-titanium-silver-global-version/,,#N/A
"Xiaomi Poco F8 Pro 5G (12GB RAM, 512GB, Black) - Brand New",Xiaomi Poco Series,Xiaomi,,,XIaPocF8Pro12R512Blk-AU,,,,,,,,,,https://bestmobilephone.com.au/poco-f8-pro-dual-sim-5g-12gb-512gb-black-global-version/,https://www.amazon.com.au/dp/B0FT42SHJ3,881.32
"Xiaomi Poco F8 Pro 5G (12GB RAM, 512GB, Blue) - Brand New",Xiaomi Poco Series,Xiaomi,,,XIaPocF8Pro12R512Blu-AU,,,,,,,,,,https://bestmobilephone.com.au/poco-f8-pro-dual-sim-5g-12gb-512gb-blue-global-version/,https://www.amazon.com.au/dp/B0FT462FJH,881.32
"Xiaomi Poco F8 Pro 5G (12GB RAM, 512GB, Titanium Silver) - Brand New",Xiaomi Poco Series,Xiaomi,,,XIaPocF8Pro12R512Slv-AU,,,,,,,,,,https://bestmobilephone.com.au/poco-f8-pro-dual-sim-5g-12gb-512gb-titanium-silver-global-version/,https://www.amazon.com.au/dp/B0FT43BDPJ,881.32
"Xiaomi Poco F8 Ultra 5G (12GB RAM, 256GB, Black) - Brand New",Xiaomi Poco Series,Xiaomi,,,XiaPocF8Ult12R256Blk-AU,,,,,,,,,,https://bestmobilephone.com.au/poco-f8-ultra-dual-sim-5g-12gb-256gb-black-global-version/,https://www.amazon.com.au/dp/B0FT3Z748N,"1,035.31"
"Xiaomi Poco F8 Ultra 5G (12GB RAM, 256GB, Denim Blue) - Brand New",Xiaomi Poco Series,Xiaomi,,,XiaPocF8Ult12R256Blu-AU,,,,,,,,,,https://bestmobilephone.com.au/poco-f8-ultra-dual-sim-5g-12gb-256gb-denim-blue-global-version/,https://www.amazon.com.au/dp/B0FT3ZCD9K,"1,057.95"
"Xiaomi Poco F8 Ultra 5G (16GB RAM, 512GB, Black) - Brand New",Xiaomi Poco Series,Xiaomi,,,XiaPocF8Ult16R512Blk-AU,,,,,,,,,,https://bestmobilephone.com.au/poco-f8-ultra-dual-sim-5g-16gb-512gb-black-global-version/,,#N/A
"Xiaomi Poco F8 Ultra 5G (16GB RAM, 512GB, Denim Blue) - Brand New",Xiaomi Poco Series,Xiaomi,,,XiaPocF8Ult16R512Blu-AU,,,,,,,,,,https://bestmobilephone.com.au/poco-f8-ultra-dual-sim-5g-16gb-512gb-denim-blue-global-version/,,#N/A
"Xiaomi Redmi Pad 2 Pro Wifi (8GB RAM, 256GB, Graphite Gray) - Brand New",Xiaomi Pad,Xiaomi,,,XiaRedPad2ProWF8R256Gry-AU,,,,,,,,https://buymobile.com.au/products/xiaomi-redmi-pad-2-pro-8gb-ram-256gb-wifi?variant=44272401252467,,,https://www.amazon.com.au/dp/B0FJ8XJXKZ,
"Xiaomi Redmi Pad 2 Pro Wifi (8GB RAM, 256GB, Lavender Purple) - Brand New",Xiaomi Pad,Xiaomi,,,XiaRedPad2ProWF8R256Lav-AU,,,,,,,,https://buymobile.com.au/products/xiaomi-redmi-pad-2-pro-8gb-ram-256gb-wifi?variant=44272401285235,,,https://www.amazon.com.au/dp/B0FZTL7RBG,629.05
"Xiaomi Redmi Pad 2 Pro Wifi (8GB RAM, 256GB, Silver) - Brand New",Xiaomi Pad,Xiaomi,,,XiaRedPad2ProWF8R256Slv-AU,,,,,,,,https://buymobile.com.au/products/xiaomi-redmi-pad-2-pro-8gb-ram-256gb-wifi?variant=44272401318003,,,https://www.amazon.com.au/dp/B0FY7DJSQ9,629.05
"Nothing Phone (3a Lite) Dual SIM 5G (8GB RAM, 256GB, Black) - Brand New",Nothing Phone,NOTHING,,,NotPhn3ALit8R256Blk-AU,,,,,,https://www.jbhifi.com.au/products/nothing-phone-3a-lite-5g-256gb-black,,https://buymobile.com.au/products/nothing-phone-3a-lite-dual-sim-8gb-ram-256gb-5g?variant=44064805716083,,,,#N/A
"Nothing Phone (3a Lite) Dual SIM 5G (8GB RAM, 256GB, White) - Brand New",Nothing Phone,NOTHING,,,NotPhn3ALit8R256Wht-AU,,,,,,https://www.jbhifi.com.au/products/nothing-phone-3a-lite-5g-256gb-white,,https://buymobile.com.au/products/nothing-phone-3a-lite-dual-sim-8gb-ram-256gb-5g?variant=44064805748851,,,,#N/A
"Nubia RedMagic 11 Pro 5G (12GB RAM, 256GB, Cryo) - Brand New",Nubia,Nubia,,,NubRedMag11Pro12R256Cry-AU,,,,,,,,https://buymobile.com.au/products/nubia-red-magic-11-pro-dual-sim-12gb-ram-256gb-5g?variant=44166095044723,https://spectronic.com.au/product/nubia-redmagic-11-pro-5g-256gb-12gb-ram-matte-black-cryo-global-version/,https://bestmobilephone.com.au/zte-nubia-redmagic-11-pro-5g-dual-sim-12gb-256gb-cryo-global-version/,https://www.amazon.com.au/dp/B0FR4ZH3Y2,"1,149.55"
"Nubia RedMagic 11 Pro 5G (16GB RAM, 512GB, Nightfreeze) - Brand New",Nubia,Nubia,,,NubRedMag11Pro16R512Nig-AU,,,,,,,,https://buymobile.com.au/products/nubia-red-magic-11-pro-dual-sim-16gb-ram-512gb-5g?variant=44166095077491,https://spectronic.com.au/product/nubia-redmagic-11-pro-5g-512gb-16gb-ram-transparent-black-nightfreeze-global-version/,https://bestmobilephone.com.au/zte-nubia-redmagic-11-pro-5g-dual-sim-16gb-512gb-nightfreeze-global-version/,https://www.amazon.com.au/dp/B0FR59JDPD,"1,349.00"
"Nubia RedMagic 11 Pro 5G (16GB RAM, 512GB, Subzero) - Brand New",Nubia,Nubia,,,NubRedMag11Pro16R512Sub-AU,,,,,,,,https://buymobile.com.au/products/nubia-red-magic-11-pro-dual-sim-16gb-ram-512gb-5g?variant=44166095110259,https://spectronic.com.au/product/nubia-redmagic-11-pro-5g-512gb-16gb-ram-transparent-silver-subzero-global-version/,https://bestmobilephone.com.au/zte-nubia-redmagic-11-pro-5g-dual-sim-16gb-512gb-subzero-global-version/,https://www.amazon.com.au/dp/B0FR54DCQV,"1,349.00"
"Samsung Galaxy Tab S10 FE 5G (8GB RAM, 128GB, Gray) - Brand New",Samsung Galaxy Tab S Series,Samsung,,,GlTbS10fe5G8128Gy-AU,,,,,,https://www.jbhifi.com.au/products/samsung-galaxy-tab-s10-fe-10-9-5g-128gb-grey,https://www.mobileciti.com.au/samsung-galaxy-tab-s10-fe-5g-128gb-8gb-10-9-sm-x526b-grey,,,,,#N/A
"Samsung Galaxy Tab S10 FE 5G (8GB RAM, 128GB, Light Blue) - Brand New",Samsung Galaxy Tab S Series,Samsung,,,GlTbS10fe5G8128Bl-AU,,,,,,,,,,,,#N/A
"Samsung Galaxy Tab S10 FE 5G (8GB RAM, 128GB, Silver) - Brand New",Samsung Galaxy Tab S Series,Samsung,,,GlTbS10fe5G8128Sv-AU,,,,,,,,,,,,#N/A
"Samsung Galaxy Tab S10 FE 5G (12GB RAM, 256GB, Gray) - Brand New",Samsung Galaxy Tab S Series,Samsung,,,GlTbS10fe5G12256Gy-AU,,,,,,https://www.jbhifi.com.au/products/samsung-galaxy-tab-s10-fe-10-9-5g-256gb-grey,https://www.mobileciti.com.au/samsung-galaxy-tab-s10-fe-5g-256gb-12gb-10-9-sm-x526b-grey,,,,,#N/A
"Samsung Galaxy Tab S10 FE 5G (12GB RAM, 256GB, Silver) - Brand New",Samsung Galaxy Tab S Series,Samsung,,,GlTbS10fe5G12256Sv-AU,,,,,,,,,,,,#N/A
"Samsung Galaxy Tab S10 Lite 5G (8GB RAM, 256GB, Gray) - Brand New",Samsung Galaxy Tab S Series,Samsung,,,SamGalTabS10Lt5G8256Gry-AU,,,,,,,,,,,,#N/A
"Samsung Galaxy Tab S10 Lite 5G (8GB RAM, 256GB, Silver) - Brand New",Samsung Galaxy Tab S Series,Samsung,,,SamGalTabS10Lt5G8256Slv-AU,,,,,,,,,,,,#N/A
"Nubia Z80 Ultra Dual SIM 5G (16GB RAM, 1TB, Black) - Brand New",Nubia,Nubia,,,NubZ80Ult16R1TBBlk-AU,,,,,,,,https://buymobile.com.au/products/nubia-z80-ultra-dual-sim-16gb-ram-1tb-5g?variant=44064804995187,https://spectronic.com.au/product/nubia-z80-ultra-5g-1tb-16gb-ram-black-dual-sim-global-version-nx741j/,https://bestmobilephone.com.au/zte-nubia-z80-ultra-5g-dual-sim-16gb-1tb-black-global-version/,https://www.amazon.com.au/dp/B0FSRT35WS,"1,461.65"
"Nubia Z80 Ultra Dual SIM 5G (16GB RAM, 512GB, Black) - Brand New",Nubia,Nubia,,,NubZ80Ult16R512Blk-AU,,,,,,,,https://buymobile.com.au/products/nubia-z80-ultra-dual-sim-16gb-ram-512gb-5g?variant=44064805126259,https://spectronic.com.au/product/nubia-z80-ultra-5g-512gb-16gb-ram-black-dual-sim-global-version-nx741j/,https://bestmobilephone.com.au/zte-nubia-z80-ultra-5g-dual-sim-16gb-512gb-black-global-version/,https://www.amazon.com.au/dp/B0FSSFFRKN,"1,214.00"
"Nubia Z80 Ultra Dual SIM 5G (16GB RAM, 512GB, Starry Night Blue) - Brand New",Nubia,Nubia,,,NubZ80Ult16R512Blu-AU,,,,,,,,https://buymobile.com.au/products/nubia-z80-ultra-dual-sim-16gb-ram-512gb-5g?variant=44064805159027,https://spectronic.com.au/product/nubia-z80-ultra-5g-512gb-16gb-ram-starry-night-dual-sim-global-version-nx741j/,https://bestmobilephone.com.au/zte-nubia-z80-ultra-5g-dual-sim-16gb-512gb-blue-global-version/,https://www.amazon.com.au/dp/B0FSS1XTR9,
"Samsung Galaxy Tab A11+ 11"" Wifi (6GB RAM, 128GB, Grey) - Brand New",Samsung Galaxy Tab A Series,Samsung,,,SamGalTabA11Pls11WF6R128Gry-AU,,,,,,https://www.jbhifi.com.au/products/samsung-galaxy-tab-a11-11-wi-fi-128gb-grey,https://www.mobileciti.com.au/samsung-galaxy-tab-a11-plus-wi-fi-128gb-6gb-sm-x230nz-grey,https://buymobile.com.au/products/samsung-galaxy-tab-a11-plus-x230-6gb-ram-128gb-wifi?variant=44243247923315,,,https://www.amazon.com.au/dp/B0G2RM6DL6,#N/A
"Samsung Galaxy Tab A11+ 11"" Wifi (8GB RAM, 256GB, Grey) - Brand New",Samsung Galaxy Tab A Series,Samsung,,,SamGalTabA11Pls11WF8R256Gry-AU,,,,,,https://www.jbhifi.com.au/products/samsung-galaxy-tab-a11-11-wi-fi-256gb-grey,https://www.mobileciti.com.au/samsung-galaxy-tab-a11-plus-wi-fi-256gb-8gb-sm-x230nz-grey,https://buymobile.com.au/products/samsung-galaxy-tab-a11-plus-x230-8gb-ram-256gb-wifi?variant=44243247890547,,,https://www.amazon.com.au/dp/B0G47WSFHT,#N/A
"Xiaomi Redmi 15 Dual SIM (8GB RAM, 256GB, Midnight Black) - Brand New",Xiaomi Redmi Series,Xiaomi,,,XiaRed158R256Blk-AU,,,,,,,,,,,https://www.amazon.com.au/dp/B0FKZRWXYD,313.61
"Xiaomi Redmi 15 Dual SIM (8GB RAM, 256GB, Titan Gray) - Brand New",Xiaomi Redmi Series,Xiaomi,,,XiaRed158R256Gry-AU,,,,,,,,,,,https://www.amazon.com.au/dp/B0FKZNVTVQ,319.74
"Xiaomi Redmi Note 14 Pro+ Plus 5G (12GB RAM, 256GB, Frost Blue) - Brand New",Xiaomi Redmi Note Series,Xiaomi,,,XiaRedNot14ProPls5G12R256Blu-AU,,,,,,,,,,,,#N/A
"Xiaomi Redmi Note 14 Pro+ Plus 5G (12GB RAM, 256GB, Lavender Purple) - Brand New",Xiaomi Redmi Note Series,Xiaomi,,,XiaRedNot14ProPls5G12R256Prp-AU,,,,,,,,,,,,#N/A
"Xiaomi Redmi Note 14 Pro+ Plus 5G (12GB RAM, 256GB, Midnight Black) - Brand New",Xiaomi Redmi Note Series,Xiaomi,,,XiaRedNot14ProPls5G12R256Blk-AU,,,,,,,https://www.mobileciti.com.au/redmi-note-14-pro-5g-256gb-black,,,,,#N/A
"Honor 400 5G (12GB RAM, 256GB, Tidal Blue) - Brand New",Honor,Honor,,,Hon40012R256Blu-AU,,,,,,,,,https://spectronic.com.au/product/honor-400-5g-256gb-12gb-ram-tidal-blue-dual-sim-global-version/,,,#N/A
"Xiaomi Poco C85 (6GB RAM, 128GB, Purple) - Brand New",Xiaomi Poco Series,Xiaomi,,,XiaPocC856R128Prp-AU,,,,,,,,,,,,#N/A
"Xiaomi Redmi 15C Dual SIM (4GB RAM, 128GB, Moonlight Blue) - Brand New",Xiaomi Redmi Series,Xiaomi,,,XiaRed15C4R128Blu-AU,,,,,,,,https://buymobile.com.au/products/xiaomi-redmi-15c-dual-sim-4gb-ram-128gb-4g?variant=44249759350899,,,,#N/A
"Xiaomi Redmi 15C Dual SIM (4GB RAM, 128GB, Midnight Black) - Brand New",Xiaomi Redmi Series,Xiaomi,,,XiaRed15C4R128Blk-AU,,,,,,,https://www.mobileciti.com.au/redmi-15c-4g-128gb-au-version-black,https://buymobile.com.au/products/xiaomi-redmi-15c-dual-sim-4gb-ram-128gb-4g?variant=44249759285363,,,https://www.amazon.com.au/dp/B0FJM4W7YB,194.04
"Xiaomi Redmi 15C Dual SIM (4GB RAM, 128GB, Mint Green) - Brand New",Xiaomi Redmi Series,Xiaomi,,,XiaRed15C4R128Grn-AU,,,,,,,https://www.mobileciti.com.au/redmi-15c-4g-128gb-green,https://buymobile.com.au/products/xiaomi-redmi-15c-dual-sim-4gb-ram-128gb-4g?variant=44249759318131,,,https://www.amazon.com.au/dp/B0G1BZW91Q,
"Xiaomi Redmi 15C Dual SIM (6GB RAM, 128GB, Moonlight Blue) - Brand New",Xiaomi Redmi Series,Xiaomi,,,XiaRed15C6R128Blu-AU,,,,,,,,,,,https://www.amazon.com.au/dp/B0G2QLHRSP,
"Xiaomi Redmi 15C Dual SIM (6GB RAM, 128GB, Mint Green) - Brand New",Xiaomi Redmi Series,Xiaomi,,,XiaRed15C6R128Grn-AU,,,,,,,,,,,,#N/A
"Xiaomi Redmi 15C Dual SIM (6GB RAM, 128GB, Twilight Orange) - Brand New",Xiaomi Redmi Series,Xiaomi,,,XiaRed15C6R128Org-AU,,,,,,,,,,,,#N/A
"Xiaomi Redmi Note 15 (8GB RAM, 128GB, Black) - Brand New",Xiaomi Redmi Note Series,Xiaomi,,,XiaRedNT154G8R128Blk-AU,,,,,,,,,,,,#N/A
"Xiaomi Redmi Note 15 (8GB RAM, 128GB, Glacier Blue) - Brand New",Xiaomi Redmi Note Series,Xiaomi,,,XiaRedNT154G8R128Blu-AU,,,,,,,,,,,,#N/A
"Xiaomi Redmi Note 15 (8GB RAM, 128GB, Mist Purple) - Brand New",Xiaomi Redmi Note Series,Xiaomi,,,XiaRedNT154G8R128Prp-AU,,,,,,,,,,,,#N/A
"Xiaomi Redmi Note 15 (8GB RAM, 256GB, Forest Green) - Brand New",Xiaomi Redmi Note Series,Xiaomi,,,XiaRedNT154G8R256Grn-AU,,,,,,,,https://buymobile.com.au/products/xiaomi-redmi-note-15-dual-sim-8gb-ram-256gb-4g?variant=44249758892147,,,,#N/A
"Xiaomi Redmi Note 15 (8GB RAM, 256GB, Glacier Blue) - Brand New",Xiaomi Redmi Note Series,Xiaomi,,,XiaRedNT154G8R256Blu-AU,,,,,,,,https://buymobile.com.au/products/xiaomi-redmi-note-15-dual-sim-8gb-ram-256gb-4g?variant=44249758924915,,,,#N/A
"Xiaomi Redmi Note 15 (8GB RAM, 256GB, Mist Purple) - Brand New",Xiaomi Redmi Note Series,Xiaomi,,,XiaRedNT154G8R256Prp-AU,,,,,,,,https://buymobile.com.au/products/xiaomi-redmi-note-15-dual-sim-8gb-ram-256gb-4g?variant=44249758957683,https://spectronic.com.au/product/xiaomi-redmi-note-15-5g-256gb-8gb-ram-mist-purple-dual-sim-global-version/,,,#N/A
"Xiaomi Redmi Note 15 5G (8GB RAM, 512GB, Black) - Brand New",Xiaomi Redmi Note Series,Xiaomi,,,XiaRedNT155G8R512Blk-AU,,,,,,,,https://buymobile.com.au/products/xiaomi-redmi-note-15-dual-sim-8gb-ram-512gb-5g?variant=44249758761075,,,,#N/A
"Xiaomi Redmi Note 15 5G (8GB RAM, 512GB, Glacier Blue) - Brand New",Xiaomi Redmi Note Series,Xiaomi,,,XiaRedNT155G8R512Blu-AU,,,,,,,,https://buymobile.com.au/products/xiaomi-redmi-note-15-dual-sim-8gb-ram-512gb-5g?variant=44249758793843,,,,#N/A
"Xiaomi Redmi Note 15 5G (8GB RAM, 512GB, Mist Purple) - Brand New",Xiaomi Redmi Note Series,Xiaomi,,,XiaRedNT155G8R512Prp-AU,,,,,,,,https://buymobile.com.au/products/xiaomi-redmi-note-15-dual-sim-8gb-ram-512gb-5g?variant=44249758826611,,,,#N/A
"OnePlus 15 5G (12GB RAM, 256GB, Infinite Black) - Brand New",OnePlus 15 Series,OnePlus,,,OnePls155G12R256Blk-AU,,,,,,,,https://buymobile.com.au/products/oneplus-15-cph2745-dual-sim-12gb-ram-256gb-5g?variant=44168286535795,https://spectronic.com.au/product/oneplus-15-5g-256gb-12gb-ram-black-dual-sim-global-version/,,https://www.amazon.com.au/dp/B0FTR5NGHJ,"1,368.00"
"OnePlus 15 5G (12GB RAM, 256GB, Sand Storm) - Brand New",OnePlus 15 Series,OnePlus,,,OnePls155G12R256Snd-AU,,,,,,,,https://buymobile.com.au/products/oneplus-15-cph2745-dual-sim-12gb-ram-256gb-5g?variant=44168286568563,https://spectronic.com.au/product/oneplus-15-5g-256gb-12gb-ram-sand-storm-dual-sim-global-version/,,https://www.amazon.com.au/dp/B0FTRN7L8Q,"1,940.00"
"OnePlus 15 5G (12GB RAM, 256GB, Ultra Violet) - Brand New",OnePlus 15 Series,OnePlus,,,OnePls155G12R256Vio-AU,,,,,,,,https://buymobile.com.au/products/oneplus-15-cph2745-dual-sim-12gb-ram-256gb-5g?variant=44168286601331,https://spectronic.com.au/product/oneplus-15-5g-256gb-12gb-ram-ultra-violet-dual-sim-global-version/,,https://www.amazon.com.au/dp/B0FTRYH3XM,"1,940.00"
"OnePlus 15 5G (16GB RAM, 512GB, Infinite Black) - Brand New",OnePlus 15 Series,OnePlus,,,OnePls155G16R512Blk-AU,,,,,,,,https://buymobile.com.au/products/oneplus-15-cph2747-dual-sim-16gb-ram-512gb-5g?variant=44168286306419,https://spectronic.com.au/product/oneplus-15r-5g-512gb-12gb-ram-charcoal-black-dual-sim-global-version/,https://bestmobilephone.com.au/oneplus-15-5g-dual-sim-16gb-512gb-black-cph2747-global-version/,https://www.amazon.com.au/dp/B0FTRMJNPX,"1,599.65"
"OnePlus 15 5G (16GB RAM, 512GB, Sand Storm) - Brand New",OnePlus 15 Series,OnePlus,,,OnePls155G16R512Snd-AU,,,,,,,,https://buymobile.com.au/products/oneplus-15-cph2747-dual-sim-16gb-ram-512gb-5g?variant=44168286339187,https://spectronic.com.au/product/oneplus-15-5g-512gb-16gb-ram-sand-storm-dual-sim-global-version/,https://bestmobilephone.com.au/oneplus-15-5g-dual-sim-16gb-512gb-sand-cph2747-global-version/,https://www.amazon.com.au/dp/B0FTR2PJTV,"1,483.00"
"Xiaomi Redmi Note 15 Pro 5G (12GB RAM, 256GB, Black) - Brand New",Xiaomi Redmi Note Series,Xiaomi,,,XIaRedNT15Pro5G12R256Blk-AU,,,,,,,https://www.mobileciti.com.au/redmi-note-15-pro-5g-256gb-black,https://buymobile.com.au/products/xiaomi-redmi-note-15-pro-dual-sim-12gb-ram-256gb-5g?variant=44249758630003,https://spectronic.com.au/product/xiaomi-redmi-note-15-pro-5g-256gb-12gb-ram-carbon-black-dual-sim-global-version/,https://bestmobilephone.com.au/xiaomi-redmi-note-15-pro-5g-dual-sim-12gb-256gb-black-global-version/,,#N/A
"Xiaomi Redmi Note 15 Pro 5G (12GB RAM, 256GB, Glacier Blue) - Brand New",Xiaomi Redmi Note Series,Xiaomi,,,XIaRedNT15Pro5G12R256Blu-AU,,,,,,,https://www.mobileciti.com.au/redmi-note-15-pro-5g-256gb-blue,https://buymobile.com.au/products/xiaomi-redmi-note-15-pro-dual-sim-12gb-ram-256gb-5g?variant=44249758662771,https://spectronic.com.au/product/xiaomi-redmi-note-15-pro-5g-256gb-12gb-ram-glacier-blue-dual-sim-global-version/,https://bestmobilephone.com.au/xiaomi-redmi-note-15-pro-5g-dual-sim-12gb-256gb-glacier-blue-global-version/,,#N/A
"Xiaomi Redmi Note 15 Pro 5G (12GB RAM, 256GB, Mist Purple) - Brand New",Xiaomi Redmi Note Series,Xiaomi,,,XIaRedNT15Pro5G12R256Prp-AU,,,,,,,,https://buymobile.com.au/products/xiaomi-redmi-note-15-pro-dual-sim-12gb-ram-256gb-5g?variant=44249758695539,https://spectronic.com.au/product/xiaomi-redmi-note-15-pro-5g-256gb-12gb-ram-mist-purple-dual-sim-global-version-copy/,,,#N/A
"Xiaomi Redmi Note 15 Pro 5G (12GB RAM, 256GB, Titanium) - Brand New",Xiaomi Redmi Note Series,Xiaomi,,,XIaRedNT15Pro5G12R256Ttn-AU,,,,,,,https://www.mobileciti.com.au/redmi-note-15-pro-5g-256gb-silver,https://buymobile.com.au/products/xiaomi-redmi-note-15-pro-dual-sim-12gb-ram-256gb-5g?variant=44249758728307,https://spectronic.com.au/product/xiaomi-redmi-note-15-pro-5g-256gb-12gb-ram-titanium-dual-sim-global-version/,https://bestmobilephone.com.au/xiaomi-redmi-note-15-pro-5g-dual-sim-12gb-256gb-titanium-color-global-version/,,#N/A
"Xiaomi Redmi Note 15 Pro 5G (12GB RAM, 512GB, Black) - Brand New",Xiaomi Redmi Note Series,Xiaomi,,,XIaRedNT15Pro5G12R512Blk-AU,,,,,,,,https://buymobile.com.au/products/xiaomi-redmi-note-15-pro-dual-sim-12gb-ram-512gb-5g?variant=44249758498931,https://spectronic.com.au/product/xiaomi-redmi-note-15-pro-5g-512gb-12gb-ram-black-dual-sim-global-version/,https://bestmobilephone.com.au/xiaomi-redmi-note-15-pro-5g-dual-sim-12gb-512gb-black-global-version/,,#N/A
"Xiaomi Redmi Note 15 Pro 5G (12GB RAM, 512GB, Glacier Blue) - Brand New",Xiaomi Redmi Note Series,Xiaomi,,,XIaRedNT15Pro5G12R512Blu-AU,,,,,,,,https://buymobile.com.au/products/xiaomi-redmi-note-15-pro-dual-sim-12gb-ram-512gb-5g?variant=44249758597235,https://spectronic.com.au/product/xiaomi-redmi-note-15-pro-5g-512gb-12gb-ram-glacier-blue-dual-sim-global-version/,https://bestmobilephone.com.au/xiaomi-redmi-note-15-pro-5g-dual-sim-12gb-512gb-glacier-blue-global-version/,,#N/A
"Xiaomi Redmi Note 15 Pro 5G (12GB RAM, 512GB, Mist Purple) - Brand New",Xiaomi Redmi Note Series,Xiaomi,,,XIaRedNT15Pro5G12R512Prp-AU,,,,,,,,https://buymobile.com.au/products/xiaomi-redmi-note-15-pro-dual-sim-12gb-ram-512gb-5g?variant=44249758531699,https://spectronic.com.au/product/xiaomi-redmi-note-15-pro-5g-512gb-12gb-ram-mist-purple-dual-sim-global-version/,,,#N/A
"Xiaomi Redmi Note 15 Pro 5G (12GB RAM, 512GB, Titanium) - Brand New",Xiaomi Redmi Note Series,Xiaomi,,,XIaRedNT15Pro5G12R512Ttn-AU,,,,,,,,https://buymobile.com.au/products/xiaomi-redmi-note-15-pro-dual-sim-12gb-ram-512gb-5g?variant=44249758564467,https://spectronic.com.au/product/xiaomi-redmi-note-15-pro-5g-512gb-12gb-ram-titanium-dual-sim-global-version/,https://bestmobilephone.com.au/xiaomi-redmi-note-15-pro-5g-dual-sim-12gb-512gb-titanium-color-global-version/,,#N/A
"Xiaomi Redmi Note 15 Pro+ Plus 5G (12GB RAM, 256GB, Black) - Brand New",Xiaomi Redmi Note Series,Xiaomi,,,XiaRedNT15ProPs5G12R256Blk-AU,,,,,,,https://www.mobileciti.com.au/redmi-note-15-pro-plus-5g-256gb-black,https://buymobile.com.au/products/xiaomi-redmi-note-15-pro-plus-dual-sim-12gb-ram-256gb-5g?variant=44249758400627,,,,#N/A
"Xiaomi Redmi Note 15 Pro+ Plus 5G (12GB RAM, 256GB, Glacier Blue) - Brand New",Xiaomi Redmi Note Series,Xiaomi,,,XiaRedNT15ProPs5G12R256Blu-AU,,,,,,,https://www.mobileciti.com.au/redmi-note-15-pro-plus-5g-256gb-blue,https://buymobile.com.au/products/xiaomi-redmi-note-15-pro-plus-dual-sim-12gb-ram-256gb-5g?variant=44249758433395,,https://bestmobilephone.com.au/xiaomi-redmi-note-15-pro-plus-5g-dual-sim-12gb-256gb-glacier-blue-global-version/,,#N/A
"Xiaomi Redmi Note 15 Pro+ Plus 5G (12GB RAM, 256GB, Mocha Brown) - Brand New",Xiaomi Redmi Note Series,Xiaomi,,,XiaRedNT15ProPs5G12R256Brn-AU,,,,,,,https://www.mobileciti.com.au/redmi-note-15-pro-plus-5g-dual-sim-256gb-8gb-6-83-brown,https://buymobile.com.au/products/xiaomi-redmi-note-15-pro-plus-dual-sim-12gb-ram-256gb-5g?variant=44249758466163,,https://bestmobilephone.com.au/xiaomi-redmi-note-15-pro-plus-5g-dual-sim-12gb-256gb-mocha-brown-global-version/,,#N/A
"Xiaomi Redmi Note 15 Pro+ Plus 5G (12GB RAM, 512GB, Black) - Brand New",Xiaomi Redmi Note Series,Xiaomi,,,XiaRedNT15ProPs5G12R512Blk-AU,,,,,,,https://www.mobileciti.com.au/redmi-note-15-pro-plus-5g-512-gb-black,https://buymobile.com.au/products/xiaomi-redmi-note-15-pro-plus-dual-sim-12gb-ram-512gb-5g?variant=44249758171251,,https://bestmobilephone.com.au/xiaomi-redmi-note-15-pro-plus-5g-dual-sim-12gb-512gb-black-global-version/,,#N/A
"Xiaomi Redmi Note 15 Pro+ Plus 5G (12GB RAM, 512GB, Glacier Blue) - Brand New",Xiaomi Redmi Note Series,Xiaomi,,,XiaRedNT15ProPs5G12R512Blu-AU,,,,,,,https://www.mobileciti.com.au/redmi-note-15-pro-plus-5g-512-gb-blue,https://buymobile.com.au/products/xiaomi-redmi-note-15-pro-plus-dual-sim-12gb-ram-512gb-5g?variant=44249758204019,,https://bestmobilephone.com.au/xiaomi-redmi-note-15-pro-plus-5g-dual-sim-12gb-512gb-glacier-blue-global-version/,,#N/A
"Xiaomi Redmi Note 15 Pro+ Plus 5G (12GB RAM, 512GB, Mocha Brown) - Brand New",Xiaomi Redmi Note Series,Xiaomi,,,XiaRedNT15ProPs5G12R512Brn-AU,,,,,,,https://www.mobileciti.com.au/redmi-note-15-pro-plus-5g-512-gb-brown,https://buymobile.com.au/products/xiaomi-redmi-note-15-pro-plus-dual-sim-12gb-ram-512gb-5g?variant=44249758236787,,https://bestmobilephone.com.au/xiaomi-redmi-note-15-pro-plus-5g-dual-sim-12gb-512gb-mocha-brown-global-version/,,#N/A
"Samsung Galaxy S25 Ultra 5G (12GB RAM, 256GB, Titanium Jade Green) - Brand New",Samsung Galaxy S25 Series,Samsung,,,SamGalS25Ult12R256Grn-AU,,,,,,,,https://buymobile.com.au/products/samsung-galaxy-s25-ultra-dual-sim-12gb-ram-256gb-5g?variant=42917358731379,,,,#N/A
"Samsung Galaxy S25 Ultra 5G (12GB RAM, 256GB, JetBLack) - Brand New",Samsung Galaxy S25 Series,Samsung,,,SamGalS25Ult12R256JBlk-AU,,,,,,,,https://buymobile.com.au/products/samsung-galaxy-s25-ultra-dual-sim-12gb-ram-256gb-5g?variant=43465604628595,,,,#N/A
"Samsung Galaxy S25 Ultra 5G (12GB RAM, 512GB, JetBLack) - Brand New",Samsung Galaxy S25 Series,Samsung,,,SamGalS25Ult12R512JBlk-AU,,,,,,,,https://buymobile.com.au/products/samsung-galaxy-s25-ultra-dual-sim-12gb-ram-512gb-5g?variant=43770507493491,,,,#N/A
"Samsung Galaxy S25 FE (8GB RAM, 512GB, Ice Blue) - Brand New",Samsung Galaxy S25 Series,Samsung,,,SamGalS25FE8R512Blu-AU,,,,,,,,https://buymobile.com.au/products/samsung-galaxy-s25-fe-s731b-ds-dual-sim-8gb-ram-512gb-5g?variant=43957814788211,,,,#N/A
"Samsung Galaxy S25 FE (8GB RAM, 512GB, Navy) - Brand New",Samsung Galaxy S25 Series,Samsung,,,SamGalS25FE8R512Nav-AU,,,,,,,,https://buymobile.com.au/products/samsung-galaxy-s25-fe-s731b-ds-dual-sim-8gb-ram-512gb-5g?variant=43957814853747,,,,#N/A
"Samsung Galaxy Z Flip7 5G (12GB RAM, 256GB, Jetblack) - Brand New",Samsung Galaxy Z Flip Series,Samsung,,,SGalZFlp712256Bk-AU,,,,,,https://www.jbhifi.com.au/products/samsung-galaxy-z-flip7-5g-256gb-jetblack,https://www.mobileciti.com.au/samsung-galaxy-z-flip7-5g-256-jetblack,,,,https://www.amazon.com.au/dp/B0FDKZMMYK,"1,420.00"
"Samsung Galaxy Tab S11 Wifi (12GB RAM, 128GB, Platinum Silver) - Brand New",Samsung Galaxy Tab S Series,Samsung,,,SGalTabS11WF12R128Sv-AU,,,,,,,,https://buymobile.com.au/products/samsung-galaxy-tab-s11-x730-12gb-ram-128gb-wifi?variant=44254328881267,,,,#N/A
"OnePlus 15R 5G (12GB RAM, 256GB, Charcoal Black) - Brand New",Oneplus 15 Series,OnePlus,,,OnePls15R5G12R256Blk-AU,,,,,,,,https://buymobile.com.au/products/oneplus-15r-cph2769-dual-sim-12gb-ram-256gb-5g?variant=44272399482995,https://spectronic.com.au/product/oneplus-15r-5g-256gb-12gb-ram-charcoal-black-dual-sim-global-version/,https://bestmobilephone.com.au/oneplus-15r-5g-dual-sim-12gb-256gb-charcoal-black-cph2769-global-version/,https://www.amazon.com.au/dp/B0FXFR45J7,814.00
"OnePlus 15R 5G (12GB RAM, 512GB, Charcoal Black) - Brand New",Oneplus 15 Series,OnePlus,,,OnePls15R5G12R512Blk-AU,,,,,,,,https://buymobile.com.au/products/oneplus-15r-cph2769-dual-sim-12gb-ram-512gb-5g?variant=44272399450227,https://spectronic.com.au/product/oneplus-15r-5g-512gb-12gb-ram-charcoal-black-dual-sim-global-version/,https://bestmobilephone.com.au/oneplus-15r-5g-dual-sim-12gb-512gb-charcoal-black-cph2769-global-version/,https://www.amazon.com.au/dp/B0FZTQ2K8Z,"1,064.90"
"OPPO Reno 15 F Dual SIM 5G (12 GB RAM, 512GB, Aurora Blue) - Brand New",OPPO Reno Series,OPPO,,,OPRen15F5G12R512Aur-AU,,,,,,,,,,,,#N/A
"OPPO Reno 15 F Dual SIM 5G (12 GB RAM, 512GB, Twilight Blue) - Brand New",OPPO Reno Series,OPPO,,,OPRen15F5G12R512Twi-AU,,,,,,,,,,,,#N/A
"OPPO Reno 15 Pro Max Dual SIM 5G (12GB RAM, 512GB, Aura Gold) - Brand New",OPPO Reno Series,OPPO,,,OPRen15ProMax5G12R512Gld-AU,,,,,,,,,,,,#N/A
"OPPO Reno 15 Pro Max Dual SIM 5G (12GB RAM, 512GB, Dusk Brown) - Brand New",OPPO Reno Series,OPPO,,,OPRen15ProMax5G12R512Brn-AU,,,,,,,,,,,,#N/A
"OnePlus 15 5G (16GB RAM, 512GB, Ultra Violet) - Brand New",Oneplus 15 Series,OnePlus,,,OnePls155G16R512Vio-AU,,,,,,,,https://buymobile.com.au/products/oneplus-15-cph2747-dual-sim-16gb-ram-512gb-5g?variant=44168286371955,,,https://www.amazon.com.au/dp/B0FSDS8HZN,"1,376.00"
"Honor X9D 5G (12GB RAM, 512GB, Midnight Black) - Brand New",Honor,Honor,,,HonX9D12R512Blk-AU,,,,,,,,,,,,#N/A
"Honor X9D 5G (12GB RAM, 512GB, Reddish Brown) - Brand New",Honor,Honor,,,HonX9D12R512Red-AU,,,,,,,,,,,https://www.amazon.com.au/dp/B0FSRRPK1J,
"Samsung Galaxy Tab A11+ 11"" Wifi (8GB RAM, 256GB, Silver) - Brand New",Samsung Galaxy Tab A Series,Samsung,,,SamGalTabA11Pls11WF8R256Slv-AU,,,,,,,,https://buymobile.com.au/products/samsung-galaxy-tab-a11-plus-x230-8gb-ram-256gb-wifi?variant=44259434004595,,,https://www.amazon.com.au/dp/B0GCP3SY7G,#N/A
"Samsung Galaxy Tab A11+ 11"" 5G (6GB RAM, 128GB, Gray) - Brand New",Samsung Galaxy Tab A Series,Samsung,,,SamGalTabA11Pls115G6R128Gry-AU,,,,,,https://www.jbhifi.com.au/products/samsung-galaxy-tab-a11-11-5g-128gb-grey,https://www.mobileciti.com.au/samsung-galaxy-tab-a11-plus-5g-128gb-6gb-sm-x230nz-grey,,,,https://www.amazon.com.au/dp/B0G2RVP16M,#N/A
"Samsung Galaxy Tab A11+ 11"" 5G (6GB RAM, 128GB, Silver) - Brand New",Samsung Galaxy Tab A Series,Samsung,,,SamGalTabA11Pls115G6R128Slv-AU,,,,,,,,,,,https://www.amazon.com.au/dp/B0FXXJGTFF,#N/A
"Samsung Galaxy Tab A11 8.7 Wifi (4GB RAM, 64GB, Silver) - Brand New",Samsung Galaxy Tab A Series,Samsung,,,SGalTabA1187WF4R64Sv-AU,,,,,,,,,,,,#N/A
"Xiaomi Redmi Note 15 Pro+ Plus 5G (8GB RAM, 256GB, Black) - Brand New",Xiaomi Redmi Note Series,Xiaomi,,,XiaRedNT15ProPs5G8R256Blk-AU,,,,,,,https://www.mobileciti.com.au/redmi-note-15-pro-plus-5g-256gb-black,https://buymobile.com.au/products/xiaomi-redmi-note-15-pro-dual-sim-8gb-ram-256gb-5g?variant=44272397615219,,https://bestmobilephone.com.au/xiaomi-redmi-note-15-pro-plus-5g-dual-sim-12gb-256gb-black-global-version/,,#N/A
"Xiaomi Redmi Note 15 Pro+ Plus 5G (8GB RAM, 256GB, Glacier Blue) - Brand New",Xiaomi Redmi Note Series,Xiaomi,,,XiaRedNT15ProPs5G8R256Blu-AU,,,,,,,https://www.mobileciti.com.au/redmi-note-15-pro-plus-5g-256gb-blue,https://buymobile.com.au/products/xiaomi-redmi-note-15-pro-dual-sim-8gb-ram-256gb-5g?variant=44272397647987,,https://bestmobilephone.com.au/xiaomi-redmi-note-15-pro-plus-5g-dual-sim-12gb-256gb-glacier-blue-global-version/,,#N/A
"Xiaomi Redmi Note 15 Pro+ Plus 5G (8GB RAM, 256GB, Mocha Brown) - Brand New",Xiaomi Redmi Note Series,Xiaomi,,,XiaRedNT15ProPs5G8R256Brn-AU,,,,,,,https://www.mobileciti.com.au/redmi-note-15-pro-plus-5g-dual-sim-256gb-8gb-6-83-brown,https://buymobile.com.au/products/xiaomi-redmi-note-15-pro-dual-sim-8gb-ram-256gb-5g?variant=44272397680755,,https://bestmobilephone.com.au/xiaomi-redmi-note-15-pro-plus-5g-dual-sim-12gb-256gb-mocha-brown-global-version/,,#N/A
"Samsung Galaxy A26 Dual SIM 5G (8GB RAM, 256GB, Black) - Brand New",Samsung Galaxy A Series,Samsung,,,SamGalA265G8R256Blk-AU,,,,,,,,https://buymobile.com.au/products/samsung-galaxy-a26-dual-sim-8gb-ram-256gb-5g?variant=42955829772403,https://spectronic.com.au/product/samsung-galaxy-a26-5g-256gb-8gb-ram-black-dual-sim-global-version-sm-a2660/,,,#N/A
"Samsung Galaxy A26 Dual SIM 5G (8GB RAM, 256GB, Mint) - Brand New",Samsung Galaxy A Series,Samsung,,,SamGalA265G8R256Mnt-AU,,,,,,,,https://buymobile.com.au/products/samsung-galaxy-a26-dual-sim-8gb-ram-256gb-5g?variant=43144516436083,https://spectronic.com.au/product/samsung-galaxy-a26-5g-256gb-8gb-ram-mint-dual-sim-global-version-sm-a2660/,,https://www.amazon.com.au/dp/B0F13SKKDW,#N/A
"Xiaomi Redmi Pad 2 Pro 5G (8GB RAM, 256GB, Graphite Gray) - Brand New",Xiaomi Pad,Xiaomi,,,XiaRedPad2Pro5G8R256Gry-AU,,,,,,,,https://buymobile.com.au/products/xiaomi-redmi-pad-2-pro-8gb-ram-256gb-5g?variant=44249757188211,,,,#N/A
"Xiaomi Redmi Pad 2 Pro 5G (8GB RAM, 256GB, Silver) - Brand New",Xiaomi Pad,Xiaomi,,,XiaRedPad2Pro5G8R256Slv-AU,,,,,,,,https://buymobile.com.au/products/xiaomi-redmi-pad-2-pro-8gb-ram-256gb-5g?variant=44249757220979,,,,#N/A
"Xiaomi Redmi Pad 2 Pro Wifi (6GB RAM, 126GB, Graphite Gray) - Brand New",Xiaomi Pad,Xiaomi,,,XiaRedPad2ProWF6R128Gry-AU,,,,,,,,https://buymobile.com.au/products/xiaomi-redmi-pad-2-pro-6gb-ram-128gb-wifi?variant=44249757352051,,,https://www.amazon.com.au/dp/B0FVDZ1W42,450.00
"Xiaomi Redmi Pad 2 Pro Wifi (6GB RAM, 126GB, Silver) - Brand New",Xiaomi Pad,Xiaomi,,,XiaRedPad2ProWF6R128Slv-AU,,,,,,,,https://buymobile.com.au/products/xiaomi-redmi-pad-2-pro-6gb-ram-128gb-wifi?variant=44249757384819,,,,#N/A
"Xiaomi Redmi Pad 2 Wifi 11"" (4GB RAM, 128GB, Graphite Gray) - Brand New",Xiaomi Pad,Xiaomi,,,XiaRedPad2WF114R128Gry-AU,,,,,,,,https://buymobile.com.au/products/xiaomi-redmi-pad-2-4gb-ram-128gb-wifi?variant=43143250772083,,,https://www.amazon.com.au/dp/B0FBQQXPJZ,277.33
"Xiaomi Redmi Pad 2 Wifi 11"" (4GB RAM, 128GB, Lavender Purple) - Brand New",Xiaomi Pad,Xiaomi,,,XiaRedPad2WF114R128Lav-AU,,,,,,,,https://buymobile.com.au/products/xiaomi-redmi-pad-2-4gb-ram-128gb-wifi?variant=43178658791539,,,,#N/A
"Xiaomi Redmi Pad 2 Wifi 11"" (4GB RAM, 128GB, Mint Green) - Brand New",Xiaomi Pad,Xiaomi,,,XiaRedPad2WF114R128Mnt-AU,,,,,,,,https://buymobile.com.au/products/xiaomi-redmi-pad-2-4gb-ram-128gb-wifi?variant=44239106605171,,,https://www.amazon.com.au/dp/B0FBQWYZVD,268.64
"Xiaomi Redmi Pad 2 Wifi 11"" (8GB RAM, 256GB, Graphite Gray) - Brand New",Xiaomi Pad,Xiaomi,,,XiaRedPad2WF118R256Gry-AU,,,,,,,,https://buymobile.com.au/products/xiaomi-redmi-pad-2-8gb-ram-256gb-wifi?variant=43143250575475,,,https://www.amazon.com.au/dp/B0FF4XRLY7,373.72
"Xiaomi Redmi Pad 2 Wifi 11"" (8GB RAM, 256GB, Lavender Purple) - Brand New",Xiaomi Pad,Xiaomi,,,XiaRedPad2WF118R256Lav-AU,,,,,,,,https://buymobile.com.au/products/xiaomi-redmi-pad-2-8gb-ram-256gb-wifi?variant=43143250608243,,,https://www.amazon.com.au/dp/B0FFB6XVS4,
"Xiaomi Redmi Pad 2 Wifi 11"" (8GB RAM, 256GB, Mint Green) - Brand New",Xiaomi Pad,Xiaomi,,,XiaRedPad2WF118R256Mnt-AU,,,,,,,,https://buymobile.com.au/products/xiaomi-redmi-pad-2-8gb-ram-256gb-wifi?variant=44239168667763,,,https://www.amazon.com.au/dp/B0FBR1L7WD,324.00
"Xiaomi Poco M8 Dual SIM 5G (8GB RAM, 256GB, Black) - Brand New",Xiaomi Poco Series,Xiaomi,,,XiaPocM85G8R256Blk-AU,,,,,,,,,,,,#N/A
"Xiaomi Poco M8 Dual SIM 5G (8GB RAM, 256GB, Green) - Brand New",Xiaomi Poco Series,Xiaomi,,,XiaPocM85G8R256Grn-AU,,,,,,,,,,,https://www.amazon.com.au/dp/B0FZLC196W,340.45
"Xiaomi Poco M8 Dual SIM 5G (8GB RAM, 256GB, Silver) - Brand New",Xiaomi Poco Series,Xiaomi,,,XiaPocM85G8R256Slv-AU,,,,,,,,,,,https://www.amazon.com.au/dp/B0FZL6GJRJ,340.45
"Xiaomi Poco M8 Dual SIM 5G (8GB RAM, 512GB, Black) - Brand New",Xiaomi Poco Series,Xiaomi,,,XiaPocM85G8R512Blk-AU,,,,,,,,,,,,#N/A
"Xiaomi Poco M8 Dual SIM 5G (8GB RAM, 512GB, Green) - Brand New",Xiaomi Poco Series,Xiaomi,,,XiaPocM85G8R512Grn-AU,,,,,,,,,,,,#N/A
"Xiaomi Poco M8 Dual SIM 5G (8GB RAM, 512GB, Silver) - Brand New",Xiaomi Poco Series,Xiaomi,,,XiaPocM85G8R512Slv-AU,,,,,,,,,,,,#N/A
"Xiaomi Redmi Pad 2 Cellular 11"" (8GB RAM, 256GB, Graphite Gray) - Brand New",Xiaomi Pad,Xiaomi,,,XiaRedPad24G118R256Gry-AU,,,,,,,,https://buymobile.com.au/products/xiaomi-redmi-pad-2-8gb-ram-256gb-4g?variant=44275406667891,,,,#N/A
"Xiaomi Redmi Pad 2 Cellular 11"" (8GB RAM, 256GB, Mint Green) - Brand New",Xiaomi Pad,Xiaomi,,,XiaRedPad24G118R256Mnt-AU,,,,,,,,https://buymobile.com.au/products/xiaomi-redmi-pad-2-8gb-ram-256gb-4g?variant=44249757253747,,,,#N/A
"Nubia Flip Dual SIM 5G (12GB RAM, 512GB, Cosmic Black) - Brand New",Nubia,Nubia,,,NubFp5G12R512Blk-AU,,,,,,,,https://buymobile.com.au/products/nubia-flip-nx724j-dual-sim-12gb-ram-512gb-5g?variant=44125681287283,,,,#N/A
"Nubia Flip Dual SIM 5G (12GB RAM, 512GB, Sunshine Gold) - Brand New",Nubia,Nubia,,,NubFp5G12R512Gld-AU,,,,,,,,https://buymobile.com.au/products/nubia-flip-nx724j-dual-sim-12gb-ram-512gb-5g?variant=43791782772851,,,,#N/A
"Nubia RedMagic 11 Pro 5G (24GB RAM, 1TB, Nightfreeze) - Brand New",Nubia,Nubia,,,NubRedMag11Pro24R1TBNig-AU,,,,,,,,,,https://bestmobilephone.com.au/zte-nubia-redmagic-11-pro-5g-dual-sim-24gb-1tb-nightfreeze-global-version/,https://www.amazon.com.au/dp/B0FR5B5ZH4,"1,941.20"
"Nubia RedMagic 11 Pro 5G (24GB RAM, 1TB, Subzero) - Brand New",Nubia,Nubia,,,NubRedMag11Pro24R1TBSub-AU,,,,,,,,,,https://bestmobilephone.com.au/zte-nubia-redmagic-11-pro-5g-dual-sim-24gb-1tb-subzero-global-version/,https://www.amazon.com.au/dp/B0FR5BKBQP,"1,941.20"
"Xiaomi Redmi Note 14 (8GB RAM, 128GB, Midnight Black) - Brand New",Xiaomi Redmi Note Series,Xiaomi,,,XiaRedNot144G8R128Blk-AU,,,,,,,,,,,,#N/A
"Xiaomi Redmi Note 14 (8GB RAM, 128GB, Mist Purple) - Brand New",Xiaomi Redmi Note Series,Xiaomi,,,XiaRedNot144G8R128Prp-AU,,,,,,,,,,,,#N/A
"Xiaomi Redmi Note 14 5G (12GB RAM, 512GB, Midnight Black) - Brand New",Xiaomi Redmi Note Series,Xiaomi,,,XiaRedNot145G12R512Blk-AU,,,,,,,,,,,,#N/A
"Xiaomi Redmi Note 14 Pro 5G (12GB RAM, 256GB, Lavender Purple) - Brand New",Xiaomi Redmi Note Series,Xiaomi,,,XiaRedNot14Pro5G12R256Prp-AU,,,,,,,,,,,,#N/A
"Xiaomi Redmi Note 15 (8GB RAM, 256GB, Black) - Brand New",Xiaomi Redmi Note Series,Xiaomi,,,XiaRedNT154G8R256Blk-AU,,,,,,,,https://buymobile.com.au/products/xiaomi-redmi-note-15-dual-sim-8gb-ram-256gb-4g?variant=44249758859379,https://spectronic.com.au/product/xiaomi-redmi-note-15-5g-256gb-8gb-ram-black-dual-sim-global-version/,,https://www.amazon.com.au/dp/B0FX9Y2PBR,309.48
"OnePlus 15R 5G (12GB RAM, 256GB, Mint Breeze) - Brand New",OnePlus 15 Series,OnePlus,,,OnePls15R5G12R256Mnt-AU,,,,,,,,https://buymobile.com.au/products/oneplus-15r-cph2769-dual-sim-12gb-ram-256gb-5g?variant=44272399515763,https://spectronic.com.au/product/oneplus-15r-5g-256gb-12gb-ram-mint-breeze-dual-sim-global-version/,https://bestmobilephone.com.au/oneplus-15r-5g-dual-sim-12gb-256gb-mint-breeze-cph2769-global-version/,https://www.amazon.com.au/dp/B0FXFZXCRG,814.00
"Samsung Galaxy A17 (6GB RAM, 128GB, Blue) - Brand New",Samsung Galaxy A Series,Samsung,,,GalA176Gb128GBlu-AU,,,,,,,,,,,https://www.amazon.com.au/dp/B0FPS631M9,#N/A
"Samsung Galaxy A17 (6GB RAM, 128GB, Gray) - Brand New",Samsung Galaxy A Series,Samsung,,,GalA176Gb128GGry-AU,,,,,,,,,,,https://www.amazon.com.au/dp/B0FPRNF14M,#N/A
"Samsung Galaxy S25 FE (8GB RAM, 256GB, White) - Brand New",Samsung Galaxy S25 Series,Samsung,,,SamGalS25FE8R256Wht-AU,,,,,,,,https://buymobile.com.au/products/samsung-galaxy-s25-fe-s731b-ds-dual-sim-8gb-ram-256gb-5g?variant=43958179299443,https://spectronic.com.au/product/galaxy-s25-fe-5g-256gb-8gb-ram-white-dual-sim-global-version-sm-s731b-ds-esim-support/,https://bestmobilephone.com.au/samsung-galaxy-s25-fe-5g-dual-sim-8gb-256gb-white-sm-s731b-ds/,https://www.amazon.com.au/dp/B0FPRKC6CN,#N/A
"Samsung Galaxy S25 FE (8GB RAM, 512GB, JetBlack) - Brand New",Samsung Galaxy S25 Series,Samsung,,,SamGalS25FE8R512Blk-AU,,,,,,,,https://buymobile.com.au/products/samsung-galaxy-s25-fe-s731b-ds-dual-sim-8gb-ram-512gb-5g?variant=43957814820979,https://spectronic.com.au/product/galaxy-s25-fe-5g-512gb-8gb-ram-jetblack-dual-sim-global-version-sm-s731b-ds-esim-support/,,https://www.amazon.com.au/dp/B0FT1W5LRX,#N/A
"Samsung Galaxy S25 FE (8GB RAM, 512GB, White) - Brand New",Samsung Galaxy S25 Series,Samsung,,,SamGalS25FE8R512Wht-AU,,,,,,,,https://buymobile.com.au/products/samsung-galaxy-s25-fe-s731b-ds-dual-sim-8gb-ram-512gb-5g?variant=43957814886515,https://spectronic.com.au/product/galaxy-s25-fe-5g-512gb-8gb-ram-white-dual-sim-global-version-sm-s731b-ds-esim-support/,,,#N/A
"Google Pixel 10a 5G (8GB RAM, 256GB, Fog) - Brand New",Google Pixel 10 Series,Google,,,GooPix10a5G8R256Fog-AU,,,,,,https://www.jbhifi.com.au/products/google-pixel-10a-5g-128gb-fog,,,,,https://www.amazon.com.au/dp/B0GS5S9MNZ,#N/A
"Apple iPhone 17 5G (8GB RAM, 512GB, Black) - Brand New",Apple iPhone 17 Series,Apple,,,AppiPn178R512Blk-AU,,,,,,https://www.jbhifi.com.au/products/apple-iphone-17-512gb-black,,,,,,#N/A
"Apple iPhone 17 5G (8GB RAM, 512GB, Lavender) - Brand New",Apple iPhone 17 Series,Apple,,,AppiPn178R512Lav-AU,,,,,,https://www.jbhifi.com.au/products/apple-iphone-17-512gb-lavender,,,,,,#N/A
"Apple iPhone 17 5G (8GB RAM, 512GB, Mist Blue) - Brand New",Apple iPhone 17 Series,Apple,,,AppiPn178R512Blu-AU,,,,,,https://www.jbhifi.com.au/products/apple-iphone-17-512gb-mist-blue,,,,,,#N/A
"Apple iPhone 17 5G (8GB RAM, 512GB, Sage) - Brand New",Apple iPhone 17 Series,Apple,,,AppiPn178R512Sag-AU,,,,,,https://www.jbhifi.com.au/products/apple-iphone-17-512gb-sage,,,,,,#N/A
"Apple iPhone 17 5G (8GB RAM, 512GB, White) - Brand New",Apple iPhone 17 Series,Apple,,,AppiPn178R512Wht-AU,,,,,,https://www.jbhifi.com.au/products/apple-iphone-17-512gb-white,,,,,,#N/A
"Apple iPhone 17 5G (8GB RAM, 256GB, Sage) - Brand New",Apple iPhone 17 Series,Apple,,,AppiPn178R256Sag-AU,,,,,,https://www.jbhifi.com.au/products/apple-iphone-17-256gb-sage,,,,,,#N/A
"Apple iPhone Air 5G (12GB RAM, 1TB, Cloud White) - Brand New",Apple iPhone Air Series,Apple,,,AppiPnAir12R1TBWht-AU,,,,,,https://www.jbhifi.com.au/products/apple-iphone-air-1tb-cloud-white,,,,,,#N/A
"Apple iPhone Air 5G (12GB RAM, 1TB, Light Gold) - Brand New",Apple iPhone Air Series,Apple,,,AppiPnAir12R1TBGld-AU,,,,,,https://www.jbhifi.com.au/products/apple-iphone-air-1tb-light-gold,,,,,,#N/A
"Apple iPhone Air 5G (12GB RAM, 1TB, Sky Blue) - Brand New",Apple iPhone Air Series,Apple,,,AppiPnAir12R1TBBlu-AU,,,,,,https://www.jbhifi.com.au/products/apple-iphone-air-1tb-sky-blue,,,,,,#N/A
"Apple iPhone Air 5G (12GB RAM, 1TB, Space Black) - Brand New",Apple iPhone Air Series,Apple,,,AppiPnAir12R1TBBlk-AU,,,,,,https://www.jbhifi.com.au/products/apple-iphone-air-1tb-space-black,,,,,,#N/A
"Apple iPhone Air 5G (12GB RAM, 512GB, Cloud White) - Brand New",Apple iPhone Air Series,Apple,,,AppiPnAir12R512Wht-AU,,,,,,https://www.jbhifi.com.au/products/apple-iphone-air-512gb-cloud-white,,,,,,#N/A
"Apple iPhone Air 5G (12GB RAM, 512GB, Light Gold) - Brand New",Apple iPhone Air Series,Apple,,,AppiPnAir12R512Gld-AU,,,,,,https://www.jbhifi.com.au/products/apple-iphone-air-512gb-light-gold,https://www.mobileciti.com.au/apple-iphone-air-512gb-light-gold,,,,,#N/A
"Apple iPhone Air 5G (12GB RAM, 512GB, Sky Blue) - Brand New",Apple iPhone Air Series,Apple,,,AppiPnAir12R512Blu-AU,,,,,,https://www.jbhifi.com.au/products/apple-iphone-air-512gb-sky-blue,,,,,,#N/A
"Apple iPhone Air 5G (12GB RAM, 512GB, Space Black) - Brand New",Apple iPhone Air Series,Apple,,,AppiPnAir12R512Blk-AU,,,,,,https://www.jbhifi.com.au/products/apple-iphone-air-512gb-space-black,,,,,,#N/A
"Apple iPhone Air 5G (12GB RAM, 256GB, Cloud White) - Brand New",Apple iPhone Air Series,Apple,,,AppiPnAir12R256Wht-AU,,,,,,https://www.jbhifi.com.au/products/apple-iphone-air-256gb-cloud-white,,,,,,#N/A
"Apple iPhone Air 5G (12GB RAM, 256GB, Light Gold) - Brand New",Apple iPhone Air Series,Apple,,,AppiPnAir12R256Gld-AU,,,,,,https://www.jbhifi.com.au/products/apple-iphone-air-256gb-light-gold,,,,,,#N/A
"Apple iPhone Air 5G (12GB RAM, 256GB, Sky Blue) - Brand New",Apple iPhone Air Series,Apple,,,AppiPnAir12R256Blu-AU,,,,,,https://www.jbhifi.com.au/products/apple-iphone-air-256gb-sky-blue,,,,,,#N/A
"Apple iPhone Air 5G (12GB RAM, 256GB, Space Black) - Brand New",Apple iPhone Air Series,Apple,,,AppiPnAir12R256Blk-AU,,,,,,https://www.jbhifi.com.au/products/apple-iphone-air-256gb-space-black,,,,,,#N/A
"Google Pixel 10a 5G (8GB RAM, 256GB, Fog) - Brand New",Google Pixel 10 Series,Google,,,GooPix10a5G8R256Fog-AU,,,,,,,,https://buymobile.com.au/products/google-pixel-10a-8gb-ram-256gb-5g?variant=44444840820851,https://spectronic.com.au/product/google-pixel-10a-5g-256gb-8gb-ram-fog-dual-sim-global-version/,,https://www.amazon.com.au/dp/B0GS5S9MNZ,#N/A
"Google Pixel 10a 5G (8GB RAM, 128GB, Lavender) - Brand New",Google Pixel 10 Series,Google,,,GooPix10a5G8R128Lav-AU,,,,,,https://www.jbhifi.com.au/products/google-pixel-10a-5g-128gb-lavender,,https://buymobile.com.au/products/google-pixel-10a-8gb-ram-128gb-5g?variant=44444840951923,https://spectronic.com.au/product/google-pixel-10a-5g-128gb-8gb-ram-lavender-dual-sim-global-version/,,https://www.amazon.com.au/dp/B0GHRT7C7K,#N/A
"Google Pixel 10a 5G (8GB RAM, 128GB, Obsidian) - Brand New",Google Pixel 10 Series,Google,,,GooPix10a5G8R128Obs-AU,,,,,,https://www.jbhifi.com.au/products/google-pixel-10a-5g-128gb-obsidian,,https://buymobile.com.au/products/google-pixel-10a-8gb-ram-128gb-5g?variant=44444840984691,https://spectronic.com.au/product/google-pixel-10a-5g-128gb-8gb-ram-obsidian-dual-sim-global-version/,,https://www.amazon.com.au/dp/B0GHRHXVN1,#N/A
"Google Pixel 10a 5G (8GB RAM, 128GB, Fog) - Brand New",Google Pixel 10 Series,Google,,,GooPix10a5G8R128Fog-AU,,,,,,https://www.jbhifi.com.au/products/google-pixel-10a-5g-128gb-fog,,https://buymobile.com.au/products/google-pixel-10a-8gb-ram-128gb-5g?variant=44444840919155,https://spectronic.com.au/product/google-pixel-10a-5g-128gb-8gb-ram-fog-dual-sim-global-version/,,https://www.amazon.com.au/dp/B0GHRD59RZ,#N/A
"Google Pixel 10a 5G (8GB RAM, 256GB, Lavender) - Brand New",Google Pixel 10 Series,Google,,,GooPix10a5G8R256Lav-AU,,,,,,https://www.jbhifi.com.au/products/google-pixel-10a-5g-256gb-lavender,,https://buymobile.com.au/products/google-pixel-10a-8gb-ram-256gb-5g?variant=44444840853619,https://spectronic.com.au/product/google-pixel-10a-5g-256gb-8gb-ram-lavender-dual-sim-global-version/,,,#N/A
"Google Pixel 10a 5G (8GB RAM, 256GB, Obsidian) - Brand New",Google Pixel 10 Series,Google,,,GooPix10a5G8R256Obs-AU,,,,,,https://www.jbhifi.com.au/products/google-pixel-10a-5g-256gb-obsidian,,https://buymobile.com.au/products/google-pixel-10a-8gb-ram-256gb-5g?variant=44444840886387,https://spectronic.com.au/product/google-pixel-10a-5g-256gb-8gb-ram-obsidian-dual-sim-global-version/,,https://www.amazon.com.au/dp/B0GP88QJL8,#N/A
"Google Pixel 10a 5G (8GB RAM, 256GB, Berry) - Brand New",Google Pixel 10 Series,Google,,,GooPix10a5G8R256Ber-AU,,,,,,https://www.jbhifi.com.au/products/google-pixel-10a-5g-256gb-berry,,https://buymobile.com.au/products/google-pixel-10a-8gb-ram-256gb-5g?variant=44444840788083,https://spectronic.com.au/product/google-pixel-10a-5g-256gb-8gb-ram-berry-dual-sim-global-version/,,,#N/A
"Samsung Galaxy S26 5G (12GB RAM, 256GB, Black) - Brand New",Samsung Galaxy S26 Series,Samsung,,,SamGalS265G256Blk-AU,,,,,,https://www.jbhifi.com.au/products/samsung-galaxy-s26-5g-256gb-black,https://www.mobileciti.com.au/samsung-galaxy-s26-5g-256gb-black,https://buymobile.com.au/products/samsung-galaxy-s26-s9420-dual-sim-12gb-ram-256gb-5g?variant=44446429872243,https://spectronic.com.au/product/galaxy-s26-5g-256gb-12gb-ram-black-dual-sim-global-version-sm-s9420-ds-esim-support/,,https://www.amazon.com.au/dp/B0GL8BF2X2,#N/A
"Samsung Galaxy S26 5G (12GB RAM, 256GB, White) - Brand New",Samsung Galaxy S26 Series,Samsung,,,SamGalS265G256Wht-AU,,,,,,https://www.jbhifi.com.au/products/samsung-galaxy-s26-5g-256gb-white,https://www.mobileciti.com.au/samsung-galaxy-s26-5g-256gb-white,,,,https://www.amazon.com.au/dp/B0GL88WCV8,#N/A
"Samsung Galaxy S26 5G (12GB RAM, 256GB, Sky Blue) - Brand New",Samsung Galaxy S26 Series,Samsung,,,SamGalS265G256Blu-AU,,,,,,https://www.jbhifi.com.au/products/samsung-galaxy-s26-5g-256gb-sky-blue,https://www.mobileciti.com.au/samsung-galaxy-s26-5g-256gb-sky-blue,https://buymobile.com.au/products/samsung-galaxy-s26-s9420-dual-sim-12gb-ram-256gb-5g?variant=44446429937779,https://spectronic.com.au/product/galaxy-s26-5g-256gb-12gb-ram-blue-dual-sim-global-version-sm-s9420-ds-esim-support/,,https://www.amazon.com.au/dp/B0GL8HZF8R,#N/A
"Samsung Galaxy S26 5G (12GB RAM, 256GB, Cobalt Violet) - Brand New",Samsung Galaxy S26 Series,Samsung,,,SamGalS265G256Vio-AU,,,,,,https://www.jbhifi.com.au/products/samsung-galaxy-s26-5g-256gb-cobalt-violet,https://www.mobileciti.com.au/samsung-galaxy-s26-5g-256gb-cobalt-violet,https://buymobile.com.au/products/samsung-galaxy-s26-s9420-dual-sim-12gb-ram-256gb-5g?variant=44446429905011,,,https://www.amazon.com.au/dp/B0GL87VP7N,#N/A
"Samsung Galaxy S26 5G (12GB RAM, 512GB, Black) - Brand New",Samsung Galaxy S26 Series,Samsung,,,SamGalS265G512Blk-AU,,,,,,https://www.jbhifi.com.au/products/samsung-galaxy-s26-5g-512gb-black,https://www.mobileciti.com.au/samsung-galaxy-s26-5g-512gb-black,https://buymobile.com.au/products/samsung-galaxy-s26-s9420-dual-sim-12gb-ram-512gb-5g?variant=44452653432947,https://spectronic.com.au/product/galaxy-s26-5g-512gb-12gb-ram-black-dual-sim-global-version-sm-s9420-ds-esim-support/,,https://www.amazon.com.au/dp/B0GL8SGHMT,#N/A
"Samsung Galaxy S26 5G (12GB RAM, 512GB, White) - Brand New",Samsung Galaxy S26 Series,Samsung,,,SamGalS265G512Wht-AU,,,,,,https://www.jbhifi.com.au/products/samsung-galaxy-s26-5g-512gb-white,https://www.mobileciti.com.au/samsung-galaxy-s26-5g-dual-sim-512gb-12gb-6-3-sm-s942b-white,,,,https://www.amazon.com.au/dp/B0GL8CMJ66,#N/A
"Samsung Galaxy S26 5G (12GB RAM, 512GB, Sky Blue) - Brand New",Samsung Galaxy S26 Series,Samsung,,,SamGalS265G512Blu-AU,,,,,,https://www.jbhifi.com.au/products/samsung-galaxy-s26-5g-512gb-sky-blue,https://www.mobileciti.com.au/samsung-galaxy-s26-5g-512gb-sky-blue,https://buymobile.com.au/products/samsung-galaxy-s26-s9420-dual-sim-12gb-ram-512gb-5g?variant=44446430003315,https://spectronic.com.au/product/galaxy-s26-5g-512gb-12gb-ram-blue-dual-sim-global-version-sm-s9420-ds-esim-support/,,https://www.amazon.com.au/dp/B0GL8L8G9V,#N/A
"Samsung Galaxy S26 5G (12GB RAM, 512GB, Cobalt Violet) - Brand New",Samsung Galaxy S26 Series,Samsung,,,SamGalS265G512Vio-AU,,,,,,https://www.jbhifi.com.au/products/samsung-galaxy-s26-5g-512gb-cobalt-violet,https://www.mobileciti.com.au/samsung-galaxy-s26-5g-512gb-cobalt-violet,https://buymobile.com.au/products/samsung-galaxy-s26-s9420-dual-sim-12gb-ram-512gb-5g?variant=44446429970547,,,https://www.amazon.com.au/dp/B0GL89JY6X,#N/A
"Samsung Galaxy S26+ Plus 5G (12GB RAM, 256GB, Black) - Brand New",Samsung Galaxy S26 Series,Samsung,,,SamGalS26Pls5G256Blk-AU,,,,,,https://www.jbhifi.com.au/products/samsung-galaxy-s26-5g-256gb-black-1,https://www.mobileciti.com.au/samsung-galaxy-s26-plus-5g-256gb-black,https://buymobile.com.au/products/samsung-galaxy-s26-plus-s9470-dual-sim-12gb-ram-256gb-5g?variant=44446430199923,https://spectronic.com.au/product/galaxy-s26-plus-5g-256gb-12gb-ram-black-dual-sim-global-version-sm-s9420-ds-esim-support/,,https://www.amazon.com.au/dp/B0GL8KP32R,#N/A
"Samsung Galaxy S26+ Plus 5G (12GB RAM, 256GB, White) - Brand New",Samsung Galaxy S26 Series,Samsung,,,SamGalS26Pls5G256Wht-AU,,,,,,https://www.jbhifi.com.au/products/samsung-galaxy-s26-5g-256gb-white-1,https://www.mobileciti.com.au/samsung-galaxy-s26-plus-5g-256gb-white,,https://spectronic.com.au/product/galaxy-s26-plus-5g-256gb-12gb-ram-white-dual-sim-global-version-sm-s9420-ds-esim-support/,,,#N/A
"Samsung Galaxy S26+ Plus 5G (12GB RAM, 256GB, Sky Blue) - Brand New",Samsung Galaxy S26 Series,Samsung,,,SamGalS26Pls5G256Blu-AU,,,,,,https://www.jbhifi.com.au/products/samsung-galaxy-s26-5g-256gb-sky-blue-1,https://www.mobileciti.com.au/samsung-galaxy-s26-plus-5g-256gb-sky-blue,https://buymobile.com.au/products/samsung-galaxy-s26-plus-s9470-dual-sim-12gb-ram-256gb-5g?variant=44446430265459,https://spectronic.com.au/product/galaxy-s26-plus-5g-256gb-12gb-ram-blue-dual-sim-global-version-sm-s9420-ds-esim-support/,,,#N/A
"Samsung Galaxy S26+ Plus 5G (12GB RAM, 256GB, Cobalt Violet) - Brand New",Samsung Galaxy S26 Series,Samsung,,,SamGalS26Pls5G256Vio-AU,,,,,,https://www.jbhifi.com.au/products/samsung-galaxy-s26-5g-256gb-cobalt-violet-1,https://www.mobileciti.com.au/samsung-galaxy-s26-plus-5g-256gb-cobalt-violet,https://buymobile.com.au/products/samsung-galaxy-s26-plus-s9470-dual-sim-12gb-ram-256gb-5g?variant=44446430232691,,,https://www.amazon.com.au/dp/B0GL8H3XFN,#N/A
"Samsung Galaxy S26+ Plus 5G (12GB RAM, 512GB, Black) - Brand New",Samsung Galaxy S26 Series,Samsung,,,SamGalS26Pls5G512Blk-AU,,,,,,https://www.jbhifi.com.au/products/samsung-galaxy-s26-5g-512gb-black-1,https://www.mobileciti.com.au/samsung-galaxy-s26-plus-5g-512gb-black,https://buymobile.com.au/products/samsung-galaxy-s26-plus-s947b-ds-dual-sim-12gb-ram-512gb-5g?variant=44444841672819,https://spectronic.com.au/product/galaxy-s26-plus-5g-512gb-12gb-ram-black-dual-sim-global-version-sm-s9420-ds-esim-support/,,https://www.amazon.com.au/dp/B0GL8J486T,#N/A
"Samsung Galaxy S26+ Plus 5G (12GB RAM, 512GB, White) - Brand New",Samsung Galaxy S26 Series,Samsung,,,SamGalS26Pls5G512Wht-AU,,,,,,https://www.jbhifi.com.au/products/samsung-galaxy-s26-5g-512gb-white-1,https://www.mobileciti.com.au/samsung-galaxy-s26-plus-5g-512gb-white,https://buymobile.com.au/products/samsung-galaxy-s26-plus-s947b-ds-dual-sim-12gb-ram-512gb-5g?variant=44444841771123,https://spectronic.com.au/product/galaxy-s26-plus-5g-512gb-12gb-ram-white-dual-sim-global-version-sm-s9420-ds-esim-support/,https://bestmobilephone.com.au/samsung-galaxy-s26-plus-5g-dual-sim-12gb-512gb-white-sm-s9470/,,#N/A
"Samsung Galaxy S26+ Plus 5G (12GB RAM, 512GB, Sky Blue) - Brand New",Samsung Galaxy S26 Series,Samsung,,,SamGalS26Pls5G512Blu-AU,,,,,,https://www.jbhifi.com.au/products/samsung-galaxy-s26-5g-512gb-sky-blue-1,https://www.mobileciti.com.au/samsung-galaxy-s26-plus-5g-dual-sim-512gb-12gb-6-7-sm-s947b-sky-blue,https://buymobile.com.au/products/samsung-galaxy-s26-plus-s947b-ds-dual-sim-12gb-ram-512gb-5g?variant=44444841738355,,,https://www.amazon.com.au/dp/B0G4B6SDXR,#N/A
"Samsung Galaxy S26+ Plus 5G (12GB RAM, 512GB, Cobalt Violet) - Brand New",Samsung Galaxy S26 Series,Samsung,,,SamGalS26Pls5G512Vio-AU,,,,,,https://www.jbhifi.com.au/products/samsung-galaxy-s26-5g-512gb-cobalt-violet-1,https://www.mobileciti.com.au/samsung-galaxy-s26-plus-5g-512gb-cobalt-violet,https://buymobile.com.au/products/samsung-galaxy-s26-plus-s947b-ds-dual-sim-12gb-ram-512gb-5g?variant=44444841705587,,,https://www.amazon.com.au/dp/B0GL867NV5,#N/A
"Samsung Galaxy S26 Ultra 5G (12GB RAM, 256GB, Black) - Brand New",Samsung Galaxy S26 Series,Samsung,,,SamGalS26Ult5G256Blk-AU,,,,,,https://www.jbhifi.com.au/products/samsung-galaxy-s26-ultra-5g-256gb-black,https://www.mobileciti.com.au/samsung-galaxy-s26-ultra-5g-256gb-black,https://buymobile.com.au/products/samsung-galaxy-s26-ultra-s948b-12gb-ram-256gb-5g?variant=44452608016499,,,https://www.amazon.com.au/dp/B0GL8FNY5G,#N/A
"Samsung Galaxy S26 Ultra 5G (12GB RAM, 256GB, White) - Brand New",Samsung Galaxy S26 Series,Samsung,,,SamGalS26Ult5G256Wht-AU,,,,,,https://www.jbhifi.com.au/products/samsung-galaxy-s26-ultra-5g-256gb-white,https://www.mobileciti.com.au/samsung-galaxy-s26-ultra-5g-256gb-white,,,,https://www.amazon.com.au/dp/B0GL8H5TY1,#N/A
"Samsung Galaxy S26 Ultra 5G (12GB RAM, 256GB, Sky Blue) - Brand New",Samsung Galaxy S26 Series,Samsung,,,SamGalS26Ult5G256Blu-AU,,,,,,https://www.jbhifi.com.au/products/samsung-galaxy-s26-ultra-5g-256gb-sky-blue,https://www.mobileciti.com.au/samsung-galaxy-s26-ultra-5g-256gb-sky-blue,,https://spectronic.com.au/product/galaxy-s26-ultra-5g-256gb-12gb-ram-blue-dual-sim-global-version-sm-s948b-ds-esim-support/,,https://www.amazon.com.au/dp/B0GL85WGTZ,#N/A
"Samsung Galaxy S26 Ultra 5G (12GB RAM, 256GB, Cobalt Violet) - Brand New",Samsung Galaxy S26 Series,Samsung,,,SamGalS26Ult5G256Vio-AU,,,,,,https://www.jbhifi.com.au/products/samsung-galaxy-s26-ultra-5g-256gb-cobalt-violet,https://www.mobileciti.com.au/samsung-galaxy-s26-ultra-5g-256gb-cobalt-violet,https://buymobile.com.au/products/samsung-galaxy-s26-ultra-s948b-12gb-ram-256gb-5g?variant=44452608049267,,,https://www.amazon.com.au/dp/B0GL8G49LV,#N/A
"Samsung Galaxy S26 Ultra 5G (12GB RAM, 512GB, Black) - Brand New",Samsung Galaxy S26 Series,Samsung,,,SamGalS26Ult5G512Blk-AU,,,,,,https://www.jbhifi.com.au/products/samsung-galaxy-s26-ultra-5g-512gb-black,https://www.mobileciti.com.au/samsung-galaxy-s26-ultra-5g-512gb-black,https://buymobile.com.au/products/samsung-galaxy-s26-ultra-s9480-dual-sim-12gb-ram-512gb-5g?variant=44446430101619,https://spectronic.com.au/product/galaxy-s26-ultra-5g-512gb-12gb-ram-black-dual-sim-global-version-sm-s9480-ds-esim-support/,https://bestmobilephone.com.au/samsung-galaxy-s26-ultra-5g-dual-sim-12gb-512gb-black-sm-s948b-ds/,https://www.amazon.com.au/dp/B0GPFTZRKP,#N/A
"Samsung Galaxy S26 Ultra 5G (12GB RAM, 512GB, White) - Brand New",Samsung Galaxy S26 Series,Samsung,,,SamGalS26Ult5G512Wht-AU,,,,,,https://www.jbhifi.com.au/products/samsung-galaxy-s26-ultra-5g-512gb-white,https://www.mobileciti.com.au/samsung-galaxy-s26-ultra-5g-512gb-white,https://buymobile.com.au/products/samsung-galaxy-s26-ultra-s9480-dual-sim-12gb-ram-512gb-5g?variant=44446430167155,,https://bestmobilephone.com.au/samsung-galaxy-s26-ultra-5g-dual-sim-12gb-512gb-white-sm-s9480/,https://www.amazon.com.au/dp/B0GL8BNV58,#N/A
"Samsung Galaxy S26 Ultra 5G (12GB RAM, 512GB, Sky Blue) - Brand New",Samsung Galaxy S26 Series,Samsung,,,SamGalS26Ult5G512Blu-AU,,,,,,https://www.jbhifi.com.au/products/samsung-galaxy-s26-ultra-5g-512gb-sky-blue,https://www.mobileciti.com.au/samsung-galaxy-s26-ultra-5g-512gb-sky-blue,https://buymobile.com.au/products/samsung-galaxy-s26-ultra-s9480-dual-sim-12gb-ram-512gb-5g?variant=44446430134387,https://spectronic.com.au/product/galaxy-s26-ultra-5g-512gb-12gb-ram-blue-dual-sim-global-version-sm-s948b-ds-esim-support/,https://bestmobilephone.com.au/samsung-galaxy-s26-ultra-5g-dual-sim-12gb-512gb-sky-blue-sm-s948b-ds/,https://www.amazon.com.au/dp/B0GL8GXNTS,#N/A
"Samsung Galaxy S26 Ultra 5G (12GB RAM, 512GB, Cobalt Violet) - Brand New",Samsung Galaxy S26 Series,Samsung,,,SamGalS26Ult5G512Vio-AU,,,,,,https://www.jbhifi.com.au/products/samsung-galaxy-s26-ultra-5g-512gb-cobalt-violet,https://www.mobileciti.com.au/samsung-galaxy-s26-ultra-5g-12gb-cobalt-violet,https://buymobile.com.au/products/samsung-galaxy-s26-ultra-s9480-dual-sim-12gb-ram-512gb-5g?variant=44713654517875,,https://bestmobilephone.com.au/samsung-galaxy-s26-ultra-5g-dual-sim-12gb-512gb-cobalt-violet-sm-s948b-ds/,https://www.amazon.com.au/dp/B0GPDTKBXS,#N/A
"Samsung Galaxy S26 Ultra 5G (16GB RAM, 1TB, Black) - Brand New",Samsung Galaxy S26 Series,Samsung,,,SamGalS26Ult5G1TBBlk-AU,,,,,,https://www.jbhifi.com.au/products/samsung-galaxy-s26-ultra-5g-1tb-black,https://www.mobileciti.com.au/samsung-galaxy-s26-ultra-5g-1tb-black,https://buymobile.com.au/products/samsung-galaxy-s26-ultra-s948b-ds-dual-sim-16gb-ram-1tb-5g?variant=44424905031795,,https://bestmobilephone.com.au/samsung-galaxy-s26-ultra-5g-dual-sim-16gb-1tb-black-sm-s948b-ds/,https://www.amazon.com.au/dp/B0GPDH1FPK,#N/A
"Samsung Galaxy S26 Ultra 5G (16GB RAM, 1TB, White) - Brand New",Samsung Galaxy S26 Series,Samsung,,,SamGalS26Ult5G1TBWht-AU,,,,,,https://www.jbhifi.com.au/products/samsung-galaxy-s26-ultra-5g-1tb-white,,https://buymobile.com.au/products/samsung-galaxy-s26-ultra-s948b-ds-dual-sim-16gb-ram-1tb-5g?variant=44424905130099,,,https://www.amazon.com.au/dp/B0GPDW3K83,#N/A
"Samsung Galaxy S26 Ultra 5G (16GB RAM, 1TB, Sky Blue) - Brand New",Samsung Galaxy S26 Series,Samsung,,,SamGalS26Ult5G1TBBlu-AU,,,,,,https://www.jbhifi.com.au/products/samsung-galaxy-s26-ultra-5g-1tb-sky-blue,,https://buymobile.com.au/products/samsung-galaxy-s26-ultra-s948b-ds-dual-sim-16gb-ram-1tb-5g?variant=44424905097331,https://spectronic.com.au/product/galaxy-s26-ultra-5g-1tb-16gb-ram-blue-dual-sim-global-version-sm-s9480-ds-esim-support/,https://bestmobilephone.com.au/samsung-galaxy-s26-ultra-5g-dual-sim-16gb-1tb-sky-blue-sm-s948b-ds/,,#N/A
"Samsung Galaxy S26 Ultra 5G (16GB RAM, 1TB, Cobalt Violet) - Brand New",Samsung Galaxy S26 Series,Samsung,,,SamGalS26Ult5G1TBVio-AU,,,,,,https://www.jbhifi.com.au/products/samsung-galaxy-s26-ultra-5g-1tb-cobalt-violet,,https://buymobile.com.au/products/samsung-galaxy-s26-ultra-s948b-ds-dual-sim-16gb-ram-1tb-5g?variant=44424905064563,,https://bestmobilephone.com.au/samsung-galaxy-s26-ultra-5g-dual-sim-16gb-1tb-cobalt-violet-sm-s9480/,https://www.amazon.com.au/dp/B0GPDXX44L,#N/A
"Xiaomi 17 Dual SIM 5G (12GB RAM, 256GB, Black) - Brand New",Xiaomi Mi Series,Xiaomi,,,Xia175G12R256Blk-AU,,,,,,,,https://buymobile.com.au/products/xiaomi-17-dual-sim-12gb-ram-256gb-5g?variant=44446430298227,https://spectronic.com.au/product/xiaomi-17-5g-256gb-12gb-ram-black-dual-sim-global-version/,https://bestmobilephone.com.au/xiaomi-17-5g-12gb-256gb-dual-sim-black-global-version/,https://www.amazon.com.au/dp/B0GJ5TYZ4D,"1,524.90"
"Xiaomi 17 Dual SIM 5G (12GB RAM, 256GB, Ice Blue) - Brand New",Xiaomi Mi Series,Xiaomi,,,Xia175G12R256Blu-AU,,,,,,,,https://buymobile.com.au/products/xiaomi-17-dual-sim-12gb-ram-256gb-5g?variant=44446430330995,https://spectronic.com.au/product/xiaomi-17-5g-256gb-12gb-ram-ice-blue-dual-sim-global-version/,https://bestmobilephone.com.au/xiaomi-17-5g-12gb-256gb-dual-sim-ice-blue-global-version/,,#N/A
"Xiaomi 17 Dual SIM 5G (12GB RAM, 256GB, Venture Green) - Brand New",Xiaomi Mi Series,Xiaomi,,,Xia175G12R256Grn-AU,,,,,,,,https://buymobile.com.au/products/xiaomi-17-dual-sim-12gb-ram-256gb-5g?variant=44446430363763,https://spectronic.com.au/product/xiaomi-17-5g-256gb-12gb-ram-venture-green-dual-sim-global-version/,https://bestmobilephone.com.au/xiaomi-17-5g-12gb-256gb-dual-sim-venture-green-global-version/,,#N/A
"Xiaomi 17 Dual SIM 5G (12GB RAM, 512GB, Black) - Brand New",Xiaomi Mi Series,Xiaomi,,,Xia175G12R512Blk-AU,,,,,,,,,https://spectronic.com.au/product/xiaomi-17-5g-512gb-12gb-ram-black-dual-sim-global-version/,https://bestmobilephone.com.au/xiaomi-17-5g-12gb-512gb-dual-sim-black-global-version/,https://www.amazon.com.au/dp/B0GJ5T6RZN,"1,593.90"
"Xiaomi 17 Dual SIM 5G (12GB RAM, 512GB, Ice Blue) - Brand New",Xiaomi Mi Series,Xiaomi,,,Xia175G12R512Blu-AU,,,,,,,,,https://spectronic.com.au/product/xiaomi-17-5g-512gb-12gb-ram-ice-blue-dual-sim-global-version/,https://bestmobilephone.com.au/xiaomi-17-5g-12gb-512gb-dual-sim-ice-blue-global-version/,https://www.amazon.com.au/dp/B0GJ61VKJD,"1,593.90"
"Xiaomi 17 Dual SIM 5G (12GB RAM, 512GB, Venture Green) - Brand New",Xiaomi Mi Series,Xiaomi,,,Xia175G12R512Grn-AU,,,,,,,,,https://spectronic.com.au/product/xiaomi-17-5g-512gb-12gb-ram-venture-green-dual-sim-global-version/,https://bestmobilephone.com.au/xiaomi-17-5g-12gb-512gb-dual-sim-venture-green-global-version/,,#N/A
"Xiaomi 17 Dual SIM 5G (12GB RAM, 512GB, Alpine Pink) - Brand New",Xiaomi Mi Series,Xiaomi,,,Xia175G12R512Pnk-AU,,,,,,,,,,https://bestmobilephone.com.au/xiaomi-17-5g-12gb-512gb-dual-sim-alpine-pink-global-version/,,#N/A
"Xiaomi 17 Ultra Dual SIM 5G (16GB RAM, 512GB, Black) - Brand New",Xiaomi Mi Series,Xiaomi,,,Xia17Ult5G16R512Blk-AU,,,,,,,,,https://spectronic.com.au/product/xiaomi-17-ultra-5g-512gb-16gb-ram-black-dual-sim-global-version/,https://bestmobilephone.com.au/xiaomi-17-ultra-5g-16gb-512gb-dual-sim-black-global-version/,https://www.amazon.com.au/dp/B08N5S8CB6,"2,119.45"
"Xiaomi 17 Ultra Dual SIM 5G (16GB RAM, 512GB, Starlit Green) - Brand New",Xiaomi Mi Series,Xiaomi,,,Xia17Ult5G16R512Grn-AU,,,,,,,,,https://spectronic.com.au/product/xiaomi-17-ultra-5g-512gb-16gb-ram-starry-green-dual-sim-global-version/,https://bestmobilephone.com.au/xiaomi-17-ultra-5g-16gb-512gb-dual-sim-starry-green-global-version/,https://www.amazon.com.au/dp/B0G4BDXCCD,"2,119.45"
"Xiaomi 17 Ultra Dual SIM 5G (16GB RAM, 512GB, White) - Brand New",Xiaomi Mi Series,Xiaomi,,,Xia17Ult5G16R512Wht-AU,,,,,,,,,https://spectronic.com.au/product/xiaomi-17-ultra-5g-512gb-16gb-ram-white-dual-sim-global-version/,https://bestmobilephone.com.au/xiaomi-17-ultra-5g-16gb-512gb-dual-sim-white-global-version/,https://www.amazon.com.au/dp/B0G4BH97ZW,"2,119.45"
"Xiaomi 17 Ultra Dual SIM 5G (16GB RAM, 1TB, Black) - Brand New",Xiaomi Mi Series,Xiaomi,,,Xia17Ult5G16R1TBBlk-AU,,,,,,,,,https://spectronic.com.au/product/xiaomi-17-ultra-5g-1tb-16gb-ram-black-dual-sim-global-version/,https://bestmobilephone.com.au/xiaomi-17-ultra-5g-16gb-1tb-dual-sim-black-global-version/,https://www.amazon.com.au/dp/B0G4BB3JPV,"2,333.35"
"Xiaomi 17 Ultra Dual SIM 5G (16GB RAM, 1TB, Starlit Green) - Brand New",Xiaomi Mi Series,Xiaomi,,,Xia17Ult5G16R1TBGrn-AU,,,,,,,,,https://spectronic.com.au/product/xiaomi-17-ultra-5g-1tb-16gb-ram-starry-green-dual-sim-global-version/,https://bestmobilephone.com.au/xiaomi-17-ultra-5g-16gb-1tb-dual-sim-starry-green-global-version/,https://www.amazon.com.au/dp/B0G4BR4XR6,"2,333.35"
"Xiaomi 17 Ultra Dual SIM 5G (16GB RAM, 1TB, White) - Brand New",Xiaomi Mi Series,Xiaomi,,,Xia17Ult5G16R1TBWht-AU,,,,,,,,,https://spectronic.com.au/product/xiaomi-17-ultra-5g-1tb-16gb-ram-white-dual-sim-global-version/,https://bestmobilephone.com.au/xiaomi-17-ultra-5g-16gb-1tb-dual-sim-white-global-version/,https://www.amazon.com.au/dp/B0G4BR7ZHD,"2,309.20"
"Nubia RedMagic 11 Air 5G (12GB RAM, 256GB, Phantom) - Brand New",Nubia,Nubia,,,NubRM11Air12R256Pha-AU,,,,,,,,,https://spectronic.com.au/product/nubia-redmagic-11-air-5g-256gb-12gb-ram-phantom-dual-sim/,https://bestmobilephone.com.au/zte-nubia-redmagic-11-air-5g-dual-sim-12gb-256gb-phantom-nx799j-global-version/,https://www.amazon.com.au/dp/B0GDXNLZZ1,899.00
"Nubia RedMagic 11 Air 5G (12GB RAM, 256GB, Prism) - Brand New",Nubia,Nubia,,,NubRM11Air12R256Prs-AU,,,,,,,,,https://spectronic.com.au/product/nubia-redmagic-11-air-5g-256gb-12gb-ram-prism-dual-sim/,https://bestmobilephone.com.au/zte-nubia-redmagic-11-air-5g-dual-sim-12gb-256gb-prism-nx799j-global-version/,https://www.amazon.com.au/dp/B0GDXFJZ12,799.69
"Nubia RedMagic 11 Air 5G (16GB RAM, 512GB, Phantom) - Brand New",Nubia,Nubia,,,NubRM11Air16R512Pha-AU,,,,,,,,https://buymobile.com.au/products/nubia-red-magic-11-air-dual-sim-16gb-ram-512gb-5g?variant=44887856611443,https://spectronic.com.au/product/nubia-redmagic-11-air-5g-512gb-16gb-ram-phantom-dual-sim/,https://bestmobilephone.com.au/zte-nubia-redmagic-11-air-5g-dual-sim-12gb-256gb-prism-nx799j-global-version/,https://www.amazon.com.au/dp/B0GDXNG5BD,959.00
"Nubia RedMagic 11 Air 5G (16GB RAM, 512GB, Prism) - Brand New",Nubia,Nubia,,,NubRM11Air16R512Prs-AU,,,,,,,,https://buymobile.com.au/products/nubia-red-magic-11-air-dual-sim-16gb-ram-512gb-5g?variant=44887856644211,https://spectronic.com.au/product/nubia-redmagic-11-air-5g-512gb-16gb-ram-prism-dual-sim/,https://bestmobilephone.com.au/zte-nubia-redmagic-11-air-5g-dual-sim-16gb-512gb-prism-nx799j-global-version/,https://www.amazon.com.au/dp/B0GDXHTYQR,959.00
"OnePlus 15R 5G (12GB RAM, 512GB, Mint Breeze) - Brand New",Oneplus 15 Series,OnePlus,,,OnePls15R5G12R512Mnt-AU,,,,,,,,,,https://bestmobilephone.com.au/oneplus-15r-5g-dual-sim-12gb-512gb-mint-breeze-cph2769-global-version/,,#N/A
"Nothing Phone (4a) Dual SIM 5G (8GB RAM, 128GB, Black) - Brand New",Nothing Phone,NOTHING,,,NotPhn4a8R128Blk-AU,,,,,,https://www.jbhifi.com.au/products/nothing-phone-4a-5g-8128gb-black,,,,,https://www.amazon.com.au/dp/B0GMRLYTQT,#N/A
"Nothing Phone (4a) Dual SIM 5G (8GB RAM, 128GB, White) - Brand New",Nothing Phone,NOTHING,,,NotPhn4a8R128Wht-AU,,,,,,https://www.jbhifi.com.au/products/nothing-phone-4a-5g-8128gb-white,,,,,https://www.amazon.com.au/dp/B0GMRKBR9C,#N/A
"Nothing Phone (4a) Dual SIM 5G (8GB RAM, 256GB, White) - Brand New",Nothing Phone,NOTHING,,,NotPhn4a8R256Wht-AU,,,,,,https://www.jbhifi.com.au/products/nothing-phone-4a-5g-8256gb-white,,,,,https://www.amazon.com.au/dp/B0GQGLVVX6,#N/A
"Nothing Phone (4a) Dual SIM 5G (12GB RAM, 256GB, Black) - Brand New",Nothing Phone,NOTHING,,,NotPhn4a12R256Blk-AU,,,,,,https://www.jbhifi.com.au/products/nothing-phone-4a-5g-12256gb-black,,,,,https://www.amazon.com.au/dp/B0GMRS7Z98,#N/A
"Nothing Phone (4a) Dual SIM 5G (12GB RAM, 256GB, White) - Brand New",Nothing Phone,NOTHING,,,NotPhn4a12R256Wht-AU,,,,,,https://www.jbhifi.com.au/products/nothing-phone-4a-5g-12256gb-white,,,,,https://www.amazon.com.au/dp/B0GMR9G1CF,#N/A
"Xiaomi Poco X8 Pro 5G (8GB RAM, 256GB, Black) - Brand New",Xiaomi Poco Series,Xiaomi,,,XiaPocX8Pro8R256Blk-AU,,,,,,,,,,https://bestmobilephone.com.au/poco-x8-pro-dual-sim-5g-8gb-256gb-black-global-version/,,#N/A
"Xiaomi Poco X8 Pro 5G (8GB RAM, 256GB, Mint Green) - Brand New",Xiaomi Poco Series,Xiaomi,,,XiaPocX8Pro8R256Grn-AU,,,,,,,,,,https://bestmobilephone.com.au/poco-x8-pro-dual-sim-5g-8gb-256gb-mint-green-global-version/,,#N/A
"Xiaomi Poco X8 Pro 5G (8GB RAM, 256GB, White) - Brand New",Xiaomi Poco Series,Xiaomi,,,XiaPocX8Pro8R256Wht-AU,,,,,,,,,,https://bestmobilephone.com.au/poco-x8-pro-dual-sim-5g-8gb-256gb-white-global-version/,,#N/A
"Xiaomi Poco X8 Pro 5G (8GB RAM, 512GB, Black) - Brand New",Xiaomi Poco Series,Xiaomi,,,XiaPocX8Pro8R512Blk-AU,,,,,,,,,,https://bestmobilephone.com.au/poco-x8-pro-dual-sim-5g-8gb-512gb-black-global-version/,https://www.amazon.com.au/dp/B0GHNMMFQT,595.71
"Xiaomi Poco X8 Pro 5G (8GB RAM, 512GB, Mint Green) - Brand New",Xiaomi Poco Series,Xiaomi,,,XiaPocX8Pro8R512Grn-AU,,,,,,,,,,https://bestmobilephone.com.au/poco-x8-pro-dual-sim-5g-8gb-512gb-mint-green-global-version/,https://www.amazon.com.au/dp/B0GHNT3Y46,557.20
"Xiaomi Poco X8 Pro 5G (8GB RAM, 512GB, White) - Brand New",Xiaomi Poco Series,Xiaomi,,,XiaPocX8Pro8R512Wht-AU,,,,,,,,,,https://bestmobilephone.com.au/poco-x8-pro-dual-sim-5g-8gb-512gb-white-global-version/,https://www.amazon.com.au/dp/B0GHNJGPC2,569.14
"Xiaomi Poco X8 Pro 5G (12GB RAM, 512GB, Black) - Brand New",Xiaomi Poco Series,Xiaomi,,,XiaPocX8Pro12R512Blk-AU,,,,,,,,,,,,#N/A
"Xiaomi Poco X8 Pro 5G (12GB RAM, 512GB, Mint Green) - Brand New",Xiaomi Poco Series,Xiaomi,,,XiaPocX8Pro12R512Grn-AU,,,,,,,,,,,,#N/A
"Xiaomi Poco X8 Pro 5G (12GB RAM, 512GB, White) - Brand New",Xiaomi Poco Series,Xiaomi,,,XiaPocX8Pro12R512Wht-AU,,,,,,,,,,,,#N/A
"Xiaomi Poco X8 Pro Max 5G (12GB RAM, 256GB, Black) - Brand New",Xiaomi Poco Series,Xiaomi,,,XiaPocX8ProMax12R256Blk-AU,,,,,,,,,,,https://www.amazon.com.au/dp/B0GHNHKZVN,704.71
"Xiaomi Poco X8 Pro Max 5G (12GB RAM, 256GB, Blue) - Brand New",Xiaomi Poco Series,Xiaomi,,,XiaPocX8ProMax12R256Blu-AU,,,,,,,,,,,https://www.amazon.com.au/dp/B07QW6QSCW,681.04
"Xiaomi Poco X8 Pro Max 5G (12GB RAM, 256GB, White) - Brand New",Xiaomi Poco Series,Xiaomi,,,XiaPocX8ProMax12R256Wht-AU,,,,,,,,,,,,#N/A
"Xiaomi Poco X8 Pro Max 5G (12GB RAM, 512GB, Black) - Brand New",Xiaomi Poco Series,Xiaomi,,,XiaPocX8ProMax12R512Blk-AU,,,,,,,,,,https://bestmobilephone.com.au/poco-x8-pro-max-dual-sim-5g-12gb-512gb-black-global-version/,https://www.amazon.com.au/dp/B0GHNTDPBV,757.70
"Xiaomi Poco X8 Pro Max 5G (12GB RAM, 512GB, Blue) - Brand New",Xiaomi Poco Series,Xiaomi,,,XiaPocX8ProMax12R512Blu-AU,,,,,,,,,,https://bestmobilephone.com.au/poco-x8-pro-max-dual-sim-5g-12gb-512gb-blue-global-version/,https://www.amazon.com.au/dp/B0GHNJYM16,760.92
"Xiaomi Poco X8 Pro Max 5G (12GB RAM, 512GB, White) - Brand New",Xiaomi Poco Series,Xiaomi,,,XiaPocX8ProMax12R512Wht-AU,,,,,,,,,,https://bestmobilephone.com.au/poco-x8-pro-max-dual-sim-5g-12gb-512gb-white-global-version/,https://www.amazon.com.au/dp/B0GHN3P6X1,757.70
"Xiaomi Pad 8 Wifi (8GB RAM, 256GB, Blue) - Brand New",Xiaomi Pad,Xiaomi,,,XiaPad8WF8R256Blu-AU,,,,,,,,,,https://bestmobilephone.com.au/xiaomi-pad-8-8gb-256gb-blue-global-version/,,#N/A
"Xiaomi Pad 8 Wifi (8GB RAM, 256GB, Gray) - Brand New",Xiaomi Pad,Xiaomi,,,XiaPad8WF8R256Gry-AU,,,,,,,,,,https://bestmobilephone.com.au/xiaomi-pad-8-8gb-256gb-gray-global-version/,,#N/A
"Xiaomi Pad 8 Wifi (8GB RAM, 256GB, Green) - Brand New",Xiaomi Pad,Xiaomi,,,XiaPad8WF8R256Grn-AU,,,,,,,,,,https://bestmobilephone.com.au/xiaomi-pad-8-8gb-256gb-pine-green-global-version/,,#N/A
"Xiaomi Pad 8 Wifi (12GB RAM, 256GB, Blue) - Brand New",Xiaomi Pad,Xiaomi,,,XiaPad8WF12R256Blu-AU,,,,,,,,,,https://bestmobilephone.com.au/xiaomi-pad-8-12gb-256gb-blue-global-version/,,#N/A
"Xiaomi Pad 8 Wifi (12GB RAM, 256GB, Gray) - Brand New",Xiaomi Pad,Xiaomi,,,XiaPad8WF12R256Gry-AU,,,,,,,,,,https://bestmobilephone.com.au/xiaomi-pad-8-12gb-256gb-gray-global-version/,,#N/A
"Xiaomi Pad 8 Wifi (12GB RAM, 256GB, Green) - Brand New",Xiaomi Pad,Xiaomi,,,XiaPad8WF12R256Grn-AU,,,,,,,,,,https://bestmobilephone.com.au/xiaomi-pad-8-12gb-256gb-pine-green-global-version/,,#N/A
"Xiaomi Pad 8 Pro Wifi (8GB RAM, 256GB, Blue) - Brand New",Xiaomi Pad,Xiaomi,,,XiaPad8ProWF8R256Blu-AU,,,,,,,,,,https://bestmobilephone.com.au/xiaomi-pad-8-pro-8gb-256gb-blue-global-version/,,#N/A
"Xiaomi Pad 8 Pro Wifi (8GB RAM, 256GB, Gray) - Brand New",Xiaomi Pad,Xiaomi,,,XiaPad8ProWF8R256Gry-AU,,,,,,,,,,https://bestmobilephone.com.au/xiaomi-pad-8-pro-8gb-256gb-gray-global-version/,,#N/A
"Xiaomi Pad 8 Pro Wifi (8GB RAM, 256GB, Green) - Brand New",Xiaomi Pad,Xiaomi,,,XiaPad8ProWF8R256Grn-AU,,,,,,,,,,https://bestmobilephone.com.au/xiaomi-pad-8-pro-8gb-256gb-pine-green-global-version/,,#N/A
"Xiaomi Pad 8 Pro Wifi (12GB RAM, 512GB, Blue) - Brand New",Xiaomi Pad,Xiaomi,,,XiaPad8ProWF12R512Blu-AU,,,,,,,,,,https://bestmobilephone.com.au/xiaomi-pad-8-pro-12gb-512gb-blue-global-version/,,#N/A
"Xiaomi Pad 8 Pro Wifi (12GB RAM, 512GB, Gray) - Brand New",Xiaomi Pad,Xiaomi,,,XiaPad8ProWF12R512Gry-AU,,,,,,,,,,https://bestmobilephone.com.au/xiaomi-pad-8-pro-12gb-512gb-gray-global-version/,,#N/A
"Xiaomi Pad 8 Pro Wifi (12GB RAM, 512GB, Green) - Brand New",Xiaomi Pad,Xiaomi,,,XiaPad8ProWF12R512Grn-AU,,,,,,,,,,https://bestmobilephone.com.au/xiaomi-pad-8-pro-12gb-512gb-pine-green-global-version/,,#N/A
"Nothing Phone (4a Pro) Dual SIM 5G (12GB RAM, 256GB, Black) - Brand New",Nothing Phone,NOTHING,,,NotPhn4aPro5G12R256Blk-AU,,,,,,https://www.jbhifi.com.au/products/nothing-phone-4a-pro-5g-12256gb-black,,https://buymobile.com.au/products/nothing-phone-4a-pro-a069p-dual-sim-12gb-ram-256gb-5g?variant=44460770230387,,,,#N/A
"Nothing Phone (4a Pro) Dual SIM 5G (12GB RAM, 256GB, Silver) - Brand New",Nothing Phone,NOTHING,,,NotPhn4aPro5G12R256Slv-AU,,,,,,https://www.jbhifi.com.au/products/nothing-phone-4a-pro-5g-12256gb-silver,,https://buymobile.com.au/products/nothing-phone-4a-pro-a069p-dual-sim-12gb-ram-256gb-5g?variant=44460770295923,,,,#N/A
"Samsung Galaxy Tab A11 8.7 Wifi (8GB RAM, 128GB, Gray) - Brand New",Samsung Galaxy Tab A Series,Samsung,,,SGalTabA1187WF8R128Gy-AU,,,,,,,,,,,https://www.amazon.com.au/dp/B0FWSTW4ZD,#N/A
"Samsung Galaxy Tab A11 8.7 Wifi (8GB RAM, 128GB, Silver) - Brand New",Samsung Galaxy Tab A Series,Samsung,,,SGalTabA1187WF8R128Sv-AU,,,,,,,,,,,https://www.amazon.com.au/dp/B0G2RMHJP1,#N/A
"Samsung Galaxy Tab A11 8.7 (8GB RAM, 128GB, Gray) - Brand New",Samsung Galaxy Tab A Series,Samsung,,,SGalTabA11874G8R128Gy-AU,,,,,,,,,,,https://www.amazon.com.au/dp/B0FWS5N9Q6,#N/A
"Samsung Galaxy Tab A11 8.7 (8GB RAM, 128GB, Silver) - Brand New",Samsung Galaxy Tab A Series,Samsung,,,SGalTabA11874G8R128Sv-AU,,,,,,,,,,,,#N/A
"Nothing Phone (4a Pro) Dual SIM 5G (12GB RAM, 256GB, Pink) - Brand New",Nothing Phone,NOTHING,,,NotPhn4aPro5G12R256Pnk-AU,,,,,,https://www.jbhifi.com.au/products/nothing-phone-4a-pro-5g-12256gb-pink,,https://buymobile.com.au/products/nothing-phone-4a-pro-a069p-dual-sim-12gb-ram-256gb-5g?variant=44460770263155,,,,#N/A
"Nothing Phone (4a) Dual SIM 5G (12GB RAM, 256GB, Pink) - Brand New",Nothing Phone,NOTHING,,,NotPhn4a12R256Pnk-AU,,,,,,https://www.jbhifi.com.au/products/nothing-phone-4a-5g-12256gb-pink,,https://buymobile.com.au/products/nothing-phone-4a-a069-dual-sim-12gb-ram-256gb-5g?variant=44460770164851,,,https://www.amazon.com.au/dp/B0GMRMJJCQ,#N/A
"Google Pixel Watch Series 4 (41mm, Champagne Gold Aluminium Case/Lemongrass Active Band) - Brand New",Google Pixel Watches,Google,,,GooPixWat441Lmn-AU,,,,,,https://www.jbhifi.com.au/products/google-pixel-watch-4-wi-fi-41mm-champagne-gold-with-lemongrass-active-band,,https://buymobile.com.au/products/google-pixel-watch-4-41mm-bluetooth-wi-fi?variant=43979223203955,,,,#N/A
"Google Pixel Watch Series 4 (41mm, Matte Black Aluminium Case/Obsidian Active Band) - Brand New",Google Pixel Watches,Google,,,GooPixWat441Obs-AU,,,,,,https://www.jbhifi.com.au/products/google-pixel-watch-4-wi-fi-41mm-matte-black-with-obsidian-active-band,,https://buymobile.com.au/products/google-pixel-watch-4-41mm-bluetooth-wi-fi?variant=43979223236723,,,,#N/A
"Google Pixel Watch Series 4 (41mm, Polished Silver Aluminium Case/Iris Active Band) - Brand New",Google Pixel Watches,Google,,,GooPixWat441Irs-AU,,,,,,https://www.jbhifi.com.au/products/google-pixel-watch-4-wi-fi-41mm-polished-silver-with-iris-active-band,,,,,,#N/A
"Google Pixel Watch Series 4 (41mm, Polished Silver Aluminium Case/Porcelain Active Band) - Brand New",Google Pixel Watches,Google,,,GooPixWat441Por-AU,,,,,,https://www.jbhifi.com.au/products/google-pixel-watch-4-wi-fi-41mm-polished-silver-with-porcelain-active-band,,https://buymobile.com.au/products/google-pixel-watch-4-41mm-bluetooth-wi-fi?variant=43979223269491,,,,#N/A
"Google Pixel Watch Series 4 (45mm, Matte Black Aluminium Case/Obsidian Active Band) - Brand New",Google Pixel Watches,Google,,,GooPixWat445Obs-AU,,,,,,https://www.jbhifi.com.au/products/google-pixel-watch-4-wi-fi-45mm-matte-black-with-obsidian-active-band,,,,,,#N/A
"Google Pixel Watch Series 4 (45mm, Polished Silver Aluminium Case/Porcelain Active Band) - Brand New",Google Pixel Watches,Google,,,GooPixWat445Por-AU,,,,,,https://www.jbhifi.com.au/products/google-pixel-watch-4-wi-fi-45mm-polished-silver-aluminum-with-porcelain-active-band,,,,,,#N/A
"Apple Watch Series 11 (MEQT4, 42mm, Jet Black S/M) - Brand New",Apple Watch Series 11,Apple,,,AppWat11MEQT442BlkSM-AU,,,,,,https://www.jbhifi.com.au/products/apple-watch-series-11-42mm-jet-black-aluminium-case-gps-sport-band-s-m-black,,,,,,#N/A
"Apple Watch Series 11 (MEQU4, 42mm, Jet Black M/L) - Brand New",Apple Watch Series 11,Apple,,,AppWat11MEQU442BlkML-AU,,,,,,https://www.jbhifi.com.au/products/apple-watch-series-11-42mm-jet-black-aluminium-case-gps-sport-band-m-l-black,,,,,,#N/A
"Apple Watch Series 11 (MEU04, 42mm, Rose Gold S/M) - Brand New",Apple Watch Series 11,Apple,,,AppWat11MEU0442RosSM-AU,,,,,,https://www.jbhifi.com.au/products/apple-watch-series-11-42mm-rose-gold-aluminium-case-gps-sport-band-s-m-light-blush,,,,,,#N/A
"Apple Watch Series 11 (MEQW4, 42mm, Space Grey S/M) - Brand New",Apple Watch Series 11,Apple,,,AppWat11MEQW442GrySM-AU,,,,,,https://www.jbhifi.com.au/products/apple-watch-series-11-42mm-space-grey-aluminium-case-gps-sport-band-s-m-black,,,,,,#N/A
"Apple Watch Series 11 Cellular (MF854, 42mm, Jet Black M/L) - Brand New",Apple Watch Series 11,Apple,,,AppWat11CelMF85442BlkML-AU,,,,,,https://www.jbhifi.com.au/products/apple-watch-series-11-42mm-jet-black-aluminium-case-gps-cellular-sport-band-m-l-black,,,,,,#N/A
"Apple Watch Series 11 Cellular (MF9E4, 42mm, Rose Gold S/M) - Brand New",Apple Watch Series 11,Apple,,,AppWat11CelMF9E442RosSM-AU,,,,,,,https://www.mobileciti.com.au/apple-watch-series-11-gps-cellular-42mm-rose-gold-aluminium-case-w-light-blush-sports-band-s-m,,,,,#N/A
"Apple Watch Series 11 (MEUX4, 46mm, Jet Black M/L) - Brand New",Apple Watch Series 11,Apple,,,AppWat11MEUX446BlkML-AU,,,,,,https://www.jbhifi.com.au/products/apple-watch-series-11-46mm-jet-black-aluminium-case-gps-sport-band-m-l-black,,,,,,#N/A
"Apple Watch Series 11 (MEUW4, 46mm, Jet Black S/M) - Brand New",Apple Watch Series 11,Apple,,,AppWat11MEUW446BlkSM-AU,,,,,,https://www.jbhifi.com.au/products/apple-watch-series-11-46mm-jet-black-aluminium-case-gps-sport-band-s-m-black,,,,,,#N/A
"Apple Watch Series 11 (MEV74, 46mm, Rose Gold M/L) - Brand New",Apple Watch Series 11,Apple,,,AppWat11MEV7446RosML-AU,,,,,,https://www.jbhifi.com.au/products/apple-watch-series-11-46mm-rose-gold-aluminium-case-gps-sport-band-m-l-light-blush,,,,,,#N/A
"Apple Watch Series 11 (MEV64, 46mm, Rose Gold S/M) - Brand New",Apple Watch Series 11,Apple,,,AppWat11MEV6446RosSM-AU,,,,,,https://www.jbhifi.com.au/products/apple-watch-series-11-46mm-rose-gold-aluminium-case-gps-sport-band-s-m-light-blush,,,,,,#N/A
"Apple Watch Series 11 (MEVA4, 46mm, Silver M/L) - Brand New",Apple Watch Series 11,Apple,,,AppWat11MEVA446SlvML-AU,,,,,,https://www.jbhifi.com.au/products/apple-watch-series-11-46mm-silver-aluminium-case-gps-sport-band-m-l-purple-fog,,,,,,#N/A
"Apple Watch Series 11 (MEV94, 46mm, Silver S/M) - Brand New",Apple Watch Series 11,Apple,,,AppWat11MEV9446SlvSM-AU,,,,,,https://www.jbhifi.com.au/products/apple-watch-series-11-46mm-silver-aluminium-case-gps-sport-band-s-m-purple-fog,,,,,,#N/A
"Apple Watch Series 11 (MEV44, 46mm, Space Grey M/L) - Brand New",Apple Watch Series 11,Apple,,,AppWat11MEV4446GryML-AU,,,,,,https://www.jbhifi.com.au/products/apple-watch-series-11-46mm-space-grey-aluminium-case-gps-sport-band-m-l-black,,,,,,#N/A
"Apple iPhone 17e (8GB RAM, 256GB, Black) - Brand New",Apple iPhone 17 Series,Apple,,,AppiPn17e8R256Blk-AU,,,,,,https://www.jbhifi.com.au/products/apple-iphone-17e-256gb-black,,,,,,#N/A
"Apple iPhone 17e (8GB RAM, 256GB, Soft Pink) - Brand New",Apple iPhone 17 Series,Apple,,,AppiPn17e8R256Pnk-AU,,,,,,https://www.jbhifi.com.au/products/apple-iphone-17e-256gb-soft-pink,,,,,,#N/A
"Apple iPhone 17e (8GB RAM, 256GB, White) - Brand New",Apple iPhone 17 Series,Apple,,,AppiPn17e8R256Wht-AU,,,,,,https://www.jbhifi.com.au/products/apple-iphone-17e-256gb-white,,,,,,#N/A
"Apple iPhone 17e (8GB RAM, 512GB, Black) - Brand New",Apple iPhone 17 Series,Apple,,,AppiPn17e8R512Blk-AU,,,,,,https://www.jbhifi.com.au/products/apple-iphone-17e-512gb-black,,,,,,#N/A
"Apple iPhone 17e (8GB RAM, 512GB, Soft Pink) - Brand New",Apple iPhone 17 Series,Apple,,,AppiPn17e8R512Pnk-AU,,,,,,https://www.jbhifi.com.au/products/apple-iphone-17e-512gb-soft-pink,,,,,,#N/A
"Apple iPhone 17e (8GB RAM, 512GB, White) - Brand New",Apple iPhone 17 Series,Apple,,,AppiPn17e8R512Wht-AU,,,,,,https://www.jbhifi.com.au/products/apple-iphone-17e-512gb-white,,,,,,#N/A
"Samsung Galaxy A57 Dual SIM 5G (12GB RAM, 256GB, Gray) - Brand New",Samsung Galaxy A Series,Samsung,,,SamGalA575G12R256Gry-AU,,,,,,,,https://buymobile.com.au/products/samsung-galaxy-a57-a576b-ds-dual-sim-12gb-ram-256gb-5g?variant=44887856480371,,,,#N/A
"Samsung Galaxy A57 Dual SIM 5G (12GB RAM, 256GB, Iceblue) - Brand New",Samsung Galaxy A Series,Samsung,,,SamGalA575G12R256Blu-AU,,,,,,,,https://buymobile.com.au/products/samsung-galaxy-a57-a576b-ds-dual-sim-12gb-ram-256gb-5g?variant=44887856513139,,https://bestmobilephone.com.au/samsung-galaxy-a57-5g-12gb-256gb-awesome-icyblue-dual-sim-esim-support/,,#N/A
"Samsung Galaxy A57 Dual SIM 5G (12GB RAM, 256GB, Lilac) - Brand New",Samsung Galaxy A Series,Samsung,,,SamGalA575G12R256Lil-AU,,,,,,,https://www.mobileciti.com.au/samsung-galaxy-a57-5g-256gb-purple,https://buymobile.com.au/products/samsung-galaxy-a57-a576b-ds-dual-sim-12gb-ram-256gb-5g?variant=44887856545907,,https://bestmobilephone.com.au/samsung-galaxy-a57-5g-12gb-256gb-awesome-lilac-dual-sim-esim-support/,,#N/A
"Samsung Galaxy A57 Dual SIM 5G (12GB RAM, 256GB, Navy) - Brand New",Samsung Galaxy A Series,Samsung,,,SamGalA575G12R256Nav-AU,,,,,,,https://www.mobileciti.com.au/samsung-galaxy-a57-5g-256gb-navy,https://buymobile.com.au/products/samsung-galaxy-a57-a576b-ds-dual-sim-12gb-ram-256gb-5g?variant=44887856578675,,,,#N/A
"Samsung Galaxy A37 Dual SIM 5G (8GB RAM, 256GB, Charcoal) - Brand New",Samsung Galaxy A Series,Samsung,,,SamGalA375G8R256Chr-AU,,,,,,,,https://buymobile.com.au/products/samsung-galaxy-a37-a376b-ds-dual-sim-8gb-ram-256gb-5g?variant=44887856349299,,,,#N/A
"Samsung Galaxy A37 Dual SIM 5G (8GB RAM, 256GB, Graygreen) - Brand New",Samsung Galaxy A Series,Samsung,,,SamGalA375G8R256Gry-AU,,,,,,,,https://buymobile.com.au/products/samsung-galaxy-a37-a376b-ds-dual-sim-8gb-ram-256gb-5g?variant=44887856382067,,,,#N/A
"Samsung Galaxy A37 Dual SIM 5G (8GB RAM, 256GB, Lavender) - Brand New",Samsung Galaxy A Series,Samsung,,,SamGalA375G8R256Lav-AU,,,,,,,,https://buymobile.com.au/products/samsung-galaxy-a37-a376b-ds-dual-sim-8gb-ram-256gb-5g?variant=44887856414835,,,,#N/A
"Samsung Galaxy A37 Dual SIM 5G (8GB RAM, 256GB, White) - Brand New",Samsung Galaxy A Series,Samsung,,,SamGalA375G8R256Wht-AU,,,,,,,,https://buymobile.com.au/products/samsung-galaxy-a37-a376b-ds-dual-sim-8gb-ram-256gb-5g?variant=44887856447603,,,,#N/A
"Nubia Music Dual SIM (4GB RAM, 128GB, Pop Art) - Brand New",Nubia,Nubia,,,NbMs4R128PA-AU,,,,,,,,,,,,#N/A
"Samsung Galaxy A57 Dual SIM 5G (8GB RAM, 128GB, Gray) - Brand New",Samsung Galaxy A Series,Samsung,,,SamGalA575G8R128Gry-AU,,,,,,,,,,,,#N/A
"Samsung Galaxy A57 Dual SIM 5G (8GB RAM, 128GB, Lilac) - Brand New",Samsung Galaxy A Series,Samsung,,,SamGalA575G8R128Lil-AU,,,,,,,https://www.mobileciti.com.au/samsung-galaxy-a57-5g-128gb-purple,,,,,#N/A
"Samsung Galaxy A57 Dual SIM 5G (8GB RAM, 128GB, Navy) - Brand New",Samsung Galaxy A Series,Samsung,,,SamGalA575G8R128Nav-AU,,,,,,,https://www.mobileciti.com.au/samsung-galaxy-a57-5g-128gb-navy,,,,,#N/A
"Samsung Galaxy A57 Dual SIM 5G (8GB RAM, 256GB, Iceblue) - Brand New",Samsung Galaxy A Series,Samsung,,,SamGalA575G8R256Blu-AU,,,,,,,,,https://spectronic.com.au/product/samsung-galaxy-a57-5g-256gb-8gb-ram-awesome-icyblue-dual-sim-global-version-sm-a576/,,,#N/A
"Samsung Galaxy A57 Dual SIM 5G (8GB RAM, 256GB, Lilac) - Brand New",Samsung Galaxy A Series,Samsung,,,SamGalA575G8R256Lil-AU,,,,,,,https://www.mobileciti.com.au/samsung-galaxy-a57-5g-256gb-purple,,https://spectronic.com.au/product/samsung-galaxy-a57-5g-256gb-8gb-ram-awesome-lilac-dual-sim-global-version-sm-a576/,,https://www.amazon.com.au/dp/B0GS12KCV7,720.00
"Samsung Galaxy A57 Dual SIM 5G (8GB RAM, 256GB, Navy) - Brand New",Samsung Galaxy A Series,Samsung,,,SamGalA575G8R256Nav-AU,,,,,,,https://www.mobileciti.com.au/samsung-galaxy-a57-5g-256gb-navy,,,,https://www.amazon.com.au/dp/B0GS19YRGH,720.00
"Samsung Galaxy A57 Dual SIM 5G (12GB RAM, 512GB, Gray) - Brand New",Samsung Galaxy A Series,Samsung,,,SamGalA575G12R512Gry-AU,,,,,,,,,,,,#N/A
"Samsung Galaxy A57 Dual SIM 5G (12GB RAM, 512GB, Iceblue) - Brand New",Samsung Galaxy A Series,Samsung,,,SamGalA575G12R512Blu-AU,,,,,,,,,,,,#N/A
"Samsung Galaxy A57 Dual SIM 5G (12GB RAM, 512GB, Lilac) - Brand New",Samsung Galaxy A Series,Samsung,,,SamGalA575G12R512Lil-AU,,,,,,,,,,,,#N/A
"Samsung Galaxy A57 Dual SIM 5G (12GB RAM, 512GB, Navy) - Brand New",Samsung Galaxy A Series,Samsung,,,SamGalA575G12R512Nav-AU,,,,,,,,,,,,#N/A
"Xiaomi Poco C85 (6GB RAM, 128GB, Green) - Brand New",Xiaomi Poco Series,Xiaomi,,,XiaPocC856R128Grn-AU,,,,,,,,,,,,#N/A
"Xiaomi Poco C85 (8GB RAM, 256GB, Green) - Brand New",Xiaomi Poco Series,Xiaomi,,,XiaPocC858R256Grn-AU,,,,,,,,https://buymobile.com.au/products/xiaomi-poco-c85-dual-sim-8gb-ram-256gb-4g?variant=43772934586483,,,https://www.amazon.com.au/dp/B0GF1TPRVZ,261.01
"Xiaomi Poco C85 (8GB RAM, 256GB, Purple) - Brand New",Xiaomi Poco Series,Xiaomi,,,XiaPocC858R256Prp-AU,,,,,,,,,,,https://www.amazon.com.au/dp/B0FHQG3FFS,185.64
"Asus ROG 9 FE 5G (12GB RAM, 512GB, Phantom Black) - Brand New",Asus ROG Series,Asus,,,AsROG9FE12R512Bk-AU,,,,,,,,,https://spectronic.com.au/product/asus-rog-phone-9-fe-5g-512gb-12gb-ram-phantom-black-global-version/,,,#N/A