SKU;Product Name;link;spec;amazon_price;amazon_title;match_confidence;status;error_message;condition;link_round1
AppleMac2017i581TBHDD-RD-EXD-AU;Apple iMac 2017 (i5, 8GB RAM, 1TB) - Excellent;;;;;0;no_match;;;
AplMac2017i58256GB21-RD-EXD-AU;"Apple iMac 2017 21.5"" (i5, 8GB RAM, 256GB) - Excellent";;;;;0;no_match;;;
iMac2720175ki53482TBFD-RD-EXD-AU;"Apple iMac 2017 27"" (i5, 8GB RAM, 2TB) - Excellent";;;;;0;no_match;;;
iMac2720175ki74282TBFD-RD-EXD-AU;"Apple iMac 2017 27"" (i7, 8GB RAM, 2TB) - Excellent";;;;;0;no_match;;;
iMac21520194Ki5381TBSSD-RD-EXD-AU;"Apple iMac 2019 21.5"" (i5, 8GB RAM, 1TB) - Excellent";;;;;0;no_match;;;
iMac21520194Ki7328512GBSSD-RD-EXD-AU;"Apple iMac 2019 21.5"" (i7, 8GB RAM, 512GB) - Excellent";;;;;0;no_match;;;
AppleMac20205Ki5161TBSSD-RD-EXD-AU;Apple iMac 2020 5K (i5, 16GB RAM, 1TB) - Excellent;;;;;0;no_match;;;
AplMac2021M1162TBBlue824-RD-EXD-AU;Apple iMac 2021 (M1, 16GB RAM, 2TB, Blue) - Excellent;;;;;0;no_match;;;
iMac20218256GB7CGPU24PnR-RD-VR-EXD-AU;Apple iMac 2021 (M1, 8GB RAM, 256GB, 7 Core GPU, Pink Red, 24inc) - Excellent;;;;;0;no_match;;;
ApliMac2421M182567CSlv-RD-EXD-AU;Apple iMac 2021 (M1, 8GB RAM, 256GB, 7 Core GPU, Silver, 24inc) - Excellent;;;;;0;no_match;;;
iMac20218256GB8CGPU24PnR-RD-VR-EXD-AU;Apple iMac 2021 (M1, 8GB RAM, 256GB, 8 Core GPU, Pink Red, 24inc) - Excellent;;;;;0;no_match;;;
ApliMac2421M182568CSlv-RD-EXD-AU;Apple iMac 2021 (M1, 8GB RAM, 256GB, 8 Core GPU, Silver, 24inc) - Excellent;;;;;0;no_match;;;
AplMac2021M18256GBBlue824-RD-EXD-AU;Apple iMac 2021 (M1, 8GB RAM, 256GB, Blue) - Excellent;;;;;0;no_match;;;
ApliMac2421M185128CSlv-RD-EXD-AU;Apple iMac 2021 (M1, 8GB RAM, 512GB, 8 Core GPU, Silver, 24inc) - Excellent;;;;;0;no_match;;;
AplMac2021M18512GBBlue824-RD-EXD-AU;Apple iMac 2021 (M1, 8GB RAM, 512GB, Blue) - Excellent;;;;;0;no_match;;;
iMac21520174Ki73681TBSSD-RD-EXD-AU;"Apple iMac 21.5"" 2017 4K (i7 3.6Ghz, 8GB RAM, 1TB) - Excellent";;;;;0;no_match;;;
iMac21520174Ki7368256GBSSD-RD-EXD-AU;"Apple iMac 21.5"" 2017 4K (i7 3.6Ghz, 8GB RAM, 256GB) - Excellent";;;;;0;no_match;;;
iMac21520194Ki33681TBSSD-RD-EXD-AU;"Apple iMac 21.5"" 2019 4K (i3 3.6Ghz, 8GB RAM, 1TB) - Excellent";;;;;0;no_match;;;
iMac21520194Ki3368256GBSSD-RD-EXD-AU;"Apple iMac 21.5"" 2019 4K (i3 3.6Ghz, 8GB RAM, 256GB) - Excellent";;;;;0;no_match;;;
ApliPd1064GBBlu-RD-VR-EXD-AU;Apple iPad 10 (64GB, Blue) - Excellent;;;;;0;no_match;;;
iPd1064GBWFBlu-VR-ASN-AU;Apple iPad 10 (64GB, Blue) - Pristine;;;;;0;no_match;;;
ApliPd1064GBPnk-RD-VR-EXD-AU;Apple iPad 10 (64GB, Pink) - Excellent;;;;;0;no_match;;;
iMac21520194Ki33681TBSSDAU-RD-VR-EXD-AU;"Apple iMac 21.5"" 2019 4K (i3 3.6Ghz, 8GB RAM, 1TB) AU - Excellent";;;;;0;no_match;;;
iPd1064GBWFBluAS-RD-VR-ASN-AU;Apple iPad 10 (64GB, Blue) AU - Pristine;;;;;0;no_match;;;
ApliPd1064GBYlw-RD-VR-EXD-AU;Apple iPad 10 (64GB, Yellow) - Excellent;;;;;0;no_match;;;
iPd1064GBWFSlv-VR-ASN-AU;Apple iPad 10 (64GB, Silver) - Pristine;;;;;0;no_match;;;
iPd1064GBWFSlvAS-RD-VR-ASN-AU;Apple iPad 10 (64GB, Silver) AU - Pristine;;;;;0;no_match;;;
ipD2Gry16GBCellAS-RD-VR-EXD-AU;Apple iPad 2 Cellular (16GB, Grey) AU - Excellent;;;;;0;no_match;;;
ApliPd1064GBSlv-RD-VR-EXD-AU;Apple iPad 10 (64GB, Silver) - Excellent;;;;;0;no_match;;;
iPad232GBCellGryAS-RD-VR-EXD-AU;Apple iPad 2 Cellular (32GB, Grey) AU - Excellent;;;;;0;no_match;;;
iPd1064GBWFYlw-VR-ASN-AU;Apple iPad 10 (64GB, Yellow) - Pristine;;;;;0;no_match;;;
iPad232GBCellSilAS-RD-VR-EXD-AU;Apple iPad 2 Cellular (32GB, Silver) AU - Excellent;;;;;0;no_match;;;
iPd1064GBWFYlwAS-RD-VR-ASN-AU;Apple iPad 10 (64GB, Yellow) AU - Pristine;;;;;0;no_match;;;
iPad264GBCellGry-RD-VR-EXD-AU;Apple iPad 2 Cellular (64GB, Grey) - Excellent;;;;;0;no_match;;;
iPad232GBWifiBlkAS-RD-VR-EXD-AU;Apple iPad 2 Wifi (32GB, Black) AU - Excellent;;;;;0;no_match;;;
ipD2Gry16GBCell-VR-ASN-AU;Apple iPad 2 Cellular (16GB, Grey) - Pristine;;;;;0;no_match;;;
iPad232GBWifiWhtAS-RD-VR-EXD-AU;Apple iPad 2 Wifi (32GB, White) AU - Excellent;;;;;0;no_match;;;
iPad232GBCellGryAS-VR-ASN-AU;Apple iPad 2 Cellular (32GB, Grey) AU - Pristine;;;;;0;no_match;;;
ipD364GBGryAS-RD-VR-EXD-AU;Apple iPad 3 (64GB, Grey) AU - Excellent;;;;;0;no_match;;;
iPad232GBCellSilAS-VR-ASN-AU;Apple iPad 2 Cellular (32GB, Silver) AU - Pristine;;;;;0;no_match;;;
ipD364GBSilvAS-RD-VR-EXD-AU;Apple iPad 3 (64GB, Silver) AU - Excellent;;;;;0;no_match;;;
iPad264GBCellGry-VR-ASN-AU;Apple iPad 2 Cellular (64GB, Grey) - Pristine;;;;;0;no_match;;;
iPad264GBCellWht-RD-VR-EXD-AU;Apple iPad 2 Cellular (64GB, White) - Excellent;;;;;0;no_match;;;
iPad232GBWifiBlkAS-VR-ASN-AU;Apple iPad 2 Wifi (32GB, Black) AU - Pristine;;;;;0;no_match;;;
IPD3CELL16GBBlkAS-RD-VR-EXD-AU;Apple iPad 3 Cellular (16GB, Black) AU - Excellent;;;;;0;no_match;;;
Ipad332LTEBlkAuStk-RD-VR-EXD-AU;Apple iPad 3 Cellular (32GB, Black) AU - Excellent;;;;;0;no_match;;;
iPad232GBWifiWhtAS-VR-ASN-AU;Apple iPad 2 Wifi (32GB, White) AU - Pristine;;;;;0;no_match;;;
Ipad364LTEBlkAuStk-RD-VR-EXD-AU;Apple iPad 3 Cellular (64GB, Black) AU - Excellent;;;;;0;no_match;;;
ipD364GBGryAS-VR-ASN-AU;Apple iPad 3 (64GB, Grey) AU - Pristine;;;;;0;no_match;;;
iPad4128GBCellBlk-RD-VR-EXD-AU;Apple iPad 4 Cellular (128GB, Black) - Excellent;;;;;0;no_match;;;
ipD364GBSilvAS-VR-ASN-AU;Apple iPad 3 (64GB, Silver) AU - Pristine;;;;;0;no_match;;;
iPad4128GBCellWht-RD-VR-EXD-AU;Apple iPad 4 Cellular (128GB, White) - Excellent;;;;;0;no_match;;;
IPD3CELL16GBBlkAS-VR-ASN-AU;Apple iPad 3 Cellular (16GB, Black) AU - Pristine;;;;;0;no_match;;;
ApliPad4Cel16GBBlk-RD-VR-EXD-AU;Apple iPad 4 Cellular (16GB, Black) - Excellent;;;;;0;no_match;;;
Ipad364LTEBlkAuStk-VR-ASN-AU;Apple iPad 3 Cellular (64GB, Black) AU - Pristine;;;;;0;no_match;;;
ApliPad4Cel16GBWht-RD-VR-EXD-AU;Apple iPad 4 Cellular (16GB, White) - Excellent;;;;;0;no_match;;;
Ipad364LTEWhtAuStk-VR-ASN-AU;Apple iPad 3 Cellular (64GB, White) AU - Pristine;;;;;0;no_match;;;
iPad432GBCellBlkAS-RD-VR-EXD-AU;Apple iPad 4 Cellular (32GB, Black) AU - Excellent;;;;;0;no_match;;;
iPad4128GBCellBlk-VR-ASN-AU;Apple iPad 4 Cellular (128GB, Black) - Pristine;;;;;0;no_match;;;
iPad464GBCellBlkAS-RD-VR-EXD-AU;Apple iPad 4 Cellular (64GB, Black) AU - Excellent;;;;;0;no_match;;;
iPad4128GBCellBlkAS-VR-ASN-AU;Apple iPad 4 Cellular (128GB, Black) AU - Pristine;;;;;0;no_match;;;
iPad464GBCellWhtAS-RD-VR-EXD-AU;Apple iPad 4 Cellular (64GB, White) AU - Excellent;;;;;0;no_match;;;
iPad4128GBCellWht-VR-ASN-AU;Apple iPad 4 Cellular (128GB, White) - Pristine;;;;;0;no_match;;;
iPad416GBBlkAS-RD-VR-EXD-AU;Apple iPad 4 Wifi (16GB, Black) AU - Excellent;;;;;0;no_match;;;
iPad416GBCellBlckAS-VR-ASN-AU;Apple iPad 4 Cellular (16GB, Black) AU - Pristine;;;;;0;no_match;;;
iPad432GBWfBlkAS-RD-VR-EXD-AU;Apple iPad 4 Wifi (32GB, Black) AU - Excellent;;;;;0;no_match;;;
iPad416GBCellWhTAS-VR-ASN-AU;Apple iPad 4 Cellular (16GB, White) AU - Pristine;;;;;0;no_match;;;
iPad432GBWfWhtAS-RD-VR-EXD-AU;Apple iPad 4 Wifi (32GB, White) AU - Excellent;;;;;0;no_match;;;
Ipad364LTEWhtAuStk-VR-EXD-AU;Apple iPad 3 Cellular (64GB, White) AU - Excellent;;;;;0;no_match;;;
iPad464GBWfBlk-RD-VR-EXD-AU;Apple iPad 4 Wifi (64GB, Black) - Excellent;;;;;0;no_match;;;
iPad464GBCellBlkAS-VR-ASN-AU;Apple iPad 4 Cellular (64GB, Black) AU - Pristine;;;;;0;no_match;;;
iPad464GBWfWhtAS-RD-VR-EXD-AU;Apple iPad 4 Wifi (64GB, White) AU - Excellent;;;;;0;no_match;;;
iPad464GBCellWhtAS-VR-ASN-AU;Apple iPad 4 Cellular (64GB, White) AU - Pristine;;;;;0;no_match;;;
Ipad316LTEBlk-RD-EXD-AU;Apple iPad 3 Wifi + Cellular (16GB, Black) - Excellent;;;;;0;no_match;;;
iPad9.7128GBLTESil-RD-VR-EXD-AU;Apple iPad 5 9.7-inch Wifi + Cellular (128GB, Silver) - Excellent;;;;;0;no_match;;;
iPad9.7128GBLTEGry-RD-VR-EXD-AU;Apple iPad 5 9.7-inch Wifi + Cellular (128GB, Space Grey) - Excellent;;;;;0;no_match;;;
iPad416GBBlkAS-VR-ASN-AU;Apple iPad 4 Wifi (16GB, Black) AU - Pristine;;;;;0;no_match;;;
iPad432GBWfBlkAS-VR-ASN-AU;Apple iPad 4 Wifi (32GB, Black) AU - Pristine;;;;;0;no_match;;;
ipad5Cel32GBGld-RD-VR-EXD-AU;Apple iPad 5 Cellular (32GB, Gold) - Excellent;;;;;0;no_match;;;
Ipad332LTEBlk-RD-EXD-AU;Apple iPad 3 Wifi + Cellular (32GB, Black) - Excellent;;;;;0;no_match;;;
Ipad332LTEWht-RD-EXD-AU;Apple iPad 3 Wifi + Cellular (32GB, White) - Excellent;;;;;0;no_match;;;
ipad5Cel32GBSpG-RD-VR-EXD-AU;Apple iPad 5 Cellular (32GB, Space Grey) - Excellent;;;;;0;no_match;;;
iPad464GBWfBlk-VR-ASN-AU;Apple iPad 4 Wifi (64GB, Black) - Pristine;;;;;0;no_match;;;
ipD5WfGold128GB97-RD-VR-EXD-AU;Apple iPad 5 Wifi (128GB, Gold) - Excellent;;;;;0;no_match;;;
iPad464GBWfWhtAS-VR-ASN-AU;Apple iPad 4 Wifi (64GB, White) AU - Pristine;;;;;0;no_match;;;
ipD5WfSlvr128GB97-RD-VR-EXD-AU;Apple iPad 5 Wifi (128GB, Silver) - Excellent;;;;;0;no_match;;;
ipD5WfSpGr128GB97-RD-VR-EXD-AU;Apple iPad 5 Wifi (128GB, Space Grey) - Excellent;;;;;0;no_match;;;
Ipad9.732GBGold-RD-VR-EXD-AU;Apple iPad 5 Wifi (32GB, Gold) - Excellent;;;;;0;no_match;;;
iPad5128GBCellSil-VR-ASN-AU;Apple iPad 5 Cellular (128GB, Silver) - Pristine;;;;;0;no_match;;;
iPad9.732GBWifiSil-RD-VR-EXD-AU;Apple iPad 5 Wifi (32GB, Silver) - Excellent;;;;;0;no_match;;;
iPad5128GBCellGry-VR-ASN-AU;Apple iPad 5 Cellular (128GB, Space Grey) - Pristine;;;;;0;no_match;;;
iPad9.732GBWifiGry-RD-VR-EXD-AU;Apple iPad 5 Wifi (32GB, Space Grey) - Excellent;;;;;0;no_match;;;
iPad9732GBCellSil-VR-ASN-AU;Apple iPad 5 Cellular (32GB, Silver) - Pristine;;;;;0;no_match;;;
Ipad364LTEBlk-RD-EXD-AU;Apple iPad 3 Wifi + Cellular (64GB, Black) - Excellent;;;;;0;no_match;;;
IPD5128WIFIASGld-VR-ASN-AU;Apple iPad 5 Wifi (128GB, Gold) AU - Pristine;;;;;0;no_match;;;
Ipad632GBGld-RD-VR-EXD-AU;Apple iPad 6 Cellular (32GB, Gold) - Excellent;;;;;0;no_match;;;
Ipd9.732GBWfGld-VR-ASN-AU;Apple iPad 5 Wifi (32GB, Gold) - Pristine;;;;;0;no_match;;;
iPd9.732GBWfSil-VR-ASN-AU;Apple iPad 5 Wifi (32GB, Silver) - Pristine;;;;;0;no_match;;;
Ipad364LTEWht-RD-EXD-AU;Apple iPad 3 Wifi + Cellular (64GB, White) - Excellent;;;;;0;no_match;;;
iPad432GBCellBlkAS-VR-ASN-AU;Apple iPad 4 Cellular (32GB, Black) AU - Pristine;;;;;0;no_match;;;
iPd697Cell128GBSil-RD-VR-EXD-AU;"Apple iPad 6 Cellular 9.7"" (128GB, Silver) - Excellent";;;;;0;no_match;;;
iPd697Cell128GBGry-RD-VR-EXD-AU;"Apple iPad 6 Cellular 9.7"" (128GB, Space Grey) - Excellent";;;;;0;no_match;;;
Ipad632GSil-RD-VR-EXD-AU;"Apple iPad 6 Cellular 9.7"" (32GB, Silver) - Excellent";;;;;0;no_match;;;
Ipad632GBGry-RD-VR-EXD-AU;"Apple iPad 6 Cellular 9.7"" (32GB, Space Grey) - Excellent";;;;;0;no_match;;;
ipad6Wifi128GBGold-RD-VR-EXD-AU;Apple iPad 6 Wifi (128GB, Gold) - Excellent;;;;;0;no_match;;;
ipD6Cell128GBGld-VR-ASN-AU;Apple iPad 6 Cellular (128GB, Gold) - Pristine;;;;;0;no_match;;;
ipD6Cell128GBGldAS-VR-ASN-AU;Apple iPad 6 Cellular (128GB, Gold) AU - Pristine;;;;;0;no_match;;;
ipD6Wf97inchSlvr-RD-VR-EXD-AU;Apple iPad 6 Wifi (128GB, Silver) - Excellent;;;;;0;no_match;;;
ipD6Cell128GBSlv-VR-ASN-AU;Apple iPad 6 Cellular (128GB, Silver) - Pristine;;;;;0;no_match;;;
ipD6Wf97SpGr128GB-RD-VR-EXD-AU;Apple iPad 6 Wifi (128GB, Space Grey) - Excellent;;;;;0;no_match;;;
ipD6Wf97Gld32GB-RD-VR-EXD-AU;Apple iPad 6 Wifi (32GB, Gold) - Excellent;;;;;0;no_match;;;
ipD6Cell128GBSlvAS-VR-ASN-AU;Apple iPad 6 Cellular (128GB, Silver) AU - Pristine;;;;;0;no_match;;;
ipD6Wf97Rose32GB-RD-VR-EXD-AU;Apple iPad 6 Wifi (32GB, Rose Gold) - Excellent;;;;;0;no_match;;;
Ipad632GBGld-VR-ASN-AU;Apple iPad 6 Cellular (32GB, Gold) - Pristine;;;;;0;no_match;;;
ipD6Wf97Slv32GB-RD-VR-EXD-AU;Apple iPad 6 Wifi (32GB, Silver) - Excellent;;;;;0;no_match;;;
Ipad632GBSIl-VR-ASN-AU;Apple iPad 6 Cellular (32GB, Silver) - Pristine;;;;;0;no_match;;;
ipD6Wf97SpG32GB-RD-VR-EXD-AU;Apple iPad 6 Wifi (32GB, Space Grey) - Excellent;;;;;0;no_match;;;
Ipad632GBGry-VR-ASN-AU;Apple iPad 6 Cellular (32GB, Space Grey) - Pristine;;;;;0;no_match;;;
ipad102Gld32GBWf-RD-VR-EXD-AU;Apple iPad 7 (32GB, Gold) - Excellent;;;;;0;no_match;;;
iPad432GBWfWhtAS-VR-ASN-AU;Apple iPad 4 Wifi (32GB, White) AU - Pristine;;;;;0;no_match;;;
ipad102SpaceGr32GBWf-RD-VR-EXD-AU;Apple iPad 7 (32GB, Space Grey) - Excellent;;;;;0;no_match;;;
ipD6Wf97inch128GBGry-VR-ASN-AU;Apple iPad 6 Wifi (128GB, Grey) - Pristine;;;;;0;no_match;;;
ipD6Wf97inch128GBRse-VR-ASN-AU;Apple iPad 6 Wifi (128GB, Rose) - Pristine;;;;;0;no_match;;;
ipad102Rose32GBAustckWf-RD-VR-EXD-AU;"Apple iPad 7 10.2"" 2019 Wifi (32GB, Rose) AU - Excellent";;;;;0;no_match;;;
ipD6Wf97inch128GBSlvr-VR-ASN-AU;Apple iPad 6 Wifi (128GB, Silver) - Pristine;;;;;0;no_match;;;
Ipd6Wf32GBGld-VR-ASN-AU;Apple iPad 6 Wifi (32GB, Gold) - Pristine;;;;;0;no_match;;;
Ipd6Wf32GBRgld-VR-ASN-AU;Apple iPad 6 Wifi (32GB, Rose Gold) - Pristine;;;;;0;no_match;;;
Ipd6Wf32GBSil-VR-ASN-AU;Apple iPad 6 Wifi (32GB, Silver) - Pristine;;;;;0;no_match;;;
iPad7102Wifi2019128GBRoseAs-RD-VR-EXD-AU;"Apple iPad 7 10.2"" Wifi 2019 (128GB, Rose) AU - Excellent";;;;;0;no_match;;;
Ipd6Wf32GBSpG-VR-ASN-AU;Apple iPad 6 Wifi (32GB, Space Grey) - Pristine;;;;;0;no_match;;;
ipad102Gold32GBAustckWf-VR-ASN-AU;"Apple iPad 7 10.2"" 2019 Wifi (32GB, Gold) AU - Pristine";;;;;0;no_match;;;
iPad7102Cell2019128GBGold-RD-EXD-AU;Apple iPad 7 Cellular (128GB, Gold) - Excellent;;;;;0;no_match;;;
iPad7102Cell2019128GBSilv-RD-EXD-AU;Apple iPad 7 Cellular (128GB, Silver) - Excellent;;;;;0;no_match;;;
iPad7102Cell2019128GBSpcGrey-RD-EXD-AU;Apple iPad 7 Cellular (128GB, Space Grey) - Excellent;;;;;0;no_match;;;
ipad7Cel32GBGld-RD-VR-EXD-AU;Apple iPad 7 Cellular (32GB, Gold) - Excellent;;;;;0;no_match;;;
ipad102Rose32GBWf-VR-ASN-AU;"Apple iPad 7 10.2"" 2019 Wifi (32GB, Rose) - Pristine";;;;;0;no_match;;;
ipad102Silv32GBWf-VR-ASN-AU;"Apple iPad 7 10.2"" 2019 Wifi (32GB, Silver) - Pristine";;;;;0;no_match;;;
ipad102Rose32ASCell-RD-VR-EXD-AU;Apple iPad 7 Cellular (32GB, Rose) AU - Excellent;https://reebelo.com.au/collections/apple-ipad-7th-gen?skuId=sku-mq8ch0hkkY7IAPBjX5IIDLe;32GB, 32 GB | Gold | Cellular, WiFi;223.15;iPad 10.2-inch (2019) 7th Gen - 32GB - Cellular + WiFi - Gold;1;matched;;Very Good;https://reebelo.com.au/collections/apple-ipad-7th-gen?skuId=sku-mq8ch0hkkY7IAPBjX5IIDLe
ipad7Cel32GBSlv-RD-VR-EXD-AU;Apple iPad 7 Cellular (32GB, Silver) - Excellent;;;;;0;no_match;;;
ipad102SpaceGr32GBWf-VR-ASN-AU;"Apple iPad 7 10.2"" 2019 Wifi (32GB, Space Grey) - Pristine";;;;;0;no_match;;;
ipad7Cel32GBSpG-RD-VR-EXD-AU;Apple iPad 7 Cellular (32GB, Space Grey) - Excellent;;;;;0;no_match;;;
iPad7102Wifi2019128GBGold-VR-ASN-AU;"Apple iPad 7 10.2"" Wifi 2019 (128GB, Gold) - Pristine";;;;;0;no_match;;;
ipad7Wifi128GBGld-RD-VR-EXD-AU;Apple iPad 7 Wifi (128GB, Gold) - Excellent;;;;;0;no_match;;;
iPad7102Wifi2019128GBRose-VR-ASN-AU;"Apple iPad 7 10.2"" Wifi 2019 (128GB, Rose) - Pristine";;;;;0;no_match;;;
iPad7102Wifi2019128GBRoseDS-RD-VR-EXD-AU;Apple iPad 7 Wifi (128GB, Rose) - Excellent;;;;;0;no_match;;;
ipad7Wifi128GBSlv-RD-VR-EXD-AU;Apple iPad 7 Wifi (128GB, Silver) - Excellent;;;;;0;no_match;;;
iPad7102Wifi2019128GBRoseAs-VR-ASN-AU;"Apple iPad 7 10.2"" Wifi 2019 (128GB, Rose) AU - Pristine";;;;;0;no_match;;;
ipad7Wifi128GBSpG-RD-VR-EXD-AU;Apple iPad 7 Wifi (128GB, Space Grey) - Excellent;;;;;0;no_match;;;
iPad7102Wifi2019128GBSpcGrey-VR-ASN-AU;"Apple iPad 7 10.2"" Wifi 2019 (128GB, Space Grey) - Pristine";;;;;0;no_match;;;
iPd7Cell128GBRsGld-VR-ASN-AU;Apple iPad 7 Cellular (128GB, Rose Gold) - Pristine;;;;;0;no_match;;;
iPad9.7128GBLTEGld-RD-VR-EXD-AU;Apple iPad 5 9.7-inch Wifi + Cellular (128GB, Gold) - Excellent;;;;;0;no_match;;;
ipad102Gld32Cell-VR-ASN-AU;Apple iPad 7 Cellular (32GB, Gold) - Pristine;;;;;0;no_match;;;
ipad102Rose32Cell-VR-ASN-AU;Apple iPad 7 Cellular (32GB, Rose) - Pristine;;;;;0;no_match;;;
ipad102Silv32Cell-VR-ASN-AU;Apple iPad 7 Cellular (32GB, Silver) - Pristine;;;;;0;no_match;;;
ipad82020WifiSpaceGrey-RD-VR-EXD-AU;"Apple iPad 8 10.2"" 2020 (128GB, Space Grey) - Excellent";;;;;0;no_match;;;
iPad82020Cel32GBGld-RD-VR-EXD-AU;"Apple iPad 8 10.2"" 2020 Cellular (32GB, Gold) - Excellent";;;;;0;no_match;;;
iPad82020Cel32GBSlv-RD-VR-EXD-AU;"Apple iPad 8 10.2"" 2020 Cellular (32GB, Silver) - Excellent";;;;;0;no_match;;;
iPad82020Cel32GBSpG-RD-VR-EXD-AU;"Apple iPad 8 10.2"" 2020 Cellular (32GB, Space Grey) - Excellent";;;;;0;no_match;;;
iPd810222032GWfGld-RD-VR-EXD-AU;"Apple iPad 8 10.2"" Wifi 2020 (32GB, Gold) - Excellent";;;;;0;no_match;;;
iPd810222032GWfSil-RD-VR-EXD-AU;"Apple iPad 8 10.2"" Wifi 2020 (32GB, Silver) - Excellent";;;;;0;no_match;;;
iPd810222032GWfSpG-RD-VR-EXD-AU;"Apple iPad 8 10.2"" Wifi 2020 (32GB, Space Grey) - Excellent";;;;;0;no_match;;;
Ipd8CellAS128GBSil-RD-VR-EXD-AU;Apple iPad 8 Cellular (128GB, Silver) AU - Excellent;;;;;0;no_match;;;
ipad102Silv32ASCellCell-VR-ASN-AU;Apple iPad 7 Cellular (32GB, Silver) AU - Pristine;;;;;0;no_match;;;
ApliPad8Cel32GBGldDS-RD-VR-EXD-AU;Apple iPad 8 Cellular (32GB, Gold) - Excellent;;;;;0;no_match;;;
ipad102SpcGr32GBCell-VR-ASN-AU;Apple iPad 7 Cellular (32GB, Space Grey) - Pristine;;;;;0;no_match;;;
ApliPad8Cel32GBSlvDS-RD-VR-EXD-AU;Apple iPad 8 Cellular (32GB, Silver) - Excellent;;;;;0;no_match;;;
ipad7105Gold128GBWf-VR-ASN-AU;Apple iPad 7 Wifi (128GB, Gold) - Pristine;;;;;0;no_match;;;
ApliPad8Cel32GBSpGDS-RD-VR-EXD-AU;Apple iPad 8 Cellular (32GB, Space Grey) - Excellent;;;;;0;no_match;;;
ipad7105Sil128GBWf-VR-ASN-AU;Apple iPad 7 Wifi (128GB, Silver) - Pristine;;;;;0;no_match;;;
iPad8Wifi128GBGld-RD-VR-EXD-AU;Apple iPad 8 Wifi (128GB, Gold) - Excellent;;;;;0;no_match;;;
ipad7105SpG128GBWf-ASN-AU;Apple iPad 7 Wifi (128GB, Space Grey) - Pristine;;;;;0;no_match;;;
iPad8Wifi128GBSlv-RD-VR-EXD-AU;Apple iPad 8 Wifi (128GB, Silver) - Excellent;;;;;0;no_match;;;
ipad105SSilv32GBWf-ASN-AU;Apple iPad 7 Wifi (32GB, Silver) - Pristine;;;;;0;no_match;;;
iPd9256GBSlv-RD-VR-EXD-AU;Apple iPad 9 (256GB, Silver) - Excellent;;;;;0;no_match;;;
iPd9256GBSpG-RD-VR-EXD-AU;Apple iPad 9 (256GB, Space Grey) - Excellent;;;;;0;no_match;;;
iPd964GBGry-RD-VR-EXD-AU;Apple iPad 9 (64GB, Grey) - Excellent;;;;;0;no_match;;;
ipad105SpaceGr32GBWf-ASN-AU;Apple iPad 7 Wifi (32GB, Space Grey) - Pristine;;;;;0;no_match;;;
iPd964GBSlv-RD-VR-EXD-AU;Apple ipad 9 (64GB, Silver) - Excellent;;;;;0;no_match;;;
ApliPad832GBGld-VR-ASN-AU;Apple iPad 8 (32GB, Gold) - Pristine;;;;;0;no_match;;;
iPd9Cel64GBGry-RD-VR-EXD-AU;Apple iPad 9 Celullar (64GB, Grey) - Excellent;;;;;0;no_match;;;
ApliPad832GBSlv-VR-ASN-AU;Apple iPad 8 (32GB, Silver) - Pristine;;;;;0;no_match;;;
iPd9Cel64GBSlv-RD-VR-EXD-AU;Apple iPad 9 Celullar (64GB, Silver) - Excellent;;;;;0;no_match;;;
iPadAir128GB4GBlk-RD-VR-EXD-AU;Apple iPad AIR (128GB, Grey) - Excellent;;;;;0;no_match;;;
iPadAir128GB4GSil-RD-VR-EXD-AU;Apple iPad AIR (128GB, Silver) - Excellent;;;;;0;no_match;;;
ApliPad832GBSpG-VR-ASN-AU;Apple iPad 8 (32GB, Space Grey) - Pristine;;;;;0;no_match;;;
Ipd8Cell128GBSil-VR-ASN-AU;Apple iPad 8 Cellular (128GB, Silver) - Pristine;;;;;0;no_match;;;
iPdAIr232GBWFBlck-RD-VR-EXD-AU;Apple iPad AIR 2 (32GB, Black) - Excellent;;;;;0;no_match;;;
iPdAIr232GBWFGld-RD-VR-EXD-AU;Apple iPad AIR 2 (32GB, Gold) - Excellent;;;;;0;no_match;;;
iPdAIr232GBWFSilv-RD-VR-EXD-AU;Apple iPad AIR 2 (32GB, Silver) - Excellent;;;;;0;no_match;;;
iPadAirCel128GBGld-RD-VR-EXD-AU;Apple iPad AIR 2 Cellular (128GB, Gold) - Excellent;;;;;0;no_match;;;
Ipd8CellAS128GBSil-VR-ASN-AU;Apple iPad 8 Cellular (128GB, Silver) AU - Pristine;;;;;0;no_match;;;
iPadAirCel128GBSlv-RD-VR-EXD-AU;Apple iPad AIR 2 Cellular (128GB, Silver) - Excellent;;;;;0;no_match;;;
Ipd8Cell128GBSpg-VR-ASN-AU;Apple iPad 8 Cellular (128GB, Space Grey) - Pristine;;;;;0;no_match;;;
iPadAirCel128GBSpG-RD-VR-EXD-AU;Apple iPad AIR 2 Cellular (128GB, Space Grey) - Excellent;;;;;0;no_match;;;
ApliPad8Cel32GBGld-VR-ASN-AU;Apple iPad 8 Cellular (32GB, Gold) - Pristine;;;;;0;no_match;;;
ipad5Cel32GBSlv-RD-VR-EXD-AU;Apple iPad 5 Cellular (32GB, Silver) - Excellent;;;;;0;no_match;;;
ApliPad8Cel32GBSpG-VR-ASN-AU;Apple iPad 8 Cellular (32GB, Space Grey) - Pristine;;;;;0;no_match;;;
Ipd8Wf128GBGld-VR-ASN-AU;Apple iPad 8 Wifi (128GB, Gold) - Pristine;;;;;0;no_match;;;
iPdAIr232GBCellGld-RD-VR-EXD-AU;Apple iPad AIR 2 Cellular (32GB, Gold) - Excellent;;;;;0;no_match;;;
iPdAIr232GBCellSilv-RD-VR-EXD-AU;Apple iPad AIR 2 Cellular (32GB, Silver) - Excellent;;;;;0;no_match;;;
iPdAIr232GBCellSpcGry-RD-VR-EXD-AU;Apple iPad AIR 2 Cellular (32GB, Space Grey) - Excellent;;;;;0;no_match;;;
Ipd8WfAS128GBGld-VR-ASN-AU;Apple iPad 8 Wifi (128GB, Gold) AU - Pristine;;;;;0;no_match;;;
iPad9732GBCellGry-VR-ASN-AU;Apple iPad 5 Cellular (32GB, Space Grey) - Pristine;;;;;0;no_match;;;
Ipd8Wf128GBSil-VR-ASN-AU;Apple iPad 8 Wifi (128GB, Silver) - Pristine;;;;;0;no_match;;;
Ipd8WfAS128GBSil-VR-ASN-AU;Apple iPad 8 Wifi (128GB, Silver) AU - Pristine;;;;;0;no_match;;;
AppleiPadAir264GB4GSil-RD-VR-EXD-AU;Apple iPad AIR 2 Cellular (64GB, Silver) - Excellent;;;;;0;no_match;;;
iPd964GBGry-VR-ASN-AU;Apple iPad 9 (64GB, Grey) - Pristine;;;;;0;no_match;;;
AppleiPadAir264GB4GGry-RD-VR-EXD-AU;Apple iPad AIR 2 Cellular (64GB, Space Grey) - Excellent;;;;;0;no_match;;;
iPd964GBSlv-VR-ASN-AU;apple ipad 9 (64GB, Silver) - Pristine;;;;;0;no_match;;;
ipdAIR2Wifi128GBBlck-RD-VR-EXD-AU;Apple iPad Air 2 Wifi (128GB, Black) - Excellent;;;;;0;no_match;;;
iPadAir2128GB4GGld-RD-VR-EXD-AU;Apple iPad Air 2 Wifi (128GB, Gold) - Excellent;;;;;0;no_match;;;
iPd9Cel64GBGry-VR-ASN-AU;Apple iPad 9 Celullar (64GB, Grey) - Pristine;;;;;0;no_match;;;
iPad9.732GBWfGry-VR-ASN-AU;Apple iPad 5 Wifi (32GB, Space Grey) - Pristine;;;;;0;no_match;;;
iPadAir216GBWiFiGldDS-VR-ASN-AU;Apple iPad Air 2 (16GB, Gold) - Pristine;;;;;0;no_match;;;
iPadAir216GBWiFiSlvDS-VR-ASN-AU;Apple iPad Air 2 (16GB, Silver) - Pristine;;;;;0;no_match;;;
iPadAir216GBWiFiSgryDS-VR-ASN-AU;Apple iPad Air 2 Wifi (16GB, Black) - Excellent;;;;;0;no_match;;;
iPadAir216GBWiFiGld-EXD-AU;Apple iPad Air 2 Wifi (16GB, Gold) - Excellent;;;;;0;no_match;;;
iPadAir216GBWiFiSil-EXD-AU;Apple iPad Air 2 Wifi (16GB, Silver) - Excellent;;;;;0;no_match;;;
AppleiPadAir2128GB4GSpG-ASN-AU;Apple iPad Air 2 Cellular (128GB, Gold) - Pristine;;;;;0;no_match;;;
iPadAir232GBWiFiBlk-EXD-AU;Apple iPad Air 2 Wifi (32GB, Black) - Excellent;;;;;0;no_match;;;
AppleiPadAir2128GB4GSlv-ASN-AU;Apple iPad Air 2 Cellular (128GB, Silver) - Pristine;;;;;0;no_match;;;
iPadAir232GBWiFiGld-EXD-AU;Apple iPad Air 2 Wifi (32GB, Gold) - Excellent;;;;;0;no_match;;;
iPadAir2128GB4GGry-VR-ASN-AU;Apple iPad AIR 2 Cellular (128GB, Space Grey) - Pristine;;;;;0;no_match;;;
iPadAir232GBWiFiSil-EXD-AU;Apple iPad Air 2 Wifi (32GB, Silver) - Excellent;;;;;0;no_match;;;
AppleiPadAir216GB4GGld-ASN-AU;Apple iPad Air 2 Cellular (16GB, Gold) - Pristine;;;;;0;no_match;;;
AppleiPadAir216GB4GSlv-ASN-AU;Apple iPad Air 2 Cellular (16GB, Silver) - Pristine;;;;;0;no_match;;;
iPadAir264GBWiFiGld-RD-VR-EXD-AU;Apple iPad Air 2 Wifi (64GB, Gold) - Excellent;;;;;0;no_match;;;
AppleiPadAir216GB4GSpG-ASN-AU;Apple iPad Air 2 Cellular (16GB, Space Grey) - Pristine;;;;;0;no_match;;;
iPadAir264GBWiFiGry-RD-VR-EXD-AU;Apple iPad Air 2 Wifi (64GB, Grey) - Excellent;;;;;0;no_match;;;
iPadAir264GBWiFiSil-RD-VR-EXD-AU;Apple iPad Air 2 Wifi (64GB, Silver) - Excellent;;;;;0;no_match;;;
iPdAIr232GBCEllSpcGry-VR-ASN-AU;Apple iPad AIR 2 Cellular (32GB, Space Grey) - Pristine;;;;;0;no_match;;;
AppleiPadAir264GB4GGld-VR-ASN-AU;Apple iPad AIR 2 Cellular (64GB, Gold) - Pristine;;;;;0;no_match;;;
AppleiPadAir2128GB4GGld-EXD-AU;Apple iPad Air 2 Wifi + Cellular (128GB, Gold) - Excellent;;;;;0;no_match;;;
Ipada2128WCtSilv-EXD-AU;Apple iPad Air 2 Wifi + Cellular (128GB, Silver) - Excellent;;;;;0;no_match;;;
Ipada2128WCtSgrey-EXD-AU;Apple iPad Air 2 Wifi + Cellular (128GB, Space Grey) - Excellent;;;;;0;no_match;;;
AppleiPadAir216GB4GGld-EXD-AU;Apple iPad Air 2 Wifi + Cellular (16GB, Gold) - Excellent;;;;;0;no_match;;;
AppleiPadAir216GB4GSil-EXD-AU;Apple iPad Air 2 Wifi + Cellular (16GB, Silver) - Excellent;;;;;0;no_match;;;
AppleiPadAir216GB4GGry-EXD-AU;Apple iPad Air 2 Wifi + Cellular (16GB, Space Grey) - Excellent;;;;;0;no_match;;;
iPadAir232GB4GGld-EXD-AU;Apple iPad Air 2 Wifi + Cellular (32GB, Gold) - Excellent;;;;;0;no_match;;;
iPadAir232GB4GSil-EXD-AU;Apple iPad Air 2 Wifi + Cellular (32GB, Silver) - Excellent;;;;;0;no_match;;;
iPadAir232GB4GBGry-EXD-AU;Apple iPad Air 2 Wifi + Cellular (32GB, Space Grey) - Excellent;;;;;0;no_match;;;
iPadAir264GBCellSil-EXD-AU;Apple iPad Air 2 Wifi + Cellular (64GB, Silver) - Excellent;;;;;0;no_match;;;
AppleiPadAir264GB4GGry-VR-ASN-AU;Apple iPad AIR 2 Cellular (64GB, Grey) - Pristine;;;;;0;no_match;;;
ipadAir3WfRGold64GBDS-RD-VR-EXD-AU;Apple iPad Air 3 (64GB, Rose Gold) - Excellent;;;;;0;no_match;;;
AppleiPadAir264GB4GSil-VR-ASN-AU;Apple iPad AIR 2 Cellular (64GB, Silver) - Pristine;;;;;0;no_match;;;
ipadAir3WfSilv64GBDS-RD-VR-EXD-AU;Apple iPad Air 3 (64GB, Silver) - Excellent;;;;;0;no_match;;;
AppleiPadAir264GB4GSpG-ASN-AU;Apple iPad Air 2 Cellular (64GB, Space Grey) - Pristine;;;;;0;no_match;;;
ipadAIR3SpGr64GBWfDS-RD-VR-EXD-AU;Apple iPad Air 3 (64GB, Space Grey) - Excellent;;;;;0;no_match;;;
iPadAir2128GBWiFiGld-ASN-AU;Apple iPad Air 2 Wifi (128GB, Gold) - Pristine;;;;;0;no_match;;;
iPair3SpGr64GBCell-RD-VR-EXD-AU;Apple iPad Air 3 Cellular (64GB, Space Grey) AU - Excellent;;;;;0;no_match;;;
ipadAir3WfGold64GB-RD-EXD-AU;Apple iPad Air 3 Wifi (64GB, Gold) - Excellent;;;;;0;no_match;;;
iPadAir2128GBWiFiSlv-ASN-AU;Apple iPad Air 2 Wifi (128GB, Silver) - Pristine;;;;;0;no_match;;;
iPadAir2128GBWiFiSpG-ASN-AU;Apple iPad Air 2 Wifi (128GB, Space Grey) - Pristine;;;;;0;no_match;;;
iPd697Cell128GBGld-RD-VR-EXD-AU;"Apple iPad 6 Cellular 9.7"" (128GB, Gold) - Excellent";;;;;0;no_match;;;
iPadAir216GBWiFiSPGry-ASN-AU;Apple iPad Air 2 Wifi (16GB, Space Grey) - Pristine;;;;;0;no_match;;;
iPadAir232GBWiFiBlk-ASN-AU;Apple iPad Air 2 Wifi (32GB, Black) - Pristine;;;;;0;no_match;;;
ipad10232GBWfSilv-RD-VR-EXD-AU;Apple iPad 7 (32GB, Silver) - Excellent;;;;;0;no_match;;;
ipDAir4Wf64GBGrnAS-RD-VR-EXD-AU;Apple iPad Air 4 (64GB, Green) AU - Excellent;;;;;0;no_match;;;
iPdAIr232GBWFGldDS-VR-ASN-AU;Apple iPad AIR 2 Wifi (32GB, Gold) - Pristine;;;;;0;no_match;;;
iPadAir232GBWiFiSil-ASN-AU;Apple iPad Air 2 Wifi (32GB, Silver) - Pristine;;;;;0;no_match;;;
iPdAIr232GBWFSpcGryDS-VR-ASN-AU;Apple iPad AIR 2 Wifi (32GB, Space Grey) - Pristine;;;;;0;no_match;;;
ipDAir4Wf64GBRseAS-RD-VR-EXD-AU;Apple iPad Air 4 (64GB, Rose) AU - Excellent;https://reebelo.com.au/collections/apple-ipad-air-4?skuId=sku-mfdejcv0zGdfgVnZeWRRUcc;64GB, 64 GB | Space Grey | WiFi;484.99;iPad Air 10.9-inch (2020) 4th Gen - 64GB - WiFi - Space Grey;1;matched;;Very Good;https://reebelo.com.au/collections/apple-ipad-air-4?skuId=sku-mfdejcv0zGdfgVnZeWRRUcc
iPadAir264GBWiFiGolden-ASN-AU;Apple iPad Air 2 Wifi (64GB, Gold) - Pristine;;;;;0;no_match;;;
ipDAir4Wf64GBSilAS-RD-VR-EXD-AU;Apple iPad Air 4 (64GB, Silver) AU - Excellent;;;;;0;no_match;;;
iPdAir410.9DS256GWfBlu-VR-RD-EXD-AU;"Apple iPad AIR 4 2020 10.9"" Wifi (256GB, Blue) - Excellent";;;;;0;no_match;;;
iPdAir410.9DS64GWfSG-EXD-AU;"Apple iPad AIR 4 2020 10.9"" Wifi (64GB, Space Grey) - Excellent";;;;;0;no_match;;;
iPdAir42020Cell64GBBlu-VR-RD-EXD-AU;Apple iPad AIR 4 2020 Cellular (64GB, Blue) - Excellent;;;;;0;no_match;;;
iPdAir42020Cell64GBGrn-VR-RD-EXD-AU;Apple iPad AIR 4 2020 Cellular (64GB, Green) - Excellent;;;;;0;no_match;;;
iPdAir42020Cell64GBRsGld-VR-RD-EXD-AU;Apple iPad AIR 4 2020 Cellular (64GB, Rose Gold) - Excellent;;;;;0;no_match;;;
iPd7Cell128GBSlv-VR-ASN-AU;Apple iPad 7 Cellular (128GB, Silver) - Pristine;;;;;0;no_match;;;
iPdAir42020Cell64GBSG-VR-RD-EXD-AU;Apple iPad AIR 4 2020 Cellular (64GB, Space Grey) - Excellent;;;;;0;no_match;;;
iPdAir4Cel256GBBluAS-RD-VR-EXD-AU;Apple iPad Air 4 Cellular (256GB, Blue) AU - Excellent;;;;;0;no_match;;;
iPadAir264GBWiFiSlv-ASN-AU;Apple iPad Air 2 Wifi (64GB, Silver) - Pristine;;;;;0;no_match;;;
iPdAir4Cel256GBGrnAS-RD-VR-EXD-AU;Apple iPad Air 4 Cellular (256GB, Green) AU - Excellent;;;;;0;no_match;;;
iPadAir264GBWiFiSPGry-ASN-AU;Apple iPad Air 2 Wifi (64GB, Space Grey) - Pristine;;;;;0;no_match;;;
iPdAir4Cel256GBGryAS-RD-VR-EXD-AU;Apple iPad Air 4 Cellular (256GB, Grey) AU - Excellent;;;;;0;no_match;;;
ipadAir3WfGold64GB-VR-ASN-AU;Apple iPad Air 3 (64GB, Gold) - Pristine;;;;;0;no_match;;;
iPdAir4Cel256GBRseAS-RD-VR-EXD-AU;Apple iPad Air 4 Cellular (256GB, Rose) AU - Excellent;;;;;0;no_match;;;
ipadAir3WfRGold64GB-VR-ASN-AU;Apple iPad Air 3 (64GB, Rose Gold) - Pristine;;;;;0;no_match;;;
ipadAir3WfSilv64GB-VR-ASN-AU;Apple iPad Air 3 (64GB, Silver) - Pristine;;;;;0;no_match;;;
iPair3SpGr64GBCell-VR-ASN-AU;Apple iPad Air 3 Cellular (64GB, Space Grey) - Pristine;;;;;0;no_match;;;
ipadAIR3SpGr64GBWf-VR-ASN-AU;Apple iPad Air 3 Wifi (64GB, Space Grey) - Pristine;;;;;0;no_match;;;
ipDAir4Wf256GBBluDS-VR-ASN-AU;Apple iPad Air 4 (256GB, Blue) - Pristine;;;;;0;no_match;;;
ipDAir4Wf256GBRoseDS-RD-VR-EXD-AU;Apple iPad Air 4 Wifi (256GB, Rose) - Excellent;;;;;0;no_match;;;
iPdAir52022256GBBlu-RD-VR-EXD-AU;Apple iPad AIR 5 2022 (256GB, Blue) - Excellent;;;;;0;no_match;;;
iPad82020Cel128GBSlv-RD-VR-EXD-AU;"Apple iPad 8 10.2"" 2020 Cellular (128GB, Silver) - Excellent";;;;;0;no_match;;;
iPdAir52022256GBSpG-RD-VR-EXD-AU;Apple iPad AIR 5 2022 (256GB, Space Grey) - Excellent;;;;;0;no_match;;;
iPdAir52022256GBStl-RD-VR-EXD-AU;Apple iPad AIR 5 2022 (256GB, Starlight) - Excellent;;;;;0;no_match;;;
iPdAir5202264GBBlu-RD-VR-EXD-AU;Apple iPad AIR 5 2022 (64GB, Blue) - Excellent;;;;;0;no_match;;;
iPdAir5202264GBPrp-RD-VR-EXD-AU;Apple iPad AIR 5 2022 (64GB, Purple) - Excellent;;;;;0;no_match;;;
iPdAir5202264GBSpG-RD-VR-EXD-AU;Apple iPad AIR 5 2022 (64GB, Space Grey) - Excellent;;;;;0;no_match;;;
iPdAir5202264GBStl-RD-VR-EXD-AU;Apple iPad AIR 5 2022 (64GB, Starlight) - Excellent;;;;;0;no_match;;;
iPdAir5Cell202264GBPrpAS-RD-VR-EXD-AU;Apple iPad AIR 5 2022 Cellular (64GB, Purple) AU - Excellent;;;;;0;no_match;;;
ipDAir4Wf256GBGreyDS-VR-ASN-AU;Apple iPad Air 4 (256GB, Grey) - Pristine;;;;;0;no_match;;;
iPdAir5Cell202264GBSpGAS-RD-VR-EXD-AU;Apple iPad AIR 5 2022 Cellular (64GB, Space Grey) AU - Excellent;;;;;0;no_match;;;
ipDAir4Wf256GBRoseDS-VR-ASN-AU;Apple iPad Air 4 (256GB, Rose) - Pristine;;;;;0;no_match;;;
ipDAir4Wf64GBBlu-VR-ASN-AU;Apple iPad Air 4 (64GB, Blue) - Pristine;;;;;0;no_match;;;
iPad82020Cel128GBSpG-RD-VR-EXD-AU;"Apple iPad 8 10.2"" 2020 Cellular (128GB, Space Grey) - Excellent";;;;;0;no_match;;;
iPadAirCel16SpGAS-RD-VR-EXD-AU;Apple iPad AIR CELLULAR (16GB, Space Grey) AU - Excellent;;;;;0;no_match;;;
iPadAirCel32Slv-RD-VR-EXD-AU;Apple iPad AIR CELLULAR (32GB, Silver) - Excellent;;;;;0;no_match;;;
ipDAir4Wf64GBGryDS-VR-ASN-AU;Apple iPad Air 4 (64GB, Grey) - Pristine;;;;;0;no_match;;;
iPadAirCel32SpG-RD-VR-EXD-AU;Apple iPad AIR CELLULAR (32GB, Space Grey) - Excellent;;;;;0;no_match;;;
ApliPad8Cel32GBSlv-VR-ASN-AU;Apple iPad 8 Cellular (32GB, Silver) - Pristine;;;;;0;no_match;;;
iPadAirCel64Slv-RD-VR-EXD-AU;Apple iPad AIR CELLULAR (64GB, Silver) - Excellent;;;;;0;no_match;;;
iPadAirCel64SpG-RD-VR-EXD-AU;Apple iPad AIR CELLULAR (64GB, Space Grey) - Excellent;;;;;0;no_match;;;
iPadAir128GBGryAStck-RD-VR-EXD-AU;Apple iPad AIR Wifi (128GB, Grey) AU - Excellent;;;;;0;no_match;;;
iPadAir128GBSilAStck-RD-VR-EXD-AU;Apple iPad AIR Wifi (128GB, Silver) AU - Excellent;;;;;0;no_match;;;
ipDAir4Wf64GBSil-VR-ASN-AU;Apple iPad Air 4 (64GB, Silver) - Pristine;;;;;0;no_match;;;
iPdAir4Cel256GBBlu-VR-ASN-AU;Apple iPad Air 4 Cellular (256GB, Blue) - Pristine;;;;;0;no_match;;;
AppleiPadAir16GBGryAStck-RD-VR-EXD-AU;Apple iPad AIR Wifi (16GB, Grey) AU - Excellent;;;;;0;no_match;;;
iPdAir4Cel256GBBluAS-VR-ASN-AU;Apple iPad Air 4 Cellular (256GB, Blue) AU - Pristine;;;;;0;no_match;;;
AppleiPadAir16GBSilAStck-RD-VR-EXD-AU;Apple iPad AIR Wifi (16GB, Silver) AU - Excellent;;;;;0;no_match;;;
iPdAir4Cel256GBGrn-VR-ASN-AU;Apple iPad Air 4 Cellular (256GB, Green) - Pristine;;;;;0;no_match;;;
iPadAirWifi32Slv-RD-VR-EXD-AU;Apple iPad AIR Wifi (32GB, Silver) - Excellent;;;;;0;no_match;;;
iPdAir4Cel256GBGrnAS-VR-ASN-AU;Apple iPad Air 4 Cellular (256GB, Green) AU - Pristine;;;;;0;no_match;;;
iPadAirWifi32SpG-RD-VR-EXD-AU;Apple iPad AIR Wifi (32GB, Space Grey) - Excellent;;;;;0;no_match;;;
iPdAir4Cel256GBGry-VR-ASN-AU;Apple iPad Air 4 Cellular (256GB, Grey) - Pristine;;;;;0;no_match;;;
iPdAir4Cel256GBGryAS-VR-ASN-AU;Apple iPad Air 4 Cellular (256GB, Grey) AU - Pristine;;;;;0;no_match;;;
Ipadmini232wifiBlck-RD-VR-EXD-AU;Apple iPad Mini 2 (32GB, Black) - Excellent;;;;;0;no_match;;;
iPdAir4Cel256GBRseAS-VR-ASN-AU;Apple iPad Air 4 Cellular (256GB, Rose) AU - Pristine;;;;;0;no_match;;;
Ipadmini232wifiSilv-RD-VR-EXD-AU;Apple iPad Mini 2 (32GB, Silver) - Excellent;;;;;0;no_match;;;
iPdAir4DS64GBlu-VR-ASN-AU;Apple iPad AIR 4 Cellular (64GB, Blue) - Pristine;;;;;0;no_match;;;
iPadMini2Cel16Slv-RD-VR-EXD-AU;Apple iPad Mini 2 Cellular (16GB, Silver) - Excellent;;;;;0;no_match;;;
iPadMini2Cel16SpG-RD-VR-EXD-AU;Apple iPad Mini 2 Cellular (16GB, Space Grey) - Excellent;;;;;0;no_match;;;
iPadMini2Cel32Slv-RD-VR-EXD-AU;Apple iPad Mini 2 Cellular (32GB, Silver) - Excellent;;;;;0;no_match;;;
iPadMini2Cel32SpG-RD-VR-EXD-AU;Apple iPad Mini 2 Cellular (32GB, Space Grey) - Excellent;;;;;0;no_match;;;
iPadMini2Wf16Slv-RD-VR-EXD-AU;Apple iPad Mini 2 Wifi (16GB, Silver) - Excellent;;;;;0;no_match;;;
iPadMini2Wf16SpG-RD-VR-EXD-AU;Apple iPad Mini 2 Wifi (16GB, Space Grey) - Excellent;;;;;0;no_match;;;
iPdAir4DS64GGrn-VR-ASN-AU;Apple iPad AIR 4 Cellular (64GB, Green) - Pristine;;;;;0;no_match;;;
Ipadmini31284GBlk-RD-VR-EXD-AU;Apple iPad Mini 3 Cellular (128GB, Black) - Excellent;;;;;0;no_match;;;
Ipadmini31284GGld-RD-VR-EXD-AU;Apple iPad Mini 3 Cellular (128GB, Gold) - Excellent;;;;;0;no_match;;;
iPdAir4DS64GRsGld-VR-ASN-AU;Apple iPad AIR 4 Cellular (64GB, Rose) - Pristine;;;;;0;no_match;;;
Ipadmini31284GSil-RD-VR-EXD-AU;Apple iPad Mini 3 Cellular (128GB, Silver) - Excellent;;;;;0;no_match;;;
iPDMn364GBGld-RD-VR-EXD-AU;Apple iPad Mini 3 Cellular (64GB, Gold) - Excellent;;;;;0;no_match;;;
iPDMn364GBGry-RD-VR-EXD-AU;Apple iPad Mini 3 Cellular (64GB, Grey) - Excellent;;;;;0;no_match;;;
iPDMn3644GSlv-RD-VR-EXD-AU;Apple iPad Mini 3 Cellular (64GB, Silver) - Excellent;;;;;0;no_match;;;
iPadMini3WfGold128GB-EXD-AU;Apple iPad Mini 3 Wifi (128GB, Gold) - Excellent;;;;;0;no_match;;;
ipadMini3128GBSlvrWf-EXD-AU;Apple iPad Mini 3 Wifi (128GB, Silver) - Excellent;;;;;0;no_match;;;
iPadMini3WfSpG128GB-EXD-AU;Apple iPad Mini 3 Wifi (128GB, Space Grey) - Excellent;;;;;0;no_match;;;
iPdAir4DS64GSG-VR-ASN-AU;Apple iPad AIR 4 Cellular (64GB, Space Grey) - Pristine;;;;;0;no_match;;;
Ipadmini316WiFiGld-RD-VR-EXD-AU;Apple iPad Mini 3 Wifi (16GB, Gold) - Excellent;;;;;0;no_match;;;
Ipadmini316WiFiSil-RD-VR-EXD-AU;Apple iPad Mini 3 Wifi (16GB, Silver) - Excellent;;;;;0;no_match;;;
Ipadmini316WiFiGry-RD-VR-EXD-AU;Apple iPad Mini 3 Wifi (16GB, Space Grey) - Excellent;;;;;0;no_match;;;
AppleiPadAir264GB4GGld-RD-VR-EXD-AU;Apple iPad AIR 2 Cellular (64GB, Gold) - Excellent;;;;;0;no_match;;;
Ipadmini364WiFiSil-EXD-AU;Apple iPad Mini 3 Wifi (64GB, Silver) - Excellent;;;;;0;no_match;;;
ipDmini3Wf64GBSpGr-EXD-AU;Apple iPad Mini 3 Wifi (64GB, Space Grey) - Excellent;;;;;0;no_match;;;
Ipadmini31284GBlk-EXD-AU;Apple iPad Mini 3 Wifi + Cellular (128GB, Black) - Excellent;;;;;0;no_match;;;
Ipadmini31284GSil-EXD-AU;Apple iPad Mini 3 Wifi + Cellular (128GB, Silver) - Excellent;;;;;0;no_match;;;
Ipadmini316LTEBlk-EXD-AU;Apple iPad Mini 3 Wifi + Cellular (16GB, Black) - Excellent;;;;;0;no_match;;;
Ipadmini316LTEGld-EXD-AU;Apple iPad Mini 3 Wifi + Cellular (16GB, Gold) - Excellent;;;;;0;no_match;;;
Ipadmini316LTESil-EXD-AU;Apple iPad Mini 3 Wifi + Cellular (16GB, Silver) - Excellent;;;;;0;no_match;;;
Ipadmini316GBLTEGld-EXD-AU;Apple iPad Mini 3 Wifi + Cellular (64GB, Gold) - Excellent;;;;;0;no_match;;;
ipMini3WfC64GBGrey-EXD-AU;Apple iPad Mini 3 Wifi + Cellular (64GB, Grey) - Excellent;;;;;0;no_match;;;
ipMini3WfC64GBSlvr-EXD-AU;Apple iPad Mini 3 Wifi + Cellular (64GB, Silver) - Excellent;;;;;0;no_match;;;
Ipadmini3128WiFiGldAuStock-EXD-AU;Apple iPad Mini 3 Wifi AU (128GB, Gold) - Excellent;;;;;0;no_match;;;
iPdAir5Cell202264GBPrpAS-VR-ASN-AU;Apple iPad AIR 5 2022 Cellular (64GB, Purple) AU - Pristine;;;;;0;no_match;;;
iPadMn4Cel128BlckAuS-RD-VR-EXD-AU;Apple iPad Mini 4 (128GB, Black) AU - Excellent;;;;;0;no_match;;;
ipadAir2Silv128GBWf-RD-VR-EXD-AU;Apple iPad Air 2 Wifi (128GB, Silver) - Excellent;;;;;0;no_match;;;
AppleiPadAir128GB4GBlkAStck-VR-ASN-AU;Apple iPad AIR Cellular (128GB, Grey) AU - Pristine;;;;;0;no_match;;;
iPadMn4Cel128GldAuS-RD-VR-EXD-AU;Apple iPad Mini 4 (128GB, Gold) AU - Excellent;;;;;0;no_match;;;
AppleiPadAirCell128GB4GSilvAStck-VR-ASN-AU;Apple iPad AIR Cellular (128GB, Silver) AU - Pristine;;;;;0;no_match;;;
AppleiPadAirCell32GBSil-ASN-AU;Apple iPad AIR Cellular (32GB, Silver) - Pristine;;;;;0;no_match;;;
AppleiPadAirCell32GBSpG-ASN-AU;Apple iPad AIR Cellular (32GB, Space Grey) - Pristine;;;;;0;no_match;;;
iPadAir128GBSilAStck-VR-ASN-AU;Apple iPad AIR Wifi (128GB, Silver) AU - Pristine;;;;;0;no_match;;;
iPadAirWifi128SpGAS-VR-ASN-AU;Apple iPad AIR Wifi (128GB, Space Grey) AU - Pristine;;;;;0;no_match;;;
iPadAir16GBSilv-VR-ASN-AU;Apple iPad AIR Wifi (16GB, Silver) - Pristine;;;;;0;no_match;;;
iPadAirWifi16SpG-VR-ASN-AU;Apple iPad AIR Wifi (16GB, Space Grey) - Pristine;;;;;0;no_match;;;
ipadAIR1Wf32GBSlvr-ASN-AU;Apple iPad AIR Wifi (32GB, Silver) - Pristine;;;;;0;no_match;;;
Ipadmini4128GB4GBBlk-RD-VR-EXD-AU;Apple iPad Mini 4 Cellular (128GB, Black) - Excellent;;;;;0;no_match;;;
AppleiPadAir64GBBlkAStck-VR-ASN-AU;Apple iPad AIR Wifi (64GB, Grey) AU - Pristine;;;;;0;no_match;;;
Ipadmini4128GB4GBGld-RD-VR-EXD-AU;Apple iPad Mini 4 Cellular (128GB, Gold) - Excellent;;;;;0;no_match;;;
Ipadmini4128GB4GBSil-RD-VR-EXD-AU;Apple iPad Mini 4 Cellular (128GB, Silver) - Excellent;;;;;0;no_match;;;
ipadAIR1Wf64GBSlvrAStck-VR-ASN-AU;Apple iPad AIR Wifi (64GB, Silver) AU - Pristine;;;;;0;no_match;;;
iPDMn416GBBlk-RD-VR-EXD-AU;Apple iPad Mini 4 Cellular (16GB, Black) - Excellent;;;;;0;no_match;;;
Ipadmini416GB4GGld-RD-EXD-AU;Apple iPad Mini 4 Cellular (16GB, Gold) - Excellent;;;;;0;no_match;;;
ipDAir4Wf256GBGreyAS-RD-VR-EXD-AU;Apple iPad Air 4 (256GB, Grey) AU - Excellent;;;;;0;no_match;;;
ipDAir4Wf64GBBluAS-RD-VR-EXD-AU;Apple iPad Air 4 (64GB, Blue) AU - Excellent;;;;;0;no_match;;;
Ipadmini432GBLTEGld-RD-VR-EXD-AU;Apple iPad Mini 4 Cellular (32GB, Gold) - Excellent;;;;;0;no_match;;;
IPMNi232wifiBlckAS-VR-ASN-AU;Apple iPad Mini 2 (32GB, Black) AU - Pristine;;;;;0;no_match;;;
ipDAir4Wf64GBGrnAS-VR-ASN-AU;Apple iPad Air 4 (64GB, Green) AU - Pristine;;;;;0;no_match;;;
Ipadmini464GBLTEBlk-RD-EXD-AU;Apple iPad Mini 4 Cellular (64GB, Black) - Excellent;;;;;0;no_match;;;
ipDAir4Wf64GBRse-VR-ASN-AU;Apple iPad Air 4 (64GB, Rose) - Pristine;;;;;0;no_match;;;
IPMNi232wifiSilvAS-VR-ASN-AU;Apple iPad Mini 2 (32GB, Silver) AU - Pristine;;;;;0;no_match;;;
ipDMini364GBGldAS-VR-ASN-AU;Apple iPad Mini 3 (64GB, Gold) AU - Pristine;;;;;0;no_match;;;
Ipadmini464GBLTESil-RD-EXD-AU;Apple iPad Mini 4 Cellular (64GB, Silver) - Excellent;;;;;0;no_match;;;
ipDMn3Cel128GBGldDS-VR-ASN-AU;Apple iPad Mini 3 Cellular (128GB, Gold) - Pristine;;;;;0;no_match;;;
iPM3WfSpG128GBDS-VR-ASN-AU;Apple iPad Mini 3 Wifi (128GB, Space Grey) - Pristine;;;;;0;no_match;;;
Ipadmini4128GBWifiGld-RD-EXD-AU;Apple iPad Mini 4 Wifi (128GB, Gold) - Excellent;;;;;0;no_match;;;
iPadMn4Cel128Blck-VR-ASN-AU;Apple iPad Mini 4 (128GB, Black) - Pristine;;;;;0;no_match;;;
Ipadmini4128GBWifiSil-RD-EXD-AU;Apple iPad Mini 4 Wifi (128GB, Silver) - Excellent;;;;;0;no_match;;;
iPadMn4Cel128BlckAuS-VR-ASN-AU;Apple iPad Mini 4 (128GB, Black) AU - Pristine;;;;;0;no_match;;;
ipadMini4128GBWfBlck-RD-EXD-AU;Apple iPad Mini 4 Wifi (128GB, Space Grey) - Excellent;;;;;0;no_match;;;
ipadMini416GBWfGold-RD-VR-EXD-AU;Apple iPad Mini 4 Wifi (16GB, Gold) - Excellent;;;;;0;no_match;;;
iPadMn4Cel128Gld-VR-ASN-AU;Apple iPad Mini 4 (128GB, Gold) - Pristine;;;;;0;no_match;;;
ipadMini4Slvr16GB-RD-VR-EXD-AU;Apple iPad Mini 4 Wifi (16GB, Silver) - Excellent;;;;;0;no_match;;;
ipadMini4SpGre16GB-RD-VR-EXD-AU;Apple iPad Mini 4 Wifi (16GB, Space Grey) - Excellent;;;;;0;no_match;;;
iPadMn4Cel128GldAuS-VR-ASN-AU;Apple iPad Mini 4 (128GB, Gold) AU - Pristine;;;;;0;no_match;;;
iPadMn4Cel128Sil-VR-ASN-AU;Apple iPad Mini 4 (128GB, Silver) - Pristine;;;;;0;no_match;;;
ipadMini4Wf32GBGold-RD-EXD-AU;Apple iPad Mini 4 Wifi (32GB, Gold) - Excellent;;;;;0;no_match;;;
IPDMN4wifi16Gld-VR-ASN-AU;Apple iPad Mini 4 (16GB, Gold) - Pristine;;;;;0;no_match;;;
ipadMini4Wf32GBSlvr-RD-EXD-AU;Apple iPad Mini 4 Wifi (32GB, Silver) - Excellent;;;;;0;no_match;;;
ipadMini4Blck32GB-RD-EXD-AU;Apple iPad Mini 4 Wifi (32GB, Space Grey) - Excellent;;;;;0;no_match;;;
IPDMN4wifi16Gry-VR-ASN-AU;Apple iPad Mini 4 (16GB, Grey) - Pristine;;;;;0;no_match;;;
iPdAir42020Cell64GBSil-VR-RD-EXD-AU;Apple iPad AIR 4 2020 Cellular (64GB, Silver) - Excellent;;;;;0;no_match;;;
ipadMini464GBWfSlv-RD-VR-EXD-AU;Apple iPad Mini 4 Wifi (64GB, Silver) - Excellent;;;;;0;no_match;;;
ipadMini464GBWfSpG-RD-VR-EXD-AU;Apple iPad Mini 4 Wifi (64GB, Space Grey) - Excellent;;;;;0;no_match;;;
iPMNi5Wf64GBGold-RD-VR-EXD-AU;Apple iPad Mini 5 (64GB, Gold) - Excellent;;;;;0;no_match;;;
iPdAir4Cel256GBBlu-RD-VR-EXD-AU;Apple iPad Air 4 Cellular (256GB, Blue) - Excellent;;;;;0;no_match;;;
IPDMN4wifi16Sil-VR-ASN-AU;Apple iPad Mini 4 (16GB, Silver) - Pristine;;;;;0;no_match;;;
iPdAir4Cel256GBGrn-RD-VR-EXD-AU;Apple iPad Air 4 Cellular (256GB, Green) - Excellent;;;;;0;no_match;;;
ipadMini5Wf256GBGld-RD-VR-EXD-AU;Apple iPad Mini 5 Wifi (256GB, Gold) - Excellent;;;;;0;no_match;;;
iPd5Mn256GBWfSilv-RD-VR-EXD-AU;Apple iPad Mini 5 Wifi (256GB, Silver) - Excellent;;;;;0;no_match;;;
iPd5Mn256GBWfSpGr-RD-VR-EXD-AU;Apple iPad Mini 5 Wifi (256GB, Space Grey) - Excellent;;;;;0;no_match;;;
iPadMini6Wf64GBPnk-RD-VR-EXD-AU;Apple iPad Mini 6 (64GB, Pink) - Excellent;;;;;0;no_match;;;
Ipadmini464GBWifiGld-VR-ASN-AU;Apple iPad Mini 4 (64GB, Gold) - Pristine;;;;;0;no_match;;;
iPadMini6Wf64GBPrp-RD-VR-EXD-AU;Apple iPad Mini 6 (64GB, Purple) - Excellent;;;;;0;no_match;;;
Ipadmini464GBWifiSil-VR-ASN-AU;Apple iPad Mini 4 (64GB, Silver) - Pristine;;;;;0;no_match;;;
iPadMini6Wf64GBSpG-RD-VR-EXD-AU;Apple iPad Mini 6 (64GB, Space Grey) - Excellent;;;;;0;no_match;;;
Ipadmini464GBWifiGry-VR-ASN-AU;Apple iPad Mini 4 (64GB, Space Grey) - Pristine;;;;;0;no_match;;;
iPadMini6Wf64GBStr-RD-VR-EXD-AU;Apple iPad Mini 6 (64GB, Starlight) - Excellent;;;;;0;no_match;;;
ipadMini4Cell128GBBlk-ASN-AU;Apple iPad mini 4 Cellular (128GB, Black) - Pristine;;;;;0;no_match;;;
ipadmini4WfC128GBSlvr-ASN-AU;Apple iPad mini 4 Cellular (128GB, Silver) - Pristine;;;;;0;no_match;;;
iPadPro10.5cell256GbSpcgrey-RD-VR-EXD-AU;"Apple iPad PRO 10.5"" CELLULAR (256GB, Space Grey) - Excellent";;;;;0;no_match;;;
ipadmini4WfC32GBGld-ASN-AU;Apple iPad mini 4 Cellular (32GB, Gold) - Pristine;;;;;0;no_match;;;
Ipadmini464GB4GGld-VR-ASN-AU;Apple iPad Mini 4 Cellular (64GB, Gold) - Pristine;;;;;0;no_match;;;
ipPRO105Inc64GBCellRGold-RD-VR-EXD-AU;"Apple iPad PRO 10.5"" Cellular (64GB, Rose Gold) - Excellent";;;;;0;no_match;;;
IpadPro10.564GBCellSilv-RD-VR-EXD-AU;"Apple iPad PRO 10.5"" Cellular (64GB, Silver) - Excellent";;;;;0;no_match;;;
Ipadmini464GB4GGry-VR-ASN-AU;Apple iPad Mini 4 Cellular (64GB, Grey) - Pristine;;;;;0;no_match;;;
Ipadmini464GB4GSil-VR-ASN-AU;Apple iPad Mini 4 Cellular (64GB, Silver) - Pristine;;;;;0;no_match;;;
ipadPRO105Wf256GGld-RD-VR-EXD-AU;"Apple iPad PRO 10.5"" Wifi (256GB, Gold) - Excellent";;;;;0;no_match;;;
ipadmini4Wf128GBBlck-ASN-AU;Apple iPad mini 4 Wifi (128GB, Black) - Pristine;;;;;0;no_match;;;
ipadPRO105Wf256GrGld-RD-VR-EXD-AU;"Apple iPad PRO 10.5"" Wifi (256GB, Rose Gold) - Excellent";;;;;0;no_match;;;
ipadmini4Wf128GBGold-ASN-AU;Apple iPad mini 4 Wifi (128GB, Gold) - Pristine;;;;;0;no_match;;;
IpadPro10.5256GB4Sil-RD-VR-EXD-AU;"Apple iPad PRO 10.5"" Wifi (256GB, Silver) - Excellent";;;;;0;no_match;;;
ipadmini4Wf128GBSlvr-ASN-AU;Apple iPad mini 4 Wifi (128GB, Silver) - Pristine;;;;;0;no_match;;;
ipDPRO105WfSpGr-RD-VR-EXD-AU;"Apple iPad PRO 10.5"" Wifi (256GB, Space Grey) - Excellent";;;;;0;no_match;;;
ipadmini4Wf16GBGold-ASN-AU;Apple iPad Mini 4 Wifi (16GB, Gold) - Pristine;;;;;0;no_match;;;
iPadPro105incWf512GBRgld-RD-EXD-AU;"Apple iPad PRO 10.5"" Wifi (512GB, Rose Gold) - Excellent";;;;;0;no_match;;;
Ipadmini416GBWfSpG-VR-ASN-AU;Apple iPad Mini 4 Wifi (16GB, Space Grey) - Pristine;;;;;0;no_match;;;
ipadmini4Wf32GBBlck-ASN-AU;Apple iPad Mini 4 Wifi (32GB, Black) - Pristine;;;;;0;no_match;;;
ipPRO105Inc64GBGold-RD-VR-EXD-AU;"Apple iPad PRO 10.5"" Wifi (64GB, Gold) - Excellent";;;;;0;no_match;;;
Ipadmini432GBWifiGld-VR-ASN-AU;Apple iPad Mini 4 Wifi (32GB, Gold) - Pristine;;;;;0;no_match;;;
ipPRO105Inc64GBRse-RD-VR-EXD-AU;"Apple iPad PRO 10.5"" Wifi (64GB, Rose) - Excellent";https://reebelo.com.au/collections/ipad-pro-2017-10-5?skuId=sku-mgzuulwrMU9N4Nhi4PfTVzN;64GB, 64 GB | Silver | WiFi;313.99;iPad Pro 10.5-inch (2017) 1st Gen - 64GB - WiFi - Silver;1;matched;;Very Good;https://reebelo.com.au/collections/ipad-pro-2017-10-5?skuId=sku-mgzuulwrMU9N4Nhi4PfTVzN
Ipadmini432GBWifiSpG-VR-ASN-AU;Apple iPad Mini 4 Wifi (32GB, Space Grey) - Pristine;;;;;0;no_match;;;
IpadPro10.564GBSilv-RD-VR-EXD-AU;"Apple iPad PRO 10.5"" Wifi (64GB, Silver) - Excellent";;;;;0;no_match;;;
iPMNi5Cell256GBGold-VR-ASN-AU;Apple iPad Mini 5 Cellular (256GB, Gold) - Pristine;;;;;0;no_match;;;
IpadPro10.564GB4Gry-RD-VR-EXD-AU;"Apple iPad PRO 10.5"" Wifi (64GB, Space Grey) - Excellent";;;;;0;no_match;;;
iPMNi5CEll64GBGry-VR-ASN-AU;Apple iPad Mini 5 Cellular (64GB, Grey) - Pristine;;;;;0;no_match;;;
ipDPRO11WfC256GBSil-RD-VR-EXD-AU;"Apple iPad PRO 11"" Cellular (256GB, Silver) - Excellent";;;;;0;no_match;;;
ipadMini5Gold256GB-ASN-AU;Apple iPad Mini 5 Wifi (256GB, Gold) - Pristine;;;;;0;no_match;;;
ipDPRO11WfC256GBSpGr-RD-VR-EXD-AU;"Apple iPad PRO 11"" Cellular (256GB, Space Grey) - Excellent";;;;;0;no_match;;;
iPadMini6Wf64GBPnk-VR-ASN-AU;Apple iPad Mini 6 (64GB, Pink) - Pristine;;;;;0;no_match;;;
iPadMini6Wf64GBPrp-VR-ASN-AU;Apple iPad Mini 6 (64GB, Purple) - Pristine;;;;;0;no_match;;;
iPdAir4Cel256GBGry-RD-VR-EXD-AU;Apple iPad Air 4 Cellular (256GB, Grey) - Excellent;;;;;0;no_match;;;
ipadPRO11Cell64GBSlvr-RD-VR-EXD-AU;"Apple iPad PRO 11"" Cellular (64GB, Silver) - Excellent";;;;;0;no_match;;;
iPadMini6Wf64GBStr-VR-ASN-AU;Apple iPad Mini 6 (64GB, Starlight) - Pristine;;;;;0;no_match;;;
ipPro1164CellSpGr-RD-VR-EXD-AU;"Apple iPad PRO 11"" Cellular (64GB, Space Grey) - Excellent";;;;;0;no_match;;;
iPDMICELl64GBSpG-VR-ASN-AU;Apple iPad Mini 6 Cellular (64GB, Space Grey) - Pristine;;;;;0;no_match;;;
ipadpro11cell2018512GbSILV-RD-VR-EXD-AU;"Apple iPad PRO 11"" CELLULAR 2018 (512GB, Silver) - Excellent";;;;;0;no_match;;;
ipadpro11cell2018512GbSpcgrey-RD-VR-EXD-AU;"Apple iPad PRO 11"" CELLULAR 2018 (512GB, Space Grey) - Excellent";;;;;0;no_match;;;
ipadPRO11Wf64GBSlvr-RD-VR-EXD-AU;"Apple iPad PRO 11"" Wifi (64GB, Silver) - Excellent";;;;;0;no_match;;;
ipadPRO105Cell256GGld-VR-ASN-AU;"Apple iPad PRO 10.5"" Cellular (256GB, Gold) - Pristine";;;;;0;no_match;;;
ipPro1164WfSpGr-RD-VR-EXD-AU;"Apple iPad PRO 11"" Wifi (64GB, Space Grey) - Excellent";;;;;0;no_match;;;
ipadPRO105Cell256GrGld-VR-ASN-AU;"Apple iPad PRO 10.5"" Cellular (256GB, Rose Gold) - Pristine";;;;;0;no_match;;;
iPro3rd64GBCell64GBGryAS-RD-VR-EXD-AU;Apple iPad Pro 12.9 3rd Gen (64GB, Grey) AU - Excellent;;;;;0;no_match;;;
ipadPRO105Cell256GrGldAS-VR-ASN-AU;"Apple iPad PRO 10.5"" Cellular (256GB, Rose Gold) AU - Pristine";;;;;0;no_match;;;
iPro3rd1TBCell1TBGryAS-RD-VR-EXD-AU;"Apple iPad Pro 12.9"" 3rd Gen Cellular (1TB, Grey) AU - Excellent";;;;;0;no_match;;;
ipDPRO105CellSpGr-VR-ASN-AU;"Apple iPad PRO 10.5"" Cellular (256GB, Space Grey) - Pristine";;;;;0;no_match;;;
iPadPro4thGen128CelSpG-RD-VR-EXD-AU;"Apple iPad Pro 12.9"" 4th Gen CELLULAR (128GB, Space Grey) - Excellent";;;;;0;no_match;;;
iPadPro4thGen1TBCelSpG-RD-VR-EXD-AU;"Apple iPad Pro 12.9"" 4th Gen CELLULAR (1TB, Space Grey) - Excellent";;;;;0;no_match;;;
iPadPro4thGen256CelSpG-RD-VR-EXD-AU;"Apple iPad Pro 12.9"" 4th Gen CELLULAR (256GB, Space Grey) - Excellent";;;;;0;no_match;;;
iPadPro4thGen512CelSpG-RD-VR-EXD-AU;"Apple iPad Pro 12.9"" 4th Gen CELLULAR (512GB, Space Grey) - Excellent";;;;;0;no_match;;;
iPadPro4thGen128WfSlv-RD-VR-EXD-AU;"Apple iPad Pro 12.9"" 4th Gen Wifi (128GB, Silver) - Excellent";;;;;0;no_match;;;
iPadPro4thGen128WfSpG-RD-VR-EXD-AU;"Apple iPad Pro 12.9"" 4th Gen Wifi (128GB, Space Grey) - Excellent";;;;;0;no_match;;;
iPadPro4thGen1TBWfSpG-RD-VR-EXD-AU;"Apple iPad Pro 12.9"" 4th Gen Wifi (1TB, Space Grey) - Excellent";;;;;0;no_match;;;
iPadPro4thGen256WfSpG-RD-VR-EXD-AU;"Apple iPad Pro 12.9"" 4th Gen Wifi (256GB, Space Grey) - Excellent";;;;;0;no_match;;;
iPadPro4thGen512WfSpG-RD-VR-EXD-AU;"Apple iPad Pro 12.9"" 4th Gen Wifi (512GB, Space Grey) - Excellent";;;;;0;no_match;;;
ipDPro1295th128GBGry-RD-VR-EXD-AU;"Apple iPad Pro 12.9"" 5th Gen (128GB, Grey) - Excellent";;;;;0;no_match;;;
ipPRO105Inc64GBCellGold-VR-ASN-AU;"Apple iPad PRO 10.5"" Cellular (64GB, Gold) - Pristine";;;;;0;no_match;;;
ipDPro1295th256GBGry-RD-VR-EXD-AU;"Apple iPad Pro 12.9"" 5th Gen (256GB, Grey) - Excellent";;;;;0;no_match;;;
ip2Pro129Gold256GbWf-RD-VR-EXD-AU;"Apple iPad PRO 2 12.9"" Wifi (256GB, Gold) - Excellent";;;;;0;no_match;;;
ip2Pro129SpGr256GbWf-RD-VR-EXD-AU;"Apple iPad PRO 2 12.9"" Wifi (256GB, Space Grey) - Excellent";;;;;0;no_match;;;
ip2Pro129Gold64GbWf-RD-VR-EXD-AU;"Apple iPad PRO 2 12.9"" Wifi (64GB, Gold) - Excellent";;;;;0;no_match;;;
ip2Pro129Silvr64GbWf-RD-VR-EXD-AU;"Apple iPad PRO 2 12.9"" Wifi (64GB, Silver) - Excellent";;;;;0;no_match;;;
ipadPRO2Wf129SpG64GB-RD-VR-EXD-AU;"Apple iPad PRO 2 12.9"" Wifi (64GB, Space Grey) - Excellent";;;;;0;no_match;;;
IpadPro10.564GBCellSilv-VR-ASN-AU;"Apple iPad PRO 10.5"" Cellular (64GB, Silver) - Pristine";;;;;0;no_match;;;
IpadPro10.564GBCell4Gry-VR-ASN-AU;"Apple iPad PRO 10.5"" Cellular (64GB, Space Grey) - Pristine";;;;;0;no_match;;;
iPdAir4Cel256GBRse-RD-VR-EXD-AU;Apple iPad Air 4 Cellular (256GB, Rose) - Excellent;;;;;0;no_match;;;
iPdAir52022256GBPrp-RD-VR-EXD-AU;Apple iPad AIR 5 2022 (256GB, Purple) - Excellent;;;;;0;no_match;;;
ipadPRO105Wf256GGld-VR-ASN-AU;"Apple iPad PRO 10.5"" Wifi (256GB, Gold) - Pristine";;;;;0;no_match;;;
ipadPRO105Wf256GrGld-VR-ASN-AU;"Apple iPad PRO 10.5"" Wifi (256GB, Rose Gold) - Pristine";;;;;0;no_match;;;
iPdAir5Cell202264GBSpGAS-VR-ASN-AU;Apple iPad AIR 5 2022 Cellular (64GB, Space Grey) AU - Pristine;;;;;0;no_match;;;
Ipadmini364WiFiGld-EXD-AU;Apple iPad Mini 3 Wifi (64GB, Gold) - Excellent;;;;;0;no_match;;;
iPDMn416GBSil-RD-VR-EXD-AU;Apple iPad Mini 4 Cellular (16GB, Silver) - Excellent;;;;;0;no_match;;;
IpadPro10.5256GB4Sil-VR-ASN-AU;"Apple iPad PRO 10.5"" Wifi (256GB, Silver) - Pristine";;;;;0;no_match;;;
ipDPRO105WfSpGr-VR-ASN-AU;"Apple iPad PRO 10.5"" Wifi (256GB, Space Grey) - Pristine";;;;;0;no_match;;;
iPro105Wf512GBRgld-VR-ASN-AU;"Apple iPad PRO 10.5"" Wifi (512GB, Rose Gold) - Pristine";;;;;0;no_match;;;
ipDPRO97WfC256RsGld-RD-VR-EXD-AU;"Apple iPad PRO 9.7"" Cellular (256GB, Rose Gold) - Excellent";;;;;0;no_match;;;
iPro105Wf512GBGry-VR-ASN-AU;"Apple iPad PRO 10.5"" Wifi (512GB, Space Grey) - Pristine";;;;;0;no_match;;;
ipdPro97WfC256GBSlv-RD-VR-EXD-AU;"Apple iPad PRO 9.7"" Cellular (256GB, Silver) - Excellent";;;;;0;no_match;;;
ipPRO105Inc64GBGold-VR-ASN-AU;"Apple iPad PRO 10.5"" Wifi (64GB, Gold) - Pristine";;;;;0;no_match;;;
ipDPRO97WfC256SpGr-RD-VR-EXD-AU;"Apple iPad PRO 9.7"" Cellular (256GB, Space Grey) - Excellent";;;;;0;no_match;;;
ipPRO105Inc64GBRse-VR-ASN-AU;"Apple iPad PRO 10.5"" Wifi (64GB, Rose) - Pristine";;;;;0;no_match;;;
ipPro97Wf128GBGold-RD-VR-EXD-AU;"Apple iPad PRO 9.7"" Wifi (128GB, Gold) - Excellent";;;;;0;no_match;;;
ipPro97Wf128GBRsG-RD-VR-EXD-AU;"Apple iPad PRO 9.7"" Wifi (128GB, Rose Gold) - Excellent";;;;;0;no_match;;;
ipPro97Wf128GBSlv-RD-VR-EXD-AU;"Apple iPad PRO 9.7"" Wifi (128GB, Silver) - Excellent";;;;;0;no_match;;;
ipPro97Wf128GBSpG-RD-VR-EXD-AU;"Apple iPad PRO 9.7"" Wifi (128GB, Space Grey) - Excellent";;;;;0;no_match;;;
IpadPro10.564GBSilv-VR-ASN-AU;"Apple iPad PRO 10.5"" Wifi (64GB, Silver) - Pristine";;;;;0;no_match;;;
IpadPro10.564GB4Gry-VR-ASN-AU;"Apple iPad PRO 10.5"" Wifi (64GB, Space Grey) - Pristine";;;;;0;no_match;;;
ipDPRO11WfC256GBSil-VR-ASN-AU;"Apple iPad PRO 11"" Cellular (256GB, Silver) - Pristine";;;;;0;no_match;;;
ipDPRO97WfC128GBRsGld-RD-VR-EXD-AU;"Apple iPad PRO 9.7"" Wifi + Cellular (128GB, Rose Gold) - Excellent";;;;;0;no_match;;;
ipdPRO97WfC128GBSlv-RD-VR-EXD-AU;"Apple iPad PRO 9.7"" Wifi + Cellular (128GB, Silver) - Excellent";;;;;0;no_match;;;
Ipadmini432GBLTEBlk-RD-VR-EXD-AU;Apple iPad Mini 4 Cellular (32GB, Black) - Excellent;;;;;0;no_match;;;
ipadPro97WfC32GBGold-RD-VR-EXD-AU;"Apple iPad PRO 9.7"" Wifi + Cellular (32GB, Gold) - Excellent";;;;;0;no_match;;;
IpadPro9732GBLTERose-RD-VR-EXD-AU;"Apple iPad PRO 9.7"" Wifi + Cellular (32GB, Rose Gold) - Excellent";;;;;0;no_match;;;
IpadPro9732GB4GSil-RD-VR-EXD-AU;"Apple iPad PRO 9.7"" Wifi + Cellular (32GB, Silver) - Excellent";;;;;0;no_match;;;
Ipadmini432GBLTESil-RD-VR-EXD-AU;Apple iPad Mini 4 Cellular (32GB, Silver) - Excellent;;;;;0;no_match;;;
ip11128GBBlckk-EXD-AU;Apple iPhone 11 (128GB, Black) - Excellent;;;;;0;no_match;;;
ipDPRO11WfC256GBSpGr-VR-ASN-AU;"Apple iPad PRO 11"" Cellular (256GB, Space Grey) - Pristine";;;;;0;no_match;;;
ip11128GBGreen-EXD-AU;Apple iPhone 11 (128GB, Green) - Excellent;;;;;0;no_match;;;
ipDPRO11CL512GBSilAS-VR-ASN-AU;"Apple iPad PRO 11"" Cellular (512GB, Silver) AU - Pristine";;;;;0;no_match;;;
ip11128GBPurpl-EXD-AU;Apple iPhone 11 (128GB, Purple) - Excellent;;;;;0;no_match;;;
ipDPRO11CL512GBSpGrAS-VR-ASN-AU;"Apple iPad PRO 11"" Cellular (512GB, Space Grey) AU - Pristine";;;;;0;no_match;;;
Ipadmini464GB4GGld-RD-EXD-AU;Apple iPad Mini 4 Cellular (64GB, Gold) - Excellent;;;;;0;no_match;;;
ipadPRO11Cell64GBSlvr-VR-ASN-AU;"Apple iPad PRO 11"" Cellular (64GB, Silver) - Pristine";;;;;0;no_match;;;
ip11128GBWhte-EXD-AU;Apple iPhone 11 (128GB, White) - Excellent;;;;;0;no_match;;;
ipPro1164CellSpGr-VR-ASN-AU;"Apple iPad PRO 11"" Cellular (64GB, Space Grey) - Pristine";;;;;0;no_match;;;
ip11128GBYellow-EXD-AU;Apple iPhone 11 (128GB, Yellow) - Excellent;;;;;0;no_match;;;
ipDPRO11Wf256GBSpGr-ASN-AU;"Apple iPad PRO 11"" Wifi (256GB, Space Grey) - Pristine";;;;;0;no_match;;;
ip11256GBBlack-EXD-AU;Apple iPhone 11 (256GB, Black) - Excellent;;;;;0;no_match;;;
ipadPRO11Wf64GBSlvr-VR-ASN-AU;"Apple iPad PRO 11"" Wifi (64GB, Silver) - Pristine";;;;;0;no_match;;;
ipadMini464GBWfGld-RD-VR-EXD-AU;Apple iPad Mini 4 Wifi (64GB, Gold) - Excellent;;;;;0;no_match;;;
ipPro1164WfSpGr-VR-ASN-AU;"Apple iPad PRO 11"" Wifi (64GB, Space Grey) - Pristine";;;;;0;no_match;;;
ip11256GBPurple-EXD-AU;Apple iPhone 11 (256GB, Purple) - Excellent;;;;;0;no_match;;;
iPro3rd64GBCell64GBGryAS-VR-ASN-AU;Apple iPad Pro 12.9 3rd Gen (64GB, Grey) AU - Pristine;;;;;0;no_match;;;
ip11256GBRedd-EXD-AU;Apple iPhone 11 (256GB, Red) - Excellent;;;;;0;no_match;;;
ipadPRO129Wf256GGld-VR-ASN-AU;"Apple iPad PRO 12.9"" 1st Gen Wifi (256GB, Gold) - Pristine";;;;;0;no_match;;;
iPMNi5Wf64GBGry-RD-VR-EXD-AU;Apple iPad Mini 5 (64GB, Grey) - Excellent;;;;;0;no_match;;;
ipadPRO129Wf256GSil-VR-ASN-AU;"Apple iPad PRO 12.9"" 1st Gen Wifi (256GB, Silver) - Pristine";;;;;0;no_match;;;
ip11256GBYellow-EXD-AU;Apple iPhone 11 (256GB, Yellow) - Excellent;;;;;0;no_match;;;
ipadPRO129Wf256GBGry-VR-ASN-AU;"Apple iPad PRO 12.9"" 1st Gen Wifi (256GB, Space Grey) - Pristine";;;;;0;no_match;;;
ip1164GBBlack-EXD-AU;Apple iPhone 11 (64GB, Black) - Excellent;;;;;0;no_match;;;
ipadPRO129Wf32Gld-VR-ASN-AU;"Apple iPad PRO 12.9"" 1st Gen Wifi (32GB, Gold) - Pristine";;;;;0;no_match;;;
ip1164GBGreen-EXD-AU;Apple iPhone 11 (64GB, Green) - Excellent;;;;;0;no_match;;;
ipadPRO129Wf32Sil-VR-ASN-AU;"Apple iPad PRO 12.9"" 1st Gen Wifi (32GB, Silver) - Pristine";;;;;0;no_match;;;
ip1164GBPurple-EXD-AU;Apple iPhone 11 (64GB, Purple) - Excellent;;;;;0;no_match;;;
ipadPRO129Wf32GBGry-VR-ASN-AU;"Apple iPad PRO 12.9"" 1st Gen Wifi (32GB, Space Grey) - Pristine";;;;;0;no_match;;;
ip1164GBRed4GLTE-EXD-AU;Apple iPhone 11 (64GB, Red) - Excellent;;;;;0;no_match;;;
ipDPro1293rd256GBGry-VR-ASN-AU;"Apple iPad Pro 12.9"" 3rd Gen (256GB, Grey) - Pristine";;;;;0;no_match;;;
ip1164GBWhite-EXD-AU;Apple iPhone 11 (64GB, White) - Excellent;;;;;0;no_match;;;
ipDPro1293rd256GBSIil-VR-ASN-AU;"Apple iPad Pro 12.9"" 3rd Gen (256GB, Silver) - Pristine";;;;;0;no_match;;;
ip1164GBYellow-EXD-AU;Apple iPhone 11 (64GB, Yellow) - Excellent;;;;;0;no_match;;;
iPro3rd1TBCell1TBGry-VR-ASN-AU;"Apple iPad Pro 12.9"" 3rd Gen Cellular (1TB, Grey) - Pristine";;;;;0;no_match;;;
ip11ProGB256Gold-RD-VR-EXD-AU;Apple iPhone 11 PRO (256GB, Gold) - Excellent;;;;;0;no_match;;;
iPro3rd1TBCell1TBGryAS-VR-ASN-AU;"Apple iPad Pro 12.9"" 3rd Gen Cellular (1TB, Grey) AU - Pristine";;;;;0;no_match;;;
ip11ProGB256Green-RD-VR-EXD-AU;Apple iPhone 11 PRO (256GB, Green) - Excellent;;;;;0;no_match;;;
iPro3rd64GBCell64GBGry-VR-ASN-AU;"Apple iPad Pro 12.9"" 3rd Gen Cellular (64GB, Grey) - Pristine";;;;;0;no_match;;;
ip11ProGB256Grey-RD-VR-EXD-AU;Apple iPhone 11 PRO (256GB, Grey) - Excellent;;;;;0;no_match;;;
ip11ProGB256Slvr-RD-VR-EXD-AU;Apple iPhone 11 PRO (256GB, Silver) - Excellent;;;;;0;no_match;;;
ipDPro1295th128GBGry-VR-ASN-AU;"Apple iPad Pro 12.9"" 5th Gen (128GB, Grey) - Pristine";;;;;0;no_match;;;
ipDPro1295th256GBGry-VR-ASN-AU;"Apple iPad Pro 12.9"" 5th Gen (256GB, Grey) - Pristine";;;;;0;no_match;;;
ip11ProGB512Gold-RD-VR-EXD-AU;Apple iPhone 11 PRO (512GB, Gold) - Excellent;;;;;0;no_match;;;
iPRO5th129Cel256GBGry-VR-ASN-AU;"Apple iPad PRO 12.9"" 5th Gen Cellular (256GB, Space Grey) - Pristine";;;;;0;no_match;;;
ip11ProGB512Green-RD-VR-EXD-AU;Apple iPhone 11 PRO (512GB, Green) - Excellent;;;;;0;no_match;;;
iPRO5th129Cel256GBGryAS-VR-ASN-AU;"Apple iPad PRO 12.9"" 5th Gen Cellular (256GB, Space Grey) AU - Pristine";;;;;0;no_match;;;
ip11ProGB512SpG-RD-VR-EXD-AU;Apple iPhone 11 PRO (512GB, Grey) - Excellent;;;;;0;no_match;;;
ip11ProGB512Silver-RD-VR-EXD-AU;Apple iPhone 11 PRO (512GB, Silver) - Excellent;;;;;0;no_match;;;
ipadPro2SpG256GBWfC-ASN-AU;Apple iPad PRO 2 12.9 Wifi + Cellular (256GB, Space Grey) - Pristine;;;;;0;no_match;;;
ipDPro2WfC512GBSpG-ASN-AU;Apple iPad PRO 2 12.9 Wifi + Cellular (512GB, Space Grey) - Pristine;;;;;0;no_match;;;
ip11Pro64GBGold-RD-VR-EXD-AU;Apple iPhone 11 PRO (64GB, Gold) - Excellent;;;;;0;no_match;;;
iPadPro3256GBCellSilv-VR-ASN-AU;Apple iPad Pro 3 12.9 Cellular (256GB, Silver) - Pristine;;;;;0;no_match;;;
ip11Pro64GBGreen-RD-VR-EXD-AU;Apple iPhone 11 PRO (64GB, Green) - Excellent;;;;;0;no_match;;;
iPadPro3256GBCellSGry-VR-ASN-AU;Apple iPad Pro 3 12.9 Cellular (256GB, Space Grey) - Pristine;;;;;0;no_match;;;
ip11Pro64GBSilver-RD-VR-EXD-AU;Apple iPhone 11 PRO (64GB, Silver) - Excellent;;;;;0;no_match;;;
iPdPro312.92018512GBCelSIlv-VR-ASN-AU;"Apple iPad Pro 3 12.9"" Cellular (512GB, Silver) - Pristine";;;;;0;no_match;;;
ipadMini5Cel256GBSlvr-RD-EXD-AU;Apple iPad Mini 5 Cellular (256GB, Silver) - Excellent;;;;;0;no_match;;;
ip11Pro64GBSpaGrey-RD-VR-EXD-AU;Apple iPhone 11 PRO (64GB, Space Grey) - Excellent;;;;;0;no_match;;;
ip11ProMax256GBGold-RD-VR-EXD-AU;Apple iPhone 11 PRO MAX (256GB, Gold) - Excellent;;;;;0;no_match;;;
ipDPRO97C128GBGld-VR-ASN-AU;"Apple iPad PRO 9.7"" Cellular (128GB, Gold) - Pristine";;;;;0;no_match;;;
ip11PrMx256Green-RD-VR-EXD-AU;Apple iPhone 11 PRO MAX (256GB, Green) - Excellent;;;;;0;no_match;;;
ipdPRO97C128GBSlv-VR-ASN-AU;"Apple iPad PRO 9.7"" Cellular (128GB, Silver) - Pristine";;;;;0;no_match;;;
ip11ProMax256GBSlv-RD-VR-EXD-AU;Apple iPhone 11 PRO MAX (256GB, Silver) - Excellent;;;;;0;no_match;;;
ipDPRO97C128SpGr-VR-ASN-AU;"Apple iPad PRO 9.7"" Cellular (128GB, Space Grey) - Pristine";;;;;0;no_match;;;
ip11PrMx256SpGr-RD-VR-EXD-AU;Apple iPhone 11 PRO MAX (256GB, Space Grey) - Excellent;;;;;0;no_match;;;
ipDPRO97WfC256RsGld-VR-ASN-AU;"Apple iPad PRO 9.7"" Cellular (256GB, Rose Gold) - Pristine";;;;;0;no_match;;;
ip11ProMax512GBGold-RD-VR-EXD-AU;Apple iPhone 11 PRO MAX (512GB, Gold) - Excellent;;;;;0;no_match;;;
ipdPro97WfC256GBSlv-VR-ASN-AU;"Apple iPad PRO 9.7"" Cellular (256GB, Silver) - Pristine";;;;;0;no_match;;;
ip11ProMax512GBGreen-RD-VR-EXD-AU;Apple iPhone 11 PRO MAX (512GB, Green) - Excellent;;;;;0;no_match;;;
ipDPRO97WfC256SpGr-VR-ASN-AU;"Apple iPad PRO 9.7"" Cellular (256GB, Space Grey) - Pristine";;;;;0;no_match;;;
ip11ProMax512GBSilver-RD-VR-EXD-AU;Apple iPhone 11 PRO MAX (512GB, Silver) - Excellent;;;;;0;no_match;;;
ipdPRO97WF32GBGldAS-VR-ASN-AU;"Apple iPad PRO 9.7"" Wifi (32GB, Gold) AU - Pristine";;;;;0;no_match;;;
ip11ProMax512GBSpG-RD-VR-EXD-AU;Apple iPhone 11 PRO MAX (512GB, Space Grey) - Excellent;;;;;0;no_match;;;
ipdPRO97WF32GBGrey-VR-ASN-AU;"Apple iPad PRO 9.7"" Wifi (32GB, Grey) - Pristine";;;;;0;no_match;;;
ip11ProMax64GBGold-RD-VR-EXD-AU;Apple iPhone 11 PRO MAX (64GB, Gold) - Excellent;;;;;0;no_match;;;
ipdPRO97WF32GBSlv-VR-ASN-AU;"Apple iPad PRO 9.7"" Wifi (32GB, Silver) - Pristine";;;;;0;no_match;;;
ip11ProMax64GBGreen-RD-VR-EXD-AU;Apple iPhone 11 PRO MAX (64GB, Green) - Excellent;;;;;0;no_match;;;
ip11128GBBlack-ASN-AU;Apple iPhone 11 (128GB, Black) - Pristine;;;;;0;no_match;;;
ip11ProMax64GBSlvr-RD-VR-EXD-AU;Apple iPhone 11 PRO MAX (64GB, Silver) - Excellent;;;;;0;no_match;;;
ip11128GBGreen-ASN-AU;Apple iPhone 11 (128GB, Green) - Pristine;;;;;0;no_match;;;
ip11ProMax64GBSpGre-RD-VR-EXD-AU;Apple iPhone 11 PRO MAX (64GB, Space Grey) - Excellent;;;;;0;no_match;;;
ip11128GBPurple-ASN-AU;Apple iPhone 11 (128GB, Purple) - Pristine;;;;;0;no_match;;;
iPhone125G128GBBlack-RD-VR-EXD-AU;Apple iPhone 12 (128GB, Black) - Excellent;;;;;0;no_match;;;
iPhone125G128GBBlue-RD-VR-EXD-AU;Apple iPhone 12 (128GB, Blue) - Excellent;;;;;0;no_match;;;
iPhone125G128GBGreen-RD-VR-EXD-AU;Apple iPhone 12 (128GB, Green) - Excellent;;;;;0;no_match;;;
iPMNi5CEll64GBGryAS-RD-VR-EXD-AU;Apple iPad Mini 5 Cellular (64GB, Grey) AU - Excellent;;;;;0;no_match;;;
iPhone125G128GBRed-RD-VR-EXD-AU;Apple iPhone 12 (128GB, Red) - Excellent;;;;;0;no_match;;;
iPhone125G128GBWhite-RD-VR-EXD-AU;Apple iPhone 12 (128GB, White) - Excellent;;;;;0;no_match;;;
Apliph12256GBBlk-RD-VR-EXD-AU;Apple iPhone 12 (256GB, Black) - Excellent;;;;;0;no_match;;;
ip11128GBRed-ASN-AU;Apple iPhone 11 (128GB, Red) - Pristine;;;;;0;no_match;;;
iPadMini6Wf64GBSpG-VR-ASN-AU;Apple iPad Mini 6 (64GB, Space Grey) - Pristine;;;;;0;no_match;;;
ip11128GBWhite-ASN-AU;Apple iPhone 11 (128GB, White) - Pristine;;;;;0;no_match;;;
ipDPRO11Wifi256GBSpGr-RD-VR-EXD-AU;"Apple iPad PRO 11"" Wifi (256GB, Space Grey) - Excellent";;;;;0;no_match;;;
iPadPro4thGen256WfSlv-RD-VR-EXD-AU;"Apple iPad Pro 12.9"" 4th Gen Wifi (256GB, Silver) - Excellent";;;;;0;no_match;;;
Apliph12256GBPrp-RD-VR-EXD-AU;Apple iPhone 12 (256GB, Purple) - Excellent;;;;;0;no_match;;;
ip11256GBBlack-ASN-AU;Apple iPhone 11 (256GB, Black) - Pristine;;;;;0;no_match;;;
Apliph12256GBRed-RD-VR-EXD-AU;Apple iPhone 12 (256GB, Red) - Excellent;;;;;0;no_match;;;
ipadPRO3Wf256GBSilver-RD-VR-EXD-AU;"Apple iPad Pro 3 12.9"" (256GB, Silver) - Excellent";;;;;0;no_match;;;
Apliph12256GBWht-RD-VR-EXD-AU;Apple iPhone 12 (256GB, White) - Excellent;;;;;0;no_match;;;
ip11256GBPurple-VR-ASN-AU;Apple iPhone 11 (256GB, Purple) - Pristine;;;;;0;no_match;;;
iPhone125G64GBBlack-VR-RD-EXD-AU;Apple iPhone 12 (64GB, Black) - Excellent;;;;;0;no_match;;;
ip11256GBRed-VR-ASN-AU;Apple iPhone 11 (256GB, Red) - Pristine;;;;;0;no_match;;;
iPhone125G64GBBlue-VR-RD-EXD-AU;Apple iPhone 12 (64GB, Blue) - Excellent;;;;;0;no_match;;;
ip11256GBWhite-ASN-AU;Apple iPhone 11 (256GB, White) - Pristine;;;;;0;no_match;;;
iPhone125G64GBGreen-VR-RD-EXD-AU;Apple iPhone 12 (64GB, Green) - Excellent;;;;;0;no_match;;;
iPhone125G64GBPurple-VR-RD-EXD-AU;Apple iPhone 12 (64GB, Purple) - Excellent;;;;;0;no_match;;;
ipadPRO3Wf256GBSpG-RD-VR-EXD-AU;"Apple iPad Pro 3 12.9"" (256GB, Space Grey) - Excellent";;;;;0;no_match;;;
iPhone125G64GBWhite-VR-RD-EXD-AU;Apple iPhone 12 (64GB, White) - Excellent;;;;;0;no_match;;;
iPdPro312.92018512GBCelGry-VR-ASN-AU;"Apple iPad Pro 3 12.9"" Cellular (512GB, Space Grey) - Pristine";;;;;0;no_match;;;
ip1164GBBlack-ASN-AU;Apple iPhone 11 (64GB, Black) - Pristine;;;;;0;no_match;;;
ip1164GBGreen-ASN-AU;Apple iPhone 11 (64GB, Green) - Pristine;;;;;0;no_match;;;
ip1164GBPurple-ASN-AU;Apple iPhone 11 (64GB, Purple) - Pristine;;;;;0;no_match;;;
ip1164GBRedd-ASN-AU;Apple iPhone 11 (64GB, Red) - Pristine;;;;;0;no_match;;;
ip1164GBWhite-ASN-AU;Apple iPhone 11 (64GB, White) - Pristine;;;;;0;no_match;;;
ip1164GBYellow-ASN-AU;Apple iPhone 11 (64GB, Yellow) - Pristine;;;;;0;no_match;;;
iPhone11PRO256Gold-ASN-AU;Apple iPhone 11 PRO (256GB, Gold) - Pristine;;;;;0;no_match;;;
iPhone11PRO256Green-ASN-AU;Apple iPhone 11 PRO (256GB, Green) - Pristine;;;;;0;no_match;;;
iPhone11PRO256Silver-ASN-AU;Apple iPhone 11 PRO (256GB, Silver) - Pristine;;;;;0;no_match;;;
iPdPro9.732GBWfGld-RD-VR-EXD-AU;Apple iPad Pro 9.7-inch (32GB, Gold) - Excellent;;;;;0;no_match;;;
iPhone11PRO256SpG-ASN-AU;Apple iPhone 11 PRO (256GB, Space Gray) - Pristine;;;;;0;no_match;;;
iPdPro9.732GBWfSil-RD-VR-EXD-AU;Apple iPad Pro 9.7-inch (32GB, Silver) - Excellent;;;;;0;no_match;;;
iPhone11PRO512Gold-ASN-AU;Apple iPhone 11 PRO (512GB, Gold) - Pristine;;;;;0;no_match;;;
iPdPro9.732GBWifiGry-RD-VR-EXD-AU;Apple iPad Pro 9.7-inch (32GB, Space Grey) - Excellent;;;;;0;no_match;;;
iPh12Mini5G128GBDSPurp-RD-VR-EXD-AU;Apple iPhone 12 Mini (128GB, Purple) - Excellent;;;;;0;no_match;;;
ipDPRO97WfC128SpGr-RD-VR-EXD-AU;"Apple iPad PRO 9.7"" Wifi + Cellular (128GB, Space Grey) - Excellent";;;;;0;no_match;;;
IpadPro9732GB4GGry-RD-VR-EXD-AU;"Apple iPad PRO 9.7"" Wifi + Cellular (32GB, Space Grey) - Excellent";;;;;0;no_match;;;
iPhone11PRO512Green-ASN-AU;Apple iPhone 11 PRO (512GB, Green) - Pristine;;;;;0;no_match;;;
ip11128GBRedd-EXD-AU;Apple iPhone 11 (128GB, Red) - Excellent;;;;;0;no_match;;;
iPhone11PRO512Slvr-ASN-AU;Apple iPhone 11 PRO (512GB, Silver) - Pristine;;;;;0;no_match;;;
ip11128GBYlw-VR-ASN-AU;Apple iPhone 11 (128GB, Yellow) - Pristine;;;;;0;no_match;;;
iPhone11PRO512SpG-ASN-AU;Apple iPhone 11 PRO (512GB, Space Grey) - Pristine;;;;;0;no_match;;;
ip11256GBGreen-EXD-AU;Apple iPhone 11 (256GB, Green) - Excellent;;;;;0;no_match;;;
ip11Pro64GBGold-VR-ASN-AU;Apple iPhone 11 PRO (64GB, Gold) - Pristine;;;;;0;no_match;;;
ip11256GBGreen-VR-ASN-AU;Apple iPhone 11 (256GB, Green) - Pristine;;;;;0;no_match;;;
iPhone11PRO64Green-ASN-AU;Apple iPhone 11 PRO (64GB, Green) - Pristine;;;;;0;no_match;;;
ip11256GBWhte-EXD-AU;Apple iPhone 11 (256GB, White) - Excellent;;;;;0;no_match;;;
iPhone11PRO64Silver-ASN-AU;Apple iPhone 11 PRO (64GB, Silver) - Pristine;;;;;0;no_match;;;
iP11256GBYlw-VR-ASN-AU;Apple iPhone 11 (256GB, Yellow) - Pristine;;;;;0;no_match;;;
iPhone11PRO64SpG-ASN-AU;Apple iPhone 11 PRO (64GB, Space Gray) - Pristine;;;;;0;no_match;;;
iPhone11PROMx256Gold-VR-ASN-AU;Apple iPhone 11 PRO MAX (256GB, Gold) - Pristine;;;;;0;no_match;;;
iPhone11PROMx256Grn-VR-ASN-AU;Apple iPhone 11 PRO MAX (256GB, Green) - Pristine;;;;;0;no_match;;;
iPhone11PROMx256Slvr-VR-ASN-AU;Apple iPhone 11 PRO MAX (256GB, Silver) - Pristine;;;;;0;no_match;;;
iPhone11PROMx256SpGr-VR-ASN-AU;Apple iPhone 11 PRO MAX (256GB, Space Grey) - Pristine;;;;;0;no_match;;;
iPhone11PROMx64Green-VR-ASN-AU;Apple iPhone 11 PRO MAX (64GB, Green) - Pristine;;;;;0;no_match;;;
iPhone11PROMx64SpGr-VR-ASN-AU;Apple iPhone 11 PRO MAX (64GB, Space Grey) - Pristine;;;;;0;no_match;;;
iPhone125G128GBPurple-RD-VR-EXD-AU;Apple iPhone 12 (128GB, Purple) - Excellent;;;;;0;no_match;;;
iPhone125G256GBBlack-VR-ASN-AU;Apple iPhone 12 (256GB, Black) - Pristine;;;;;0;no_match;;;
Apliph12256GBBlu-RD-VR-EXD-AU;Apple iPhone 12 (256GB, Blue) - Excellent;;;;;0;no_match;;;
ip11ProMax512GBGold-ASN-AU;Apple iPhone 11 PRO MAX (512GB, Gold) - Pristine;;;;;0;no_match;;;
iPhone125G256GBBlue-VR-ASN-AU;Apple iPhone 12 (256GB, Blue) - Pristine;;;;;0;no_match;;;
ip11ProMax512GBGreen-ASN-AU;Apple iPhone 11 PRO MAX (512GB, Green) - Pristine;;;;;0;no_match;;;
ip11ProMax512GBSilv-ASN-AU;Apple iPhone 11 PRO MAX (512GB, Silver) - Pristine;;;;;0;no_match;;;
ip11ProMax512GBSpG-ASN-AU;Apple iPhone 11 PRO MAX (512GB, Space Grey) - Pristine;;;;;0;no_match;;;
iPhone11PROMx64Gold-VR-ASN-AU;Apple iPhone 11 PRO MAX (64GB, Gold) - Pristine;;;;;0;no_match;;;
Apliph12256GBGrn-RD-VR-EXD-AU;Apple iPhone 12 (256GB, Green) - Excellent;;;;;0;no_match;;;
iPhone11PROMx64Slvr-VR-ASN-AU;Apple iPhone 11 PRO MAX (64GB, Silver) - Pristine;;;;;0;no_match;;;
iPhone125G256GBGreen-VR-ASN-AU;Apple iPhone 12 (256GB, Green) - Pristine;;;;;0;no_match;;;
iPhone125G256GBPurple-VR-ASN-AU;Apple iPhone 12 (256GB, Purple) - Pristine;;;;;0;no_match;;;
iPhone125G256GBRed-VR-ASN-AU;Apple iPhone 12 (256GB, Red) - Pristine;;;;;0;no_match;;;
iPhone125G256GBWhite-VR-ASN-AU;Apple iPhone 12 (256GB, White) - Pristine;;;;;0;no_match;;;
Iphone12Blck64GB5G-ASN-AU;Apple iPhone 12 (64GB, Black) - Pristine;;;;;0;no_match;;;
Iphone12Blue64GB5G-ASN-AU;Apple iPhone 12 (64GB, Blue) - Pristine;;;;;0;no_match;;;
iPhone125G64GBRed-VR-RD-EXD-AU;Apple iPhone 12 (64GB, Red) - Excellent;;;;;0;no_match;;;
Iphone12Whte64GB5G-ASN-AU;Apple iPhone 12 (64GB, White) - Pristine;;;;;0;no_match;;;
iPhone125G128GBBlack-VR-ASN-AU;Apple iPhone 12 5G (128GB, Black) - Pristine;;;;;0;no_match;;;
iPhone125G128GBGreen-VR-ASN-AU;Apple iPhone 12 5G (128GB, Green) - Pristine;;;;;0;no_match;;;
iPhone125G128GBPurple-VR-ASN-AU;Apple iPhone 12 5G (128GB, Purple) - Pristine;;;;;0;no_match;;;
iPhone125G128GBRed-VR-ASN-AU;Apple iPhone 12 5G (128GB, Red) - Pristine;;;;;0;no_match;;;
iPhone125G128GBWhite-VR-ASN-AU;Apple iPhone 12 5G (128GB, White) - Pristine;;;;;0;no_match;;;
iPhone125G64GBGreen-VR-ASN-AU;Apple iPhone 12 5G (64GB, Green) - Pristine;;;;;0;no_match;;;
iPhone125G64GBPurple-VR-ASN-AU;Apple iPhone 12 5G (64GB, Purple) - Pristine;;;;;0;no_match;;;
iPhone125G64GBRed-VR-ASN-AU;Apple iPhone 12 5G (64GB, Red) - Pristine;;;;;0;no_match;;;
iP12Mn128GBBlk-EXD-AU;Apple iPhone 12 Mini (128GB, Black) - Excellent;;;;;0;no_match;;;
iP12Mn128GBBlk-ASN-AU;Apple iPhone 12 Mini (128GB, Black) - Pristine;;;;;0;no_match;;;
iP12Mini128GBBlue-RD-VR-EXD-AU;Apple iPhone 12 Mini (128GB, Blue) - Excellent;;;;;0;no_match;;;
iP12Mn128GBBlu-ASN-AU;Apple iPhone 12 Mini (128GB, Blue) - Pristine;;;;;0;no_match;;;
iP12Mini128GBGrn-RD-VR-EXD-AU;Apple iPhone 12 Mini (128GB, Green) - Excellent;;;;;0;no_match;;;
iP12Mini128GBRed-RD-VR-EXD-AU;Apple iPhone 12 Mini (128GB, Red) - Excellent;;;;;0;no_match;;;
iPhone125G128GBBlue-VR-ASN-AU;Apple iPhone 12 5G (128GB, Blue) - Pristine;;;;;0;no_match;;;
iP12Mn128GBWht-EXD-AU;Apple iPhone 12 Mini (128GB, White) - Excellent;;;;;0;no_match;;;
iP12Mn128GBWht-ASN-AU;Apple iPhone 12 Mini (128GB, White) - Pristine;;;;;0;no_match;;;
iPh12Mini256GBBlk-RD-VR-EXD-AU;Apple iPhone 12 Mini (256GB, Black) - Excellent;;;;;0;no_match;;;
iP12MN256GBBlck-VR-ASN-AU;Apple iPhone 12 Mini (256GB, Black) - Pristine;;;;;0;no_match;;;
iPh12Mini256GBBlu-RD-VR-EXD-AU;Apple iPhone 12 Mini (256GB, Blue) - Excellent;;;;;0;no_match;;;
iP12MN256GBBlu-VR-ASN-AU;Apple iPhone 12 Mini (256GB, Blue) - Pristine;;;;;0;no_match;;;
iPh12Mini256GBGrn-RD-VR-EXD-AU;Apple iPhone 12 Mini (256GB, Green) - Excellent;;;;;0;no_match;;;
iP12MN256GBGrn-VR-ASN-AU;Apple iPhone 12 Mini (256GB, Green) - Pristine;;;;;0;no_match;;;
iPh12Mini256GBPrp-RD-VR-EXD-AU;Apple iPhone 12 Mini (256GB, Purple) - Excellent;;;;;0;no_match;;;
iPh12MiNi256GBRed-RD-VR-EXD-AU;Apple iPhone 12 Mini (256GB, Red) - Excellent;;;;;0;no_match;;;
iP12MN256GBRed-VR-ASN-AU;Apple iPhone 12 Mini (256GB, Red) - Pristine;;;;;0;no_match;;;
iPh12Mini256GBWht-RD-VR-EXD-AU;Apple iPhone 12 Mini (256GB, White) - Excellent;;;;;0;no_match;;;
iPhone12Promax256GBGold-EXD-AU;Apple iPhone 12 PRO MAX (256GB, Gold) - Excellent;;;;;0;no_match;;;
iPh12Mini5G256GBWht-VR-ASN-AU;Apple iPhone 12 Mini (256GB, White) - Pristine;;;;;0;no_match;;;
iP12Mini64GBBlck-VR-EXD-AU;Apple iPhone 12 Mini (64GB, Black) - Excellent;;;;;0;no_match;;;
iP12MN64GBBlck-VR-ASN-AU;Apple iPhone 12 Mini (64GB, Black) - Pristine;;;;;0;no_match;;;
iP12Mini64GBBlu-VR-EXD-AU;Apple iPhone 12 Mini (64GB, Blue) - Excellent;;;;;0;no_match;;;
iP12MN64GBBlu-VR-ASN-AU;Apple iPhone 12 Mini (64GB, Blue) - Pristine;;;;;0;no_match;;;
iP12Mini64GBGrn-VR-EXD-AU;Apple iPhone 12 Mini (64GB, Green) - Excellent;;;;;0;no_match;;;
iP12MN64GBGrn-VR-ASN-AU;Apple iPhone 12 Mini (64GB, Green) - Pristine;;;;;0;no_match;;;
iP12Mini64GBPurp-VR-EXD-AU;Apple iPhone 12 Mini (64GB, Purple) - Excellent;;;;;0;no_match;;;
iP12Mini64GBRed-VR-EXD-AU;Apple iPhone 12 Mini (64GB, Red) - Excellent;;;;;0;no_match;;;
iP12MN64GBRed-VR-ASN-AU;Apple iPhone 12 Mini (64GB, Red) - Pristine;;;;;0;no_match;;;
iP12Mini64GBWht-VR-EXD-AU;Apple iPhone 12 Mini (64GB, White) - Excellent;;;;;0;no_match;;;
iP12MN64GBWht-VR-ASN-AU;Apple iPhone 12 Mini (64GB, White) - Pristine;;;;;0;no_match;;;
iP12PrMX512GBSil-VR-EXD-AU;Apple iPhone 12 Pro MAX (512GB, Silver) - Excellent;;;;;0;no_match;;;
iPhone12Pro5G128GBBlue-RD-VR-EXD-AU;Apple iPhone 12 Pro 5G (128GB, Blue) - Excellent;;;;;0;no_match;;;
iPhone12Pro5G128GBBlue-VR-ASN-AU;Apple iPhone 12 Pro 5G (128GB, Blue) - Pristine;;;;;0;no_match;;;
iPh12Mini5G256GBPurp-VR-ASN-AU;Apple iPhone 12 Mini (256GB, Purple) - Pristine;;;;;0;no_match;;;
iPhone12Pro5G128GBGold-RD-VR-EXD-AU;Apple iPhone 12 Pro 5G (128GB, Gold) - Excellent;;;;;0;no_match;;;
iPhone12Pro5G128GBGold-VR-ASN-AU;Apple iPhone 12 Pro 5G (128GB, Gold) - Pristine;;;;;0;no_match;;;
iPhone12Pro5G128GBSpG-RD-VR-EXD-AU;Apple iPhone 12 Pro 5G (128GB, Graphite) - Excellent;;;;;0;no_match;;;
iPhone12Pro5G128GBSpG-VR-ASN-AU;Apple iPhone 12 Pro 5G (128GB, Graphite) - Pristine;;;;;0;no_match;;;
iPhone12Pro5G128GBSilv-RD-VR-EXD-AU;Apple iPhone 12 Pro 5G (128GB, Silver) - Excellent;;;;;0;no_match;;;
iPhone12Pro5G128GBSilv-VR-ASN-AU;Apple iPhone 12 Pro 5G (128GB, Silver) - Pristine;;;;;0;no_match;;;
iP12Pro5G256GBBlue-RD-VR-EXD-AU;Apple iPhone 12 Pro 5G (256GB, Blue) - Excellent;;;;;0;no_match;;;
iPhone12Pro5G256GBBlue-VR-ASN-AU;Apple iPhone 12 Pro 5G (256GB, Blue) - Pristine;;;;;0;no_match;;;
iP12Pro5G256GBGld-RD-VR-EXD-AU;Apple iPhone 12 Pro 5G (256GB, Gold) - Excellent;;;;;0;no_match;;;
iPhone12Pro5G256GBGld-VR-ASN-AU;Apple iPhone 12 Pro 5G (256GB, Gold) - Pristine;;;;;0;no_match;;;
iP12Pro5G256GBGrpht-RD-VR-EXD-AU;Apple iPhone 12 Pro 5G (256GB, Graphite) - Excellent;;;;;0;no_match;;;
iP12MN64GBPurp-VR-ASN-AU;Apple iPhone 12 Mini (64GB, Purple) - Pristine;;;;;0;no_match;;;
iPhone12Pro5G256GBGrpht-VR-ASN-AU;Apple iPhone 12 Pro 5G (256GB, Graphite) - Pristine;;;;;0;no_match;;;
iP12Pro5G256GBSilv-RD-VR-EXD-AU;Apple iPhone 12 Pro 5G (256GB, Silver) - Excellent;;;;;0;no_match;;;
iPhone12Pro5G256GBSilv-VR-ASN-AU;Apple iPhone 12 Pro 5G (256GB, Silver) - Pristine;;;;;0;no_match;;;
iP12Pro5G512GBBlue-RD-VR-EXD-AU;Apple iPhone 12 Pro 5G (512GB, Blue) - Excellent;;;;;0;no_match;;;
iP12Pro5G512GBBlue-VR-ASN-AU;Apple iPhone 12 Pro 5G (512GB, Blue) - Pristine;;;;;0;no_match;;;
iPh12Mini5G128GBBlck-VR-ASN-AU;Apple iPhone 12 Mini 5G (128GB, Black) - Pristine;;;;;0;no_match;;;
iP12Pro5G512GBGld-RD-VR-EXD-AU;Apple iPhone 12 Pro 5G (512GB, Gold) - Excellent;;;;;0;no_match;;;
iPh12Mini5G128GBBlue-VR-ASN-AU;Apple iPhone 12 Mini 5G (128GB, Blue) - Pristine;;;;;0;no_match;;;
iP12Pro5G512GBGld-VR-ASN-AU;Apple iPhone 12 Pro 5G (512GB, Gold) - Pristine;;;;;0;no_match;;;
iPh12Mini5G128GBGren-VR-ASN-AU;Apple iPhone 12 Mini 5G (128GB, Green) - Pristine;;;;;0;no_match;;;
iP12Pro5G512GBGrpht-RD-VR-EXD-AU;Apple iPhone 12 Pro 5G (512GB, Graphite) - Excellent;;;;;0;no_match;;;
iPh12Mini5G128GBPurp-VR-ASN-AU;Apple iPhone 12 Mini 5G (128GB, Purple) - Pristine;;;;;0;no_match;;;
iP12Pro5G512GBGrpht-VR-ASN-AU;Apple iPhone 12 Pro 5G (512GB, Graphite) - Pristine;;;;;0;no_match;;;
iPh12Mini5G128GBRed-VR-ASN-AU;Apple iPhone 12 Mini 5G (128GB, Red) - Pristine;;;;;0;no_match;;;
iP12Pro5G512GBSil-RD-VR-EXD-AU;Apple iPhone 12 Pro 5G (512GB, Silver) - Excellent;;;;;0;no_match;;;
iPh12Mini5G128GBWht-VR-ASN-AU;Apple iPhone 12 Mini 5G (128GB, White) - Pristine;;;;;0;no_match;;;
iP12Pro5G512GBSil-VR-ASN-AU;Apple iPhone 12 Pro 5G (512GB, Silver) - Pristine;;;;;0;no_match;;;
iPhone12ProMax128GBGold-EXD-AU;Apple iPhone 12 PRO MAX (128GB, Gold) - Excellent;;;;;0;no_match;;;
iPhone12ProMax128GBGld-VR-ASN-AU;Apple iPhone 12 Pro Max (128GB, Gold) - Pristine;;;;;0;no_match;;;
iPhone12ProMax128GBGraphite-EXD-AU;Apple iPhone 12 PRO MAX (128GB, Graphite) - Excellent;;;;;0;no_match;;;
iPhone12ProMax128GBGrp-VR-ASN-AU;Apple iPhone 12 Pro Max (128GB, Graphite) - Pristine;;;;;0;no_match;;;
iPhone12ProMax128GBPcb-VR-ASN-AU;Apple iPhone 12 Pro Max (128GB, Pacific Blue) - Pristine;;;;;0;no_match;;;
iPhone12ProMax128GBPfcBlue-EXD-AU;Apple iPhone 12 PRO MAX (128GB, Pasific Blue) - Excellent;;;;;0;no_match;;;
iPhone12ProMax128GBSlv-VR-EXD-AU;Apple iPhone 12 PRO MAX (128GB, Silver) - Excellent;;;;;0;no_match;;;
iPhone12Promax256GBGraphite-EXD-AU;Apple iPhone 12 PRO MAX (256GB,  Graphite) - Excellent;;;;;0;no_match;;;
iPhone12ProMax256GBBlue-VR-ASN-AU;Apple iPhone 12 Pro MAX (256GB, Blue) - Pristine;;;;;0;no_match;;;
iPhone12ProMax256GBGold-VR-ASN-AU;Apple iPhone 12 Pro MAX (256GB, Gold) - Pristine;;;;;0;no_match;;;
iPhone12Promax256GBPblue-EXD-AU;Apple iPhone 12 PRO MAX (256GB, Pacific Blue) - Excellent;;;;;0;no_match;;;
iPhone12Promax256GBSilver-EXD-AU;Apple iPhone 12 PRO MAX (256GB, Silver) - Excellent;;;;;0;no_match;;;
iPhone12Promax256GBGraphite-VR-EXD-AU;Apple iPhone 12 PRO MAX (256GB, Space Grey) - Excellent;;;;;0;no_match;;;
iPhone12ProMAX512GBBlue-RD-EXD-AU;Apple iPhone 12 PRO MAX (512GB, Blue) - Excellent;;;;;0;no_match;;;
iP12PrMX512GBGold-VR-EXD-AU;Apple iPhone 12 Pro MAX (512GB, Gold) - Excellent;;;;;0;no_match;;;
iP12PrMX512GBGrp-VR-EXD-AU;Apple iPhone 12 Pro MAX (512GB, Graphite) - Excellent;;;;;0;no_match;;;
iPhn13128Blu5G-RD-VR-EXD-AU;Apple iPhone 13 5G (128GB, Blue) - Excellent;;;;;0;no_match;;;
iPhn13128Blu-VR-ASN-AU;Apple iPhone 13 5G (128GB, Blue) - Pristine;;;;;0;no_match;;;
iPhn13128Grn5G-RD-VR-EXD-AU;Apple iPhone 13 5G (128GB, Green) - Excellent;;;;;0;no_match;;;
iPh13Mini256GBGrn-RD-VR-EXD-AU;Apple iPhone 13 Mini (256GB, Green) - Excellent;;;;;0;no_match;;;
iPhn13128Grn-VR-ASN-AU;Apple iPhone 13 5G (128GB, Green) - Pristine;;;;;0;no_match;;;
iPhn13128Mid5G-RD-VR-EXD-AU;Apple iPhone 13 5G (128GB, Midnight) - Excellent;;;;;0;no_match;;;
iPhn13128Mid-VR-ASN-AU;Apple iPhone 13 5G (128GB, Midnight) - Pristine;;;;;0;no_match;;;
iPhn13128Pnk5G-RD-VR-EXD-AU;Apple iPhone 13 5G (128GB, Pink) - Excellent;;;;;0;no_match;;;
iPhn13128Pnk-VR-ASN-AU;Apple iPhone 13 5G (128GB, Pink) - Pristine;;;;;0;no_match;;;
iPhn13128Red5G-RD-VR-EXD-AU;Apple iPhone 13 5G (128GB, Red) - Excellent;;;;;0;no_match;;;
iPhn13128Red-VR-ASN-AU;Apple iPhone 13 5G (128GB, Red) - Pristine;;;;;0;no_match;;;
iPhn13128Stl5G-RD-VR-EXD-AU;Apple iPhone 13 5G (128GB, Starlight) - Excellent;;;;;0;no_match;;;
iPhn13128Stl-VR-ASN-AU;Apple iPhone 13 5G (128GB, Starlight) - Pristine;;;;;0;no_match;;;
iPhn13256Blu-RD-VR-EXD-AU;Apple iPhone 13 5G (256GB, Blue) - Excellent;;;;;0;no_match;;;
iPhone12ProMax128GBSlv-VR-ASN-AU;Apple iPhone 12 Pro Max (128GB, Silver) - Pristine;;;;;0;no_match;;;
iPhn13256Grn-RD-VR-EXD-AU;Apple iPhone 13 5G (256GB, Green) - Excellent;;;;;0;no_match;;;
iPhn13256Grn-VR-ASN-AU;Apple iPhone 13 5G (256GB, Green) - Pristine;;;;;0;no_match;;;
iPhn13256Mid-RD-VR-EXD-AU;Apple iPhone 13 5G (256GB, Midnight) - Excellent;;;;;0;no_match;;;
iPhn13256Mid-VR-ASN-AU;Apple iPhone 13 5G (256GB, Midnight) - Pristine;;;;;0;no_match;;;
iPhn13256Pnk-RD-VR-EXD-AU;Apple iPhone 13 5G (256GB, Pink) - Excellent;;;;;0;no_match;;;
iPhone12ProMax256GBSlv-VR-ASN-AU;Apple iPhone 12 Pro MAX (256GB, Silver) - Pristine;;;;;0;no_match;;;
iPhn13256Pnk-VR-ASN-AU;Apple iPhone 13 5G (256GB, Pink) - Pristine;;;;;0;no_match;;;
iPhone12ProMax256GBSpG-VR-ASN-AU;Apple iPhone 12 Pro MAX (256GB, Space Grey) - Pristine;;;;;0;no_match;;;
iPh13Pro1TBBluev-RD-VR-EXD-AU;Apple iPhone 13 PRO (1TB, Blue) - Excellent;;;;;0;no_match;;;
iPhone12ProMAX512GBBlue-VR-ASN-AU;Apple iPhone 12 Pro MAX (512GB, Blue) - Pristine;;;;;0;no_match;;;
iPh13Pro1TBGrpht-RD-VR-EXD-AU;Apple iPhone 13 PRO (1TB, Graphite) - Excellent;;;;;0;no_match;;;
iPhone12ProMAX512GBGold-VR-ASN-AU;Apple iPhone 12 Pro MAX (512GB, Gold) - Pristine;;;;;0;no_match;;;
iPhn13256Red-RD-VR-EXD-AU;Apple iPhone 13 5G (256GB, Red) - Excellent;;;;;0;no_match;;;
iPhone12ProMAX512GBGrp-VR-ASN-AU;Apple iPhone 12 Pro MAX (512GB, Graphite) - Pristine;;;;;0;no_match;;;
iPhn13256Red-VR-ASN-AU;Apple iPhone 13 5G (256GB, Red) - Pristine;;;;;0;no_match;;;
iPhn13256Stl-RD-VR-EXD-AU;Apple iPhone 13 5G (256GB, Starlight) - Excellent;;;;;0;no_match;;;
iPhone12ProMAX512GBSil-VR-ASN-AU;Apple iPhone 12 Pro MAX (512GB, Silver) - Pristine;;;;;0;no_match;;;
iPhn13256Stl-VR-ASN-AU;Apple iPhone 13 5G (256GB, Starlight) - Pristine;;;;;0;no_match;;;
iPhn13512Blu-RD-VR-EXD-AU;Apple iPhone 13 5G (512GB, Blue) - Excellent;;;;;0;no_match;;;
iPhn13512Grn-RD-VR-EXD-AU;Apple iPhone 13 5G (512GB, Green) - Excellent;;;;;0;no_match;;;
iPhn13512Mid-RD-VR-EXD-AU;Apple iPhone 13 5G (512GB, Midnight) - Excellent;;;;;0;no_match;;;
iPhn13512Pnk-RD-VR-EXD-AU;Apple iPhone 13 5G (512GB, Pink) - Excellent;;;;;0;no_match;;;
iPhn13512Red-RD-VR-EXD-AU;Apple iPhone 13 5G (512GB, Red) - Excellent;;;;;0;no_match;;;
iPhn13512Stlg-RD-VR-EXD-AU;Apple iPhone 13 5G (512GB, Starlight) - Excellent;;;;;0;no_match;;;
iPh13mn5G128GBBlck-VR-ASN-AU;Apple iPhone 13 Mini (128GB, Black) - Pristine;;;;;0;no_match;;;
iPh13Mini128GBBlu-RD-VR-EXD-AU;Apple iPhone 13 Mini (128GB, Blue) - Excellent;;;;;0;no_match;;;
iPh13mn5G128GBBlue-VR-ASN-AU;Apple iPhone 13 Mini (128GB, Blue) - Pristine;;;;;0;no_match;;;
iPh13Mini128GBGrn-RD-VR-EXD-AU;Apple iPhone 13 Mini (128GB, Green) - Excellent;;;;;0;no_match;;;
iPh13Pro512GBGrn-RD-VR-EXD-AU;Apple iPhone 13 PRO (512GB, Green) - Excellent;;;;;0;no_match;;;
iPhn13256Blu-VR-ASN-AU;Apple iPhone 13 5G (256GB, Blue) - Pristine;;;;;0;no_match;;;
iPh13Mini128GBMid-RD-VR-EXD-AU;Apple iPhone 13 Mini (128GB, Midnight) - Excellent;;;;;0;no_match;;;
iPh13Mini128GBPnk-RD-VR-EXD-AU;Apple iPhone 13 Mini (128GB, Pink) - Excellent;;;;;0;no_match;;;
iPh13mn5G128GBPnk-VR-ASN-AU;Apple iPhone 13 Mini (128GB, Pink) - Pristine;;;;;0;no_match;;;
iPh13Mini128GBRed-RD-VR-EXD-AU;Apple iPhone 13 Mini (128GB, Red) - Excellent;;;;;0;no_match;;;
iPh13mn5G128GBRed-VR-ASN-AU;Apple iPhone 13 Mini (128GB, Red) - Pristine;;;;;0;no_match;;;
iPh13Mini128GBStg-RD-VR-EXD-AU;Apple iPhone 13 Mini (128GB, Starlight) - Excellent;;;;;0;no_match;;;
iPh13mn5G128GBWhite-VR-ASN-AU;Apple iPhone 13 Mini (128GB, White) - Pristine;;;;;0;no_match;;;
iPh13Mini256GBBlu-RD-VR-EXD-AU;Apple iPhone 13 Mini (256GB, Blue) - Excellent;;;;;0;no_match;;;
iPh13Mini256GBMid-RD-VR-EXD-AU;Apple iPhone 13 Mini (256GB, Midnight) - Excellent;;;;;0;no_match;;;
iPh13Mini256GBPnk-RD-VR-EXD-AU;Apple iPhone 13 Mini (256GB, Pink) - Excellent;;;;;0;no_match;;;
iPh13Mn256GBPnk-VR-ASN-AU;Apple iPhone 13 Mini (256GB, Pink) - Pristine;;;;;0;no_match;;;
iPhn13512Blu-VR-ASN-AU;Apple iPhone 13 5G (512GB, Blue) - Pristine;;;;;0;no_match;;;
iPh13Mini256GBRed-RD-VR-EXD-AU;Apple iPhone 13 Mini (256GB, Red) - Excellent;;;;;0;no_match;;;
iPhn13512Grn-VR-ASN-AU;Apple iPhone 13 5G (512GB, Green) - Pristine;;;;;0;no_match;;;
iPhn13512Mid-VR-ASN-AU;Apple iPhone 13 5G (512GB, Midnight) - Pristine;;;;;0;no_match;;;
iPh13Mn256GBRed-VR-ASN-AU;Apple iPhone 13 Mini (256GB, Red) - Pristine;;;;;0;no_match;;;
iPhn13512Pnk-VR-ASN-AU;Apple iPhone 13 5G (512GB, Pink) - Pristine;;;;;0;no_match;;;
iPh13Mini256GBStg-RD-VR-EXD-AU;Apple iPhone 13 Mini (256GB, Starlight) - Excellent;;;;;0;no_match;;;
iPhn13512Red-VR-ASN-AU;Apple iPhone 13 5G (512GB, Red) - Pristine;;;;;0;no_match;;;
iPh13Pro128GBGld-RD-VR-EXD-AU;Apple iPhone 13 PRO (128GB, Gold) - Excellent;;;;;0;no_match;;;
iPhn13512Stlg-VR-ASN-AU;Apple iPhone 13 5G (512GB, Starlight) - Pristine;;;;;0;no_match;;;
iPh13promax1TBSblue-RD-VR-EXD-AU;Apple iPhone 13 PRO MAX (1TB, Sierra Blue) - Excellent;;;;;0;no_match;;;
iPh13prMX1TBSilv-RD-VR-EXD-AU;Apple iPhone 13 PRO MAX (1TB, Silver) - Excellent;;;;;0;no_match;;;
iPh13Pro128GBGrpht-RD-VR-EXD-AU;Apple iPhone 13 PRO (128GB, Graphite) - Excellent;;;;;0;no_match;;;
iPh13Pro128GBGrn-RD-VR-EXD-AU;Apple iPhone 13 PRO (128GB, Green) - Excellent;;;;;0;no_match;;;
iPh13Pro128GBSblue-RD-VR-EXD-AU;Apple iPhone 13 PRO (128GB, Sierra Blue) - Excellent;;;;;0;no_match;;;
iPh13Pro128GBSblue-VR-ASN-AU;Apple iPhone 13 PRO (128GB, Sierra Blue) - Pristine;;;;;0;no_match;;;
iPh13mn5G128GBGrn-VR-ASN-AU;Apple iPhone 13 Mini (128GB, Green) - Pristine;;;;;0;no_match;;;
iPh13Pro128GBSilv-RD-VR-EXD-AU;Apple iPhone 13 PRO (128GB, Silver) - Excellent;;;;;0;no_match;;;
iPh13Pro128GBSilv-VR-ASN-AU;Apple iPhone 13 PRO (128GB, Silver) - Pristine;;;;;0;no_match;;;
iPh13Pro1TBSilv-RD-VR-EXD-AU;Apple iPhone 13 PRO (1TB, Silver) - Excellent;;;;;0;no_match;;;
iPh13Pro256GBGreen-RD-VR-EXD-AU;Apple iPhone 13 PRO (256GB, Alpine Green) - Excellent;;;;;0;no_match;;;
iPh13Pro256GBGld-RD-VR-EXD-AU;Apple iPhone 13 PRO (256GB, Gold) - Excellent;;;;;0;no_match;;;
iPh13Pro256GBGld-VR-ASN-AU;Apple iPhone 13 PRO (256GB, Gold) - Pristine;;;;;0;no_match;;;
iPh13Pro256GBGrpht-RD-VR-EXD-AU;Apple iPhone 13 PRO (256GB, Graphite) - Excellent;;;;;0;no_match;;;
iPh13Mn256GBBlu-VR-ASN-AU;Apple iPhone 13 Mini (256GB, Blue) - Pristine;;;;;0;no_match;;;
iPh13Pro256GBGrpht-VR-ASN-AU;Apple iPhone 13 PRO (256GB, Graphite) - Pristine;;;;;0;no_match;;;
iPh13Mn256GBGrn-VR-ASN-AU;Apple iPhone 13 Mini (256GB, Green) - Pristine;;;;;0;no_match;;;
iPh13promax512GBGrn-RD-VR-EXD-AU;Apple iPhone 13 PRO MAX (512GB, Green) - Excellent;;;;;0;no_match;;;
iPh13Mn256GBMid-VR-ASN-AU;Apple iPhone 13 Mini (256GB, Midnight) - Pristine;;;;;0;no_match;;;
iPh13Pro256GBSblue-RD-VR-EXD-AU;Apple iPhone 13 PRO (256GB, Sierra Blue) - Excellent;;;;;0;no_match;;;
iPh13Pro256GBSblue-VR-ASN-AU;Apple iPhone 13 PRO (256GB, Sierra Blue) - Pristine;;;;;0;no_match;;;
iPh13Pro256GBSilv-RD-VR-EXD-AU;Apple iPhone 13 PRO (256GB, Silver) - Excellent;;;;;0;no_match;;;
iPh13Pro512GBGld-RD-VR-EXD-AU;Apple iPhone 13 PRO (512GB, Gold) - Excellent;;;;;0;no_match;;;
iPh13Pro512GBGrpht-RD-VR-EXD-AU;Apple iPhone 13 PRO (512GB, Graphite) - Excellent;;;;;0;no_match;;;
iPh13Mn256GBWht-VR-ASN-AU;Apple iPhone 13 Mini (256GB, White) - Pristine;;;;;0;no_match;;;
iPh13Pro512GBGrpht-VR-ASN-AU;Apple iPhone 13 PRO (512GB, Graphite) - Pristine;;;;;0;no_match;;;
iPh13Mn512GBPnkAS-VR-ASN-AU;Apple iPhone 13 Mini (512GB, Pink) - Pristine;;;;;0;no_match;;;
iPh13Pro512GBSblue-RD-VR-EXD-AU;Apple iPhone 13 PRO (512GB, Sierra Blue) - Excellent;;;;;0;no_match;;;
iPh13Pro128GBGld-VR-ASN-AU;Apple iPhone 13 PRO (128GB, Gold) - Pristine;;;;;0;no_match;;;
iPh13Pro512GBSilv-RD-VR-EXD-AU;Apple iPhone 13 PRO (512GB, Silver) - Excellent;;;;;0;no_match;;;
iPh13Pro128GBGrpht-VR-ASN-AU;Apple iPhone 13 PRO (128GB, Graphite) - Pristine;;;;;0;no_match;;;
iPh13promax128GBGld-RD-VR-EXD-AU;Apple iPhone 13 PRO MAX (128GB, Gold) - Excellent;;;;;0;no_match;;;
iPh13Pro128GBGrn-VR-ASN-AU;Apple iPhone 13 PRO (128GB, Green) - Pristine;;;;;0;no_match;;;
iPh13promax128GBGrpht-RD-VR-EXD-AU;Apple iPhone 13 PRO MAX (128GB, Graphite) - Excellent;;;;;0;no_match;;;
iPh13promax128GBGrn-RD-VR-EXD-AU;Apple iPhone 13 PRO MAX (128GB, Green) - Excellent;;;;;0;no_match;;;
iPh13promax128GBSblue-RD-VR-EXD-AU;Apple iPhone 13 PRO MAX (128GB, Sierra Blue) - Excellent;;;;;0;no_match;;;
iPh13promax128GBSblue-VR-ASN-AU;Apple iPhone 13 PRO MAX (128GB, Sierra Blue) - Pristine;;;;;0;no_match;;;
iPh13Promax128GBSilv-RD-VR-EXD-AU;Apple iPhone 13 PRO MAX (128GB, Silver) - Excellent;;;;;0;no_match;;;
iPh13Pro1TBBluev-VR-ASN-AU;Apple iPhone 13 PRO (1TB, Blue) - Pristine;;;;;0;no_match;;;
iPh13Promax128GBSilv-VR-ASN-AU;Apple iPhone 13 PRO MAX (128GB, Silver) - Pristine;;;;;0;no_match;;;
iPh13Pro1TBGrpht-VR-ASN-AU;Apple iPhone 13 PRO (1TB, Graphite) - Pristine;;;;;0;no_match;;;
iPh13promax1TBGld-RD-VR-EXD-AU;Apple iPhone 13 PRO MAX (1TB, Gold) - Excellent;;;;;0;no_match;;;
iPh13Pro1TBSilv-VR-ASN-AU;Apple iPhone 13 PRO (1TB, Silver) - Pristine;;;;;0;no_match;;;
iPh13promax1TBGrpht-RD-VR-EXD-AU;Apple iPhone 13 PRO MAX (1TB, Graphite) - Excellent;;;;;0;no_match;;;
iPh13prMX1TBGrn-RD-VR-EXD-AU;Apple iPhone 13 PRO MAX (1TB, Green) - Excellent;;;;;0;no_match;;;
iPh13promax256GBGld-RD-VR-EXD-AU;Apple iPhone 13 PRO MAX (256GB, Gold) - Excellent;;;;;0;no_match;;;
iPh13promax256GBGrpht-RD-VR-EXD-AU;Apple iPhone 13 PRO MAX (256GB, Graphite) - Excellent;;;;;0;no_match;;;
iPh13promax256GBGrn-RD-VR-EXD-AU;Apple iPhone 13 PRO MAX (256GB, Green) - Excellent;;;;;0;no_match;;;
iPh13Pro256GBGrn-VR-ASN-AU;Apple iPhone 13 PRO (256GB, Green) - Pristine;;;;;0;no_match;;;
iPh13promax256GBSblue-RD-VR-EXD-AU;Apple iPhone 13 PRO MAX (256GB, Sierra Blue) - Excellent;;;;;0;no_match;;;
iPh13promax256GBSblue-VR-ASN-AU;Apple iPhone 13 PRO MAX (256GB, Sierra Blue) - Pristine;;;;;0;no_match;;;
iPh13promax256GBSilv-RD-VR-EXD-AU;Apple iPhone 13 PRO MAX (256GB, Silver) - Excellent;;;;;0;no_match;;;
iPh13Pro256GBSilv-VR-ASN-AU;Apple iPhone 13 PRO (256GB, Silver) - Pristine;;;;;0;no_match;;;
iPh13promax512GBGld-RD-VR-EXD-AU;Apple iPhone 13 PRO MAX (512GB, Gold) - Excellent;;;;;0;no_match;;;
iPh13Pro512GBGld-VR-ASN-AU;Apple iPhone 13 PRO (512GB, Gold) - Pristine;;;;;0;no_match;;;
iPh13promax512GBGld-VR-ASN-AU;Apple iPhone 13 PRO MAX (512GB, Gold) - Pristine;;;;;0;no_match;;;
iPh13promax512GBGrpht-RD-VR-EXD-AU;Apple iPhone 13 PRO MAX (512GB, Graphite) - Excellent;;;;;0;no_match;;;
iPh13promax512GBSblue-RD-VR-EXD-AU;Apple iPhone 13 PRO MAX (512GB, Sierra Blue) - Excellent;;;;;0;no_match;;;
iPh13Pro512GBGrn-VR-ASN-AU;Apple iPhone 13 PRO (512GB, Green) - Pristine;;;;;0;no_match;;;
iPh13promax512GBSil-RD-VR-EXD-AU;Apple iPhone 13 PRO MAX (512GB, Silver) - Excellent;;;;;0;no_match;;;
iPh13Pro512GBSblue-VR-ASN-AU;Apple iPhone 13 PRO (512GB, Sierra Blue) - Pristine;;;;;0;no_match;;;
ApliPh14128GBBlu-RD-VR-EXD-AU;Apple iPhone 14 (128GB, Blue) - Excellent;;;;;0;no_match;;;
iPh13Pro512GBSilv-VR-ASN-AU;Apple iPhone 13 PRO (512GB, Silver) - Pristine;;;;;0;no_match;;;
iPhn145G128Blu-VR-ASN-AU;Apple iPhone 14 (128GB, Blue) - Pristine;;;;;0;no_match;;;
iPh13promax128GBGld-VR-ASN-AU;Apple iPhone 13 PRO MAX (128GB, Gold) - Pristine;;;;;0;no_match;;;
ApliPh14128GBMid-RD-VR-EXD-AU;Apple iPhone 14 (128GB, Midnight) - Excellent;;;;;0;no_match;;;
iPh13promax128GBGrpht-VR-ASN-AU;Apple iPhone 13 PRO MAX (128GB, Graphite) - Pristine;;;;;0;no_match;;;
iPh14Plus256GBRed-RD-VR-EXD-AU;Apple iPhone 14 Plus (256GB, Red) - Excellent;;;;;0;no_match;;;
iPh13promax128GBGrn-VR-ASN-AU;Apple iPhone 13 PRO MAX (128GB, Green) - Pristine;;;;;0;no_match;;;
iPh14Plus256GBStar-RD-VR-EXD-AU;Apple iPhone 14 Plus (256GB, Starlight) - Excellent;;;;;0;no_match;;;
iPhn145G128Mid-VR-ASN-AU;Apple iPhone 14 (128GB, Midnight) - Pristine;;;;;0;no_match;;;
iPhn145G128Purp-RD-VR-EXD-AU;Apple iPhone 14 (128GB, Purple) - Excellent;;;;;0;no_match;;;
iPhn145G128Purp-VR-ASN-AU;Apple iPhone 14 (128GB, Purple) - Pristine;;;;;0;no_match;;;
iPh14Plus512GBBlu-RD-VR-EXD-AU;Apple iPhone 14 Plus (512GB, Blue) - Excellent;;;;;0;no_match;;;
iPh13prMX1TBBlu-VR-ASN-AU;Apple iPhone 13 PRO MAX (1TB, Blue) - Pristine;;;;;0;no_match;;;
iPh14Plus512GBmid-RD-VR-EXD-AU;Apple iPhone 14 Plus (512GB, Midnight) - Excellent;;;;;0;no_match;;;
iPh13prMX1TBGld-VR-ASN-AU;Apple iPhone 13 PRO MAX (1TB, Gold) - Pristine;;;;;0;no_match;;;
iPh14Plus512GBPur-RD-VR-EXD-AU;Apple iPhone 14 Plus (512GB, Purple) - Excellent;;;;;0;no_match;;;
iPh13prMX1TBGrap-VR-ASN-AU;Apple iPhone 13 PRO MAX (1TB, Graphite) - Pristine;;;;;0;no_match;;;
iPh14Plus512GBRed-RD-VR-EXD-AU;Apple iPhone 14 Plus (512GB, Red) - Excellent;;;;;0;no_match;;;
iPh13prMX1TBGrn-VR-ASN-AU;Apple iPhone 13 PRO MAX (1TB, Green) - Pristine;;;;;0;no_match;;;
iPh14Plus512GBStar-RD-VR-EXD-AU;Apple iPhone 14 Plus (512GB, Starlight) - Excellent;;;;;0;no_match;;;
iPh13prMX1TBSilv-VR-ASN-AU;Apple iPhone 13 PRO MAX (1TB, Silver) - Pristine;;;;;0;no_match;;;
iPh14Plus512GBYlw-RD-VR-EXD-AU;Apple iPhone 14 Plus (512GB, Yellow) - Excellent;;;;;0;no_match;;;
iPh13promax256GBGld-VR-ASN-AU;Apple iPhone 13 PRO MAX (256GB, Gold) - Pristine;;;;;0;no_match;;;
iPh13promax256GBGrpht-VR-ASN-AU;Apple iPhone 13 PRO MAX (256GB, Graphite) - Pristine;;;;;0;no_match;;;
iPh14pro128GBBlu-RD-VR-EXD-AU;Apple iPhone 14 PRO (128GB, Blue) - Excellent;;;;;0;no_match;;;
iPh13promax256GBGrn-VR-ASN-AU;Apple iPhone 13 PRO MAX (256GB, Green) - Pristine;;;;;0;no_match;;;
iPhn145G128Red-RD-VR-EXD-AU;Apple iPhone 14 (128GB, Red) - Excellent;;;;;0;no_match;;;
iPhn145G128Red-VR-ASN-AU;Apple iPhone 14 (128GB, Red) - Pristine;;;;;0;no_match;;;
ApliPh14128GBStg-RD-VR-EXD-AU;Apple iPhone 14 (128GB, Starlight) - Excellent;;;;;0;no_match;;;
iPh13promax256GBSilv-VR-ASN-AU;Apple iPhone 13 PRO MAX (256GB, Silver) - Pristine;;;;;0;no_match;;;
iPhn145G128Stl-VR-ASN-AU;Apple iPhone 14 (128GB, Starlight) - Pristine;;;;;0;no_match;;;
iPhn145G128Ylw-RD-VR-EXD-AU;Apple iPhone 14 (128GB, Yellow) - Excellent;;;;;0;no_match;;;
iPh14Pro128GBBlk-VR-EXD-AU;Apple iPhone 14 PRO (128GB, Space Black) - Excellent;;;;;0;no_match;;;
iPh14pro1TBBlck-RD-VR-EXD-AU;Apple iPhone 14 PRO (1TB, Black) - Excellent;;;;;0;no_match;;;
iPh13promax512GBGrpht-VR-ASN-AU;Apple iPhone 13 PRO MAX (512GB, Graphite) - Pristine;;;;;0;no_match;;;
iPh14pro1TBGld-RD-VR-EXD-AU;Apple iPhone 14 PRO (1TB, Gold) - Excellent;;;;;0;no_match;;;
iPh13promax512GBGrn-VR-ASN-AU;Apple iPhone 13 PRO MAX (512GB, Green) - Pristine;;;;;0;no_match;;;
iPh14pro1TBPur-RD-VR-EXD-AU;Apple iPhone 14 PRO (1TB, Purple) - Excellent;;;;;0;no_match;;;
iPh13promax512GBSblue-VR-ASN-AU;Apple iPhone 13 PRO MAX (512GB, Sierra Blue) - Pristine;;;;;0;no_match;;;
iPh14pro1TBSilv-RD-VR-EXD-AU;Apple iPhone 14 PRO (1TB, Silver) - Excellent;;;;;0;no_match;;;
iPh13promax512GBSil-VR-ASN-AU;Apple iPhone 13 PRO MAX (512GB, Silver) - Pristine;;;;;0;no_match;;;
iPhn145G256Blu-RD-VR-EXD-AU;Apple iPhone 14 (256GB, Blue) - Excellent;;;;;0;no_match;;;
iPhn145G256Blu-VR-ASN-AU;Apple iPhone 14 (256GB, Blue) - Pristine;;;;;0;no_match;;;
iPhn145G256Mid-RD-VR-EXD-AU;Apple iPhone 14 (256GB, Midnight) - Excellent;;;;;0;no_match;;;
iPhn145G256Mid-VR-ASN-AU;Apple iPhone 14 (256GB, Midnight) - Pristine;;;;;0;no_match;;;
iPhn145G256Purp-RD-VR-EXD-AU;Apple iPhone 14 (256GB, Purple) - Excellent;;;;;0;no_match;;;
iPhn145G256Purp-VR-ASN-AU;Apple iPhone 14 (256GB, Purple) - Pristine;;;;;0;no_match;;;
iPhn145G256Red-RD-VR-EXD-AU;Apple iPhone 14 (256GB, Red) - Excellent;;;;;0;no_match;;;
iPhn145G256Red-VR-ASN-AU;Apple iPhone 14 (256GB, Red) - Pristine;;;;;0;no_match;;;
iPhn145G256Stl-RD-VR-EXD-AU;Apple iPhone 14 (256GB, Starlight) - Excellent;;;;;0;no_match;;;
iPhn145G256Stl-VR-ASN-AU;Apple iPhone 14 (256GB, Starlight) - Pristine;;;;;0;no_match;;;
iPhn145G256Ylw-RD-VR-EXD-AU;Apple iPhone 14 (256GB, Yellow) - Excellent;;;;;0;no_match;;;
iPhn145G128Ylw-VR-ASN-AU;Apple iPhone 14 (128GB, Yellow) - Pristine;;;;;0;no_match;;;
iPhn145G512Stl-RD-VR-EXD-AU;Apple iPhone 14 (512GB, Starlight) - Excellent;;;;;0;no_match;;;
iPh14Plus128GBBlu-RD-VR-EXD-AU;Apple iPhone 14 PLUS (128GB, Blue) - Excellent;;;;;0;no_match;;;
iPh14Pls128GBMid-RD-VR-EXD-AU;Apple iPhone 14 PLUS (128GB, Midnight) - Excellent;;;;;0;no_match;;;
iPh14Pls128GBPrp-RD-VR-EXD-AU;Apple iPhone 14 PLUS (128GB, Purple) - Excellent;;;;;0;no_match;;;
iPh14Plus128GBRed-RD-VR-EXD-AU;Apple iPhone 14 PLUS (128GB, Red) - Excellent;;;;;0;no_match;;;
iPh14Pls128GBStr-RD-VR-EXD-AU;Apple iPhone 14 PLUS (128GB, Starlight) - Excellent;;;;;0;no_match;;;
iPh14Plus128GBYlw-RD-VR-EXD-AU;Apple iPhone 14 PLUS (128GB, Yellow) - Excellent;;;;;0;no_match;;;
iPh14Plus256GBBlu-VR-EXD-AU;Apple iPhone 14 Plus (256GB, Blue) - Excellent;;;;;0;no_match;;;
iPh14Plus256GBmid-VR-EXD-AU;Apple iPhone 14 Plus (256GB, Midnight) - Excellent;;;;;0;no_match;;;
iPh14Plus256GBPur-VR-EXD-AU;Apple iPhone 14 Plus (256GB, Purple) - Excellent;;;;;0;no_match;;;
iPh14Plus256GBStar-VR-ASN-AU;Apple iPhone 14 Plus (256GB, Starlight) - Pristine;;;;;0;no_match;;;
iPhn145G256Ylw-VR-ASN-AU;Apple iPhone 14 (256GB, Yellow) - Pristine;;;;;0;no_match;;;
iPh14promax1TBGold-RD-VR-EXD-AU;Apple iPhone 14 PRO MAX (1TB, Gold) - Excellent;;;;;0;no_match;;;
iPhn145G512StlDS-VR-ASN-AU;Apple iPhone 14 (512GB, Starlight) - Pristine;;;;;0;no_match;;;
iPh14Plus256GBYlw-RD-VR-EXD-AU;Apple iPhone 14 Plus (256GB, Yellow) - Excellent;;;;;0;no_match;;;
iPh14Plus128GBBlu-VR-ASN-AU;Apple iPhone 14 Plus (128GB, Blue) - Pristine;;;;;0;no_match;;;
iPh14promax1TBSlvAS-RD-VR-EXD-AU;Apple iPhone 14 PRO MAX (1TB, Silver) AU - Excellent;;;;;0;no_match;;;
iPh14Plus128GBmid-VR-ASN-AU;Apple iPhone 14 Plus (128GB, Midnight) - Pristine;;;;;0;no_match;;;
iPh14promax1TBSblck-RD-VR-EXD-AU;Apple iPhone 14 PRO MAX (1TB, Space Black) - Excellent;;;;;0;no_match;;;
iPh14Plus128GBPur-VR-ASN-AU;Apple iPhone 14 Plus (128GB, Purple) - Pristine;;;;;0;no_match;;;
iPh14Plus256GBYlw-VR-ASN-AU;Apple iPhone 14 Plus (256GB, Yellow) - Pristine;;;;;0;no_match;;;
iPh14Plus128GBRed-VR-ASN-AU;Apple iPhone 14 Plus (128GB, Red) - Pristine;;;;;0;no_match;;;
iPh14Pro128GBPrp-VR-EXD-AU;Apple iPhone 14 PRO (128GB, Deep Purple) - Excellent;;;;;0;no_match;;;
iPh14Plus128GBStar-VR-ASN-AU;Apple iPhone 14 Plus (128GB, Starlight) - Pristine;;;;;0;no_match;;;
iPh14Pro128GBGld-VR-EXD-AU;Apple iPhone 14 PRO (128GB, Gold) - Excellent;;;;;0;no_match;;;
iPh14Plus128GBYlw-VR-ASN-AU;Apple iPhone 14 Plus (128GB, Yellow) - Pristine;;;;;0;no_match;;;
iPh14pro128GBGld-VR-ASN-AU;Apple iPhone 14 PRO (128GB, Gold) - Pristine;;;;;0;no_match;;;
iPh14Plus256GBBlu-VR-ASN-AU;Apple iPhone 14 Plus (256GB, Blue) - Pristine;;;;;0;no_match;;;
iPh14pro128GBPur-VR-ASN-AU;Apple iPhone 14 PRO (128GB, Purple) - Pristine;;;;;0;no_match;;;
iPh14Plus256GBmid-VR-ASN-AU;Apple iPhone 14 Plus (256GB, Midnight) - Pristine;;;;;0;no_match;;;
iPh14promax512GBGld-RD-VR-EXD-AU;Apple iPhone 14 PRO MAX (512GB, Gold) - Excellent;;;;;0;no_match;;;
iPh14Plus256GBPur-VR-ASN-AU;Apple iPhone 14 Plus (256GB, Purple) - Pristine;;;;;0;no_match;;;
iPh14Pro128GBSlv-VR-EXD-AU;Apple iPhone 14 PRO (128GB, Silver) - Excellent;;;;;0;no_match;;;
iPh14Plus256GBRed-VR-ASN-AU;Apple iPhone 14 Plus (256GB, Red) - Pristine;;;;;0;no_match;;;
iPh14pro256GBBlck-RD-VR-EXD-AU;Apple iPhone 14 PRO (256GB, Black) - Excellent;;;;;0;no_match;;;
iPh14pro256GBGld-RD-VR-EXD-AU;Apple iPhone 14 PRO (256GB, Gold) - Excellent;;;;;0;no_match;;;
iPh14pro256GBGld-VR-ASN-AU;Apple iPhone 14 PRO (256GB, Gold) - Pristine;;;;;0;no_match;;;
iPh14pro256GBPur-RD-VR-EXD-AU;Apple iPhone 14 PRO (256GB, Purple) - Excellent;;;;;0;no_match;;;
iPh14pro256GBPur-VR-ASN-AU;Apple iPhone 14 PRO (256GB, Purple) - Pristine;;;;;0;no_match;;;
iPh14Plus512GBBlu-VR-ASN-AU;Apple iPhone 14 Plus (512GB, Blue) - Pristine;;;;;0;no_match;;;
iPh14pro256GBSilv-RD-VR-EXD-AU;Apple iPhone 14 PRO (256GB, Silver) - Excellent;;;;;0;no_match;;;
iPh14Plus512GBmid-VR-ASN-AU;Apple iPhone 14 Plus (512GB, Midnight) - Pristine;;;;;0;no_match;;;
iPh14pro256GBSilv-VR-ASN-AU;Apple iPhone 14 PRO (256GB, Silver) - Pristine;;;;;0;no_match;;;
iPh14Plus512GBPur-VR-ASN-AU;Apple iPhone 14 Plus (512GB, Purple) - Pristine;;;;;0;no_match;;;
iPh14pro512GBBlck-RD-VR-EXD-AU;Apple iPhone 14 PRO (512GB, Black) - Excellent;;;;;0;no_match;;;
iPh14Plus512GBRed-VR-ASN-AU;Apple iPhone 14 Plus (512GB, Red) - Pristine;;;;;0;no_match;;;
iPh14pro512GBGld-RD-VR-EXD-AU;Apple iPhone 14 PRO (512GB, Gold) - Excellent;;;;;0;no_match;;;
iPh14Plus512GBStarDS-VR-ASN-AU;Apple iPhone 14 Plus (512GB, Starlight) - Pristine;;;;;0;no_match;;;
iPh14pro512GBPur-RD-VR-EXD-AU;Apple iPhone 14 PRO (512GB, Purple) - Excellent;;;;;0;no_match;;;
iPh14Plus512GBYlw-VR-ASN-AU;Apple iPhone 14 Plus (512GB, Yellow) - Pristine;;;;;0;no_match;;;
iPh14pro512GBSilv-RD-VR-EXD-AU;Apple iPhone 14 PRO (512GB, Silver) - Excellent;;;;;0;no_match;;;
iPh14pro128GBBlck-VR-ASN-AU;Apple iPhone 14 PRO (128GB, Black) - Pristine;;;;;0;no_match;;;
iPh14promax128GBBlck-RD-VR-EXD-AU;Apple iPhone 14 PRO MAX (128GB, Black) - Excellent;;;;;0;no_match;;;
iPh14pro128GBBlu-VR-ASN-AU;Apple iPhone 14 PRO (128GB, Blue) - Pristine;;;;;0;no_match;;;
iPh14promax128GBGld-RD-VR-EXD-AU;Apple iPhone 14 PRO MAX (128GB, Gold) - Excellent;;;;;0;no_match;;;
iPh14promax128GBPur-RD-VR-EXD-AU;Apple iPhone 14 PRO MAX (128GB, Purple) - Excellent;;;;;0;no_match;;;
iPh14promax128GBPur-VR-ASN-AU;Apple iPhone 14 PRO MAX (128GB, Purple) - Pristine;;;;;0;no_match;;;
iPh14promax128GBSil-RD-VR-EXD-AU;Apple iPhone 14 PRO MAX (128GB, Silver) - Excellent;;;;;0;no_match;;;
iPh14promax1TBPur-RD-VR-EXD-AU;Apple iPhone 14 PRO MAX (1TB, Purple) - Excellent;;;;;0;no_match;;;
iPh14pro128GBSilv-VR-ASN-AU;Apple iPhone 14 PRO (128GB, Silver) - Pristine;;;;;0;no_match;;;
iPh14promax256GBBlck-RD-VR-EXD-AU;Apple iPhone 14 PRO MAX (256GB, Black) - Excellent;;;;;0;no_match;;;
iPh14pro1TBBlck-VR-ASN-AU;Apple iPhone 14 PRO (1TB, Black) - Pristine;;;;;0;no_match;;;
iPh14promax256GBGld-RD-VR-EXD-AU;Apple iPhone 14 PRO MAX (256GB, Gold) - Excellent;;;;;0;no_match;;;
iPh14pro1TBGld-VR-ASN-AU;Apple iPhone 14 PRO (1TB, Gold) - Pristine;;;;;0;no_match;;;
iPh14promax256GBPur-RD-VR-EXD-AU;Apple iPhone 14 PRO MAX (256GB, Purple) - Excellent;;;;;0;no_match;;;
iPh14pro1TBPur-VR-ASN-AU;Apple iPhone 14 PRO (1TB, Purple) - Pristine;;;;;0;no_match;;;
iPh14promax256GBSil-RD-VR-EXD-AU;Apple iPhone 14 PRO MAX (256GB, SIlver) - Excellent;;;;;0;no_match;;;
iPh14pro1TBSilv-VR-ASN-AU;Apple iPhone 14 PRO (1TB, Silver) - Pristine;;;;;0;no_match;;;
iPh14pro256GBBlck-VR-ASN-AU;Apple iPhone 14 PRO (256GB, Black) - Pristine;;;;;0;no_match;;;
iPh14promax512GBBlck-RD-VR-EXD-AU;Apple iPhone 14 PRO MAX (512GB, Black) - Excellent;;;;;0;no_match;;;
iPh14promax512GBPur-RD-VR-EXD-AU;Apple iPhone 14 PRO MAX (512GB, Purple) - Excellent;;;;;0;no_match;;;
iPh14promax512GBSil-RD-VR-EXD-AU;Apple iPhone 14 PRO MAX (512GB, Silver) - Excellent;;;;;0;no_match;;;
iPh14promax512GBSilv-VR-ASN-AU;Apple iPhone 14 PRO MAX (512GB, Silver) - Pristine;;;;;0;no_match;;;
iPhone15128GBBlack-RD-VR-EXD-AU;Apple iPhone 15 (128GB, Black) - Excellent;;;;;0;no_match;;;
iPhone15128GBBlack-VR-ASN-AU;Apple iPhone 15 (128GB, Black) - Pristine;;;;;0;no_match;;;
iPhone15128GBBlue-RD-VR-EXD-AU;Apple iPhone 15 (128GB, Blue) - Excellent;;;;;0;no_match;;;
IP15PRO1TBBlack-RD-VR-EXD-AU;Apple iPhone 15 Pro (1TB, Black) - Excellent;;;;;0;no_match;;;
IP15PRO1TBBlue-RD-VR-EXD-AU;Apple iPhone 15 Pro (1TB, Blue) - Excellent;;;;;0;no_match;;;
IP15PRO1TBNat-RD-VR-EXD-AU;Apple iPhone 15 Pro (1TB, Natural) - Excellent;;;;;0;no_match;;;
IP15PRO1TBWhite-RD-VR-EXD-AU;Apple iPhone 15 Pro (1TB, White) - Excellent;;;;;0;no_match;;;
iPhone15128GBBlue-VR-ASN-AU;Apple iPhone 15 (128GB, Blue) - Pristine;;;;;0;no_match;;;
iPh14pro512GBBlck-VR-ASN-AU;Apple iPhone 14 PRO (512GB, Black) - Pristine;;;;;0;no_match;;;
iPhone15128GBGreen-RD-VR-EXD-AU;Apple iPhone 15 (128GB, Green) - Excellent;;;;;0;no_match;;;
iPh14pro512GBGld-VR-ASN-AU;Apple iPhone 14 PRO (512GB, Gold) - Pristine;;;;;0;no_match;;;
iPhone15128GBGreen-VR-ASN-AU;Apple iPhone 15 (128GB, Green) - Pristine;;;;;0;no_match;;;
iPh14pro512GBPur-VR-ASN-AU;Apple iPhone 14 PRO (512GB, Purple) - Pristine;;;;;0;no_match;;;
iPhone15128GBPink-RD-VR-EXD-AU;Apple iPhone 15 (128GB, Pink) - Excellent;;;;;0;no_match;;;
iPh14pro512GBSilv-VR-ASN-AU;Apple iPhone 14 PRO (512GB, Silver) - Pristine;;;;;0;no_match;;;
iPhone15128GBPink-VR-ASN-AU;Apple iPhone 15 (128GB, Pink) - Pristine;;;;;0;no_match;;;
iPhone15128GBYlw-RD-VR-EXD-AU;Apple iPhone 15 (128GB, Yellow) - Excellent;;;;;0;no_match;;;
IP15PRO512GBNat-RD-VR-EXD-AU;Apple iPhone 15 Pro (512GB, Natural) - Excellent;;;;;0;no_match;;;
IP15PRO512GBWhite-RD-VR-EXD-AU;Apple iPhone 15 Pro (512GB, White) - Excellent;;;;;0;no_match;;;
iPhone15128GBYlw-VR-ASN-AU;Apple iPhone 15 (128GB, Yellow) - Pristine;;;;;0;no_match;;;
iP15256GBBlack-RD-VR-EXD-AU;Apple iPhone 15 (256GB, Black) - Excellent;;;;;0;no_match;;;
iP15256GBBlack-VR-ASN-AU;Apple iPhone 15 (256GB, Black) - Pristine;;;;;0;no_match;;;
iP15256GBBlue-RD-VR-EXD-AU;Apple iPhone 15 (256GB, Blue) - Excellent;;;;;0;no_match;;;
iP15256GBBlue-VR-ASN-AU;Apple iPhone 15 (256GB, Blue) - Pristine;;;;;0;no_match;;;
iPh14promax128GBBlck-VR-ASN-AU;Apple iPhone 14 PRO MAX (128GB, Black) - Pristine;;;;;0;no_match;;;
iP15256GBGreen-RD-VR-EXD-AU;Apple iPhone 15 (256GB, Green) - Excellent;;;;;0;no_match;;;
iPh14promax128GBGld-VR-ASN-AU;Apple iPhone 14 PRO MAX (128GB, Gold) - Pristine;;;;;0;no_match;;;
iP15256GBGreen-VR-ASN-AU;Apple iPhone 15 (256GB, Green) - Pristine;;;;;0;no_match;;;
iP15256GBPink-RD-VR-EXD-AU;Apple iPhone 15 (256GB, Pink) - Excellent;;;;;0;no_match;;;
iP15256GBPink-VR-ASN-AU;Apple iPhone 15 (256GB, Pink) - Pristine;;;;;0;no_match;;;
iPh14promax128GBSilv-VR-ASN-AU;Apple iPhone 14 PRO MAX (128GB, Silver) - Pristine;;;;;0;no_match;;;
iP15512GBBlack-RD-VR-EXD-AU;Apple iPhone 15 (512GB, Black) - Excellent;;;;;0;no_match;;;
iPh14promax1TBGold-VR-ASN-AU;Apple iPhone 14 PRO MAX (1TB, Gold) - Pristine;;;;;0;no_match;;;
iP15512GBBlack-VR-ASN-AU;Apple iPhone 15 (512GB, Black) - Pristine;;;;;0;no_match;;;
iPh14promax1TBPur-VR-ASN-AU;Apple iPhone 14 PRO MAX (1TB, Purple) - Pristine;;;;;0;no_match;;;
iP15Plus128GBBlack-RD-VR-EXD-AU;Apple iPhone 15 Plus (128GB, Black) - Excellent;;;;;0;no_match;;;
iPh14promax1TBSlvAS-VR-ASN-AU;Apple iPhone 14 PRO MAX (1TB, Silver) AU - Pristine;;;;;0;no_match;;;
iP15Plus128GBBlack-VR-ASN-AU;Apple iPhone 15 Plus (128GB, Black) - Pristine;;;;;0;no_match;;;
iPh14promax1TBSblck-VR-ASN-AU;Apple iPhone 14 PRO MAX (1TB, Space Black) - Pristine;;;;;0;no_match;;;
iP15Plus128GBBlue-RD-VR-EXD-AU;Apple iPhone 15 Plus (128GB, Blue) - Excellent;;;;;0;no_match;;;
iP6S128GBRgld-RD-VR-EXD-AU;Apple iPhone 6S (128GB, Rose Gold) - Excellent;;;;;0;no_match;;;
iPh14promax256GBBlck-VR-ASN-AU;Apple iPhone 14 PRO MAX (256GB, Black) - Pristine;;;;;0;no_match;;;
iPhone7128GBBlk-RD-VR-EXD-AU;Apple iPhone 7 (128GB, Black) - Excellent;;;;;0;no_match;;;
iPh14promax256GBGld-VR-ASN-AU;Apple iPhone 14 PRO MAX (256GB, Gold) - Pristine;;;;;0;no_match;;;
iPhone7128GBGld-RD-VR-EXD-AU;Apple iPhone 7 (128GB, Gold) - Excellent;;;;;0;no_match;;;
iPh14promax256GBPur-VR-ASN-AU;Apple iPhone 14 PRO MAX (256GB, Purple) - Pristine;;;;;0;no_match;;;
iPhone7128GBJetBlk-RD-VR-EXD-AU;Apple iPhone 7 (128GB, Jet Black) - Excellent;;;;;0;no_match;;;
iPh14promax256GBSilv-VR-ASN-AU;Apple iPhone 14 PRO MAX (256GB, Silver) - Pristine;;;;;0;no_match;;;
iPhone7128GBRed-RD-VR-EXD-AU;Apple iPhone 7 (128GB, Red) - Excellent;;;;;0;no_match;;;
iPh14promax512GBBlck-VR-ASN-AU;Apple iPhone 14 PRO MAX (512GB, Black) - Pristine;;;;;0;no_match;;;
iPhone7128GBrosegld-RD-VR-EXD-AU;Apple iPhone 7 (128GB, Rose Gold) - Excellent;;;;;0;no_match;;;
iPh14promax512GBGld-VR-ASN-AU;Apple iPhone 14 PRO MAX (512GB, Gold) - Pristine;;;;;0;no_match;;;
iPhone7128GBsil-RD-VR-EXD-AU;Apple iPhone 7 (128GB, Silver) - Excellent;;;;;0;no_match;;;
iPh14promax512GBPur-VR-ASN-AU;Apple iPhone 14 PRO MAX (512GB, Purple) - Pristine;;;;;0;no_match;;;
iPhone7256GBBlck-RD-VR-EXD-AU;Apple iPhone 7 (256GB, Black) - Excellent;;;;;0;no_match;;;
iP15Plus128GBBlue-VR-ASN-AU;Apple iPhone 15 Plus (128GB, Blue) - Pristine;;;;;0;no_match;;;
iPhone7256GBGld-RD-VR-EXD-AU;Apple iPhone 7 (256GB, Gold) - Excellent;;;;;0;no_match;;;
iP15Plus128GBGreen-RD-VR-EXD-AU;Apple iPhone 15 Plus (128GB, Green) - Excellent;;;;;0;no_match;;;
iPhone7256GBJetblk-RD-VR-EXD-AU;Apple iPhone 7 (256GB, Jet Black) - Excellent;;;;;0;no_match;;;
iPhone7256GBRoseRed-RD-VR-EXD-AU;Apple iPhone 7 (256GB, Red) - Excellent;;;;;0;no_match;;;
iP15Plus128GBPink-RD-VR-EXD-AU;Apple iPhone 15 Plus (128GB, Pink) - Excellent;;;;;0;no_match;;;
iPhone7256GBRoseGld-RD-VR-EXD-AU;Apple iPhone 7 (256GB, Rose Gold) - Excellent;;;;;0;no_match;;;
iP15Plus128GBPink-VR-ASN-AU;Apple iPhone 15 Plus (128GB, Pink) - Pristine;;;;;0;no_match;;;
iPhone7256GBJetsil-RD-VR-EXD-AU;Apple iPhone 7 (256GB, Silver) - Excellent;;;;;0;no_match;;;
iP15Plus256GBBlack-RD-VR-EXD-AU;Apple iPhone 15 Plus (256GB, Black) - Excellent;;;;;0;no_match;;;
iP15Plus256GBBlack-VR-ASN-AU;Apple iPhone 15 Plus (256GB, Black) - Pristine;;;;;0;no_match;;;
iP15Plus256GBBlue-RD-VR-EXD-AU;Apple iPhone 15 Plus (256GB, Blue) - Excellent;;;;;0;no_match;;;
iPhone732GBbgld-RD-VR-EXD-AU;Apple iPhone 7 (32GB, Gold) - Excellent;;;;;0;no_match;;;
iP15Plus256GBPink-RD-VR-EXD-AU;Apple iPhone 15 Plus (256GB, Pink) - Excellent;;;;;0;no_match;;;
iPhone732GBJblck-RD-VR-EXD-AU;Apple iPhone 7 (32GB, Jet Black) - Excellent;;;;;0;no_match;;;
iP15Plus256GBPink-VR-ASN-AU;Apple iPhone 15 Plus (256GB, Pink) - Pristine;;;;;0;no_match;;;
iPhone732GBbrosegld-RD-VR-EXD-AU;Apple iPhone 7 (32GB, Rose Gold) - Excellent;;;;;0;no_match;;;
iPhone15Pro128GBBlack-VR-ASN-AU;Apple iPhone 15 Pro (128GB, Black)  - Pristine;;;;;0;no_match;;;
iPhone732GBsil-RD-VR-EXD-AU;Apple iPhone 7 (32GB, Silver) - Excellent;;;;;0;no_match;;;
iPhone15Pro128GBBlack-RD-VR-EXD-AU;Apple iPhone 15 Pro (128GB, Black) - Excellent;;;;;0;no_match;;;
iPhone7Plus128GBblck-RD-VR-EXD-AU;Apple iPhone 7+ Plus (128GB, Black) - Excellent;;;;;0;no_match;;;
iPhone15Pro128GBBlue-VR-ASN-AU;Apple iPhone 15 Pro (128GB, Blue)  - Pristine;;;;;0;no_match;;;
iP7Plus128GBBlckAS-RD-VR-EXD-AU;Apple iPhone 7+ Plus (128GB, Black) AU - Excellent;;;;;0;no_match;;;
iPhone15Pro128GBBlue-RD-VR-EXD-AU;Apple iPhone 15 Pro (128GB, Blue) - Excellent;;;;;0;no_match;;;
iPhone7Plus128GBgld-RD-VR-EXD-AU;Apple iPhone 7+ Plus (128GB, Gold) - Excellent;;;;;0;no_match;;;
iPhone15Pro128GBNat-VR-ASN-AU;Apple iPhone 15 Pro (128GB, Natural)  - Pristine;;;;;0;no_match;;;
iP7Plus128GBGldAS-RD-VR-EXD-AU;Apple iPhone 7+ Plus (128GB, Gold) AU - Excellent;;;;;0;no_match;;;
iPhone7Plus128GBJetBlk-RD-VR-EXD-AU;Apple iPhone 7+ Plus (128GB, Jet Black) - Excellent;;;;;0;no_match;;;
iP15Plus128GBGreen-VR-ASN-AU;Apple iPhone 15 Plus (128GB, Green) - Pristine;;;;;0;no_match;;;
iPhone15Pro128GBNat-RD-VR-EXD-AU;Apple iPhone 15 Pro (128GB, Natural) - Excellent;;;;;0;no_match;;;
iPhone7Plus128GBRed-RD-VR-EXD-AU;Apple iPhone 7+ Plus (128GB, Red) - Excellent;;;;;0;no_match;;;
iPhone15Pro128GBWhite-VR-ASN-AU;Apple iPhone 15 Pro (128GB, White)  - Pristine;;;;;0;no_match;;;
iPhone7Plus128GBRose-RD-VR-EXD-AU;Apple iPhone 7+ Plus (128GB, Rose Gold) - Excellent;;;;;0;no_match;;;
iP15Plus256GBBlue-VR-ASN-AU;Apple iPhone 15 Plus (256GB, Blue) - Pristine;;;;;0;no_match;;;
iPhone15Pro128GBWhite-RD-VR-EXD-AU;Apple iPhone 15 Pro (128GB, White) - Excellent;;;;;0;no_match;;;
iPhone7Plus128GBSil-RD-VR-EXD-AU;Apple iPhone 7+ Plus (128GB, Silver) - Excellent;;;;;0;no_match;;;
iPhone15Pro256GBBlack-RD-VR-EXD-AU;Apple iPhone 15 Pro (256GB, Black) - Excellent;;;;;0;no_match;;;
iPhone7Plus256GBblck-RD-VR-EXD-AU;Apple iPhone 7+ Plus (256GB, Black) - Excellent;;;;;0;no_match;;;
iPhone7Plus256GBgld-RD-VR-EXD-AU;Apple iPhone 7+ Plus (256GB, Gold) - Excellent;;;;;0;no_match;;;
iPhone15Pro256GBBlack-VR-ASN-AU;Apple iPhone 15 Pro (256GB, Black) - Pristine;;;;;0;no_match;;;
iPhone7Plus256GBj.blk-RD-VR-EXD-AU;Apple iPhone 7+ Plus (256GB, Jet Black) - Excellent;;;;;0;no_match;;;
iPhone7Plus256GBRed-RD-VR-EXD-AU;Apple iPhone 7+ Plus (256GB, Red) - Excellent;;;;;0;no_match;;;
iPhone7Plus256GBRose-RD-VR-EXD-AU;Apple iPhone 7+ Plus (256GB, Rose Gold) - Excellent;;;;;0;no_match;;;
iPhone7Plus256GGSil-RD-VR-EXD-AU;Apple iPhone 7+ Plus (256GB, Silver) - Excellent;;;;;0;no_match;;;
iPhone7Plus32GBblck-RD-VR-EXD-AU;Apple iPhone 7+ Plus (32GB, Black) - Excellent;;;;;0;no_match;;;
iPhone15Pro256GBBlue-RD-VR-EXD-AU;Apple iPhone 15 Pro (256GB, Blue) - Excellent;;;;;0;no_match;;;
iPhone7Plus32GBgld-RD-VR-EXD-AU;Apple iPhone 7+ Plus (32GB, Gold) - Excellent;;;;;0;no_match;;;
iPhone15Pro256GBBlue-VR-ASN-AU;Apple iPhone 15 Pro (256GB, Blue) - Pristine;;;;;0;no_match;;;
iPhone7Plus32GBrose-RD-VR-EXD-AU;Apple iPhone 7+ Plus (32GB, Rose Gold) - Excellent;;;;;0;no_match;;;
IP15PRO1TBBlack-VR-ASN-AU;Apple iPhone 15 Pro (1TB, Black) - Pristine;;;;;0;no_match;;;
iPhone15Pro256GBTitan-RD-VR-EXD-AU;Apple iPhone 15 Pro (256GB, Titanium) - Excellent;;;;;0;no_match;;;
IP15PRO1TBBlue-VR-ASN-AU;Apple iPhone 15 Pro (1TB, Blue) - Pristine;;;;;0;no_match;;;
iPhone8128GBGld-RD-VR-EXD-AU;Apple iPhone 8 (128GB, Gold) - Excellent;;;;;0;no_match;;;
iPhone8128GBRed-RD-VR-EXD-AU;Apple iPhone 8 (128GB, Red) - Excellent;;;;;0;no_match;;;
iPhone8128GBSil-RD-VR-EXD-AU;Apple iPhone 8 (128GB, Silver) - Excellent;;;;;0;no_match;;;
iPhone8128GBGry-RD-VR-EXD-AU;Apple iPhone 8 (128GB, Space Grey) - Excellent;;;;;0;no_match;;;
iPhone15Pro256GBTitan-VR-ASN-AU;Apple iPhone 15 Pro (256GB, Titanium) - Pristine;;;;;0;no_match;;;
iPhone8256GBGld-RD-VR-EXD-AU;Apple iPhone 8 (256GB, Gold) - Excellent;;;;;0;no_match;;;
IP15PRO1TBNat-VR-ASN-AU;Apple iPhone 15 Pro (1TB, Natural) - Pristine;;;;;0;no_match;;;
IP15PRO1TBWhite-VR-ASN-AU;Apple iPhone 15 Pro (1TB, White) - Pristine;;;;;0;no_match;;;
iPhone8256GBGreyAS-RD-VR-EXD-AU;Apple iPhone 8 (256GB, Grey) AU - Excellent;;;;;0;no_match;;;
iPhone8256GBRed-RD-VR-EXD-AU;Apple iPhone 8 (256GB, Red) - Excellent;;;;;0;no_match;;;
iPhone15Pro256GBWhite-RD-VR-EXD-AU;Apple iPhone 15 Pro (256GB, White) - Excellent;;;;;0;no_match;;;
iPhone8256GBSil-RD-VR-EXD-AU;Apple iPhone 8 (256GB, Silver) - Excellent;;;;;0;no_match;;;
iPhone15Pro256GBWhite-VR-ASN-AU;Apple iPhone 15 Pro (256GB, White) - Pristine;;;;;0;no_match;;;
IP15PRO512GBBlack-RD-VR-EXD-AU;Apple iPhone 15 Pro (512GB, Black) - Excellent;;;;;0;no_match;;;
iPhone864GBGld-RD-VR-EXD-AU;Apple iPhone 8 (64GB, Gold) - Excellent;;;;;0;no_match;;;
IP15PRO512GBBlue-RD-VR-EXD-AU;Apple iPhone 15 Pro (512GB, Blue) - Excellent;;;;;0;no_match;;;
iPh15PM1TBBlk-RD-VR-EXD-AU;Apple iPhone 15 PRO MAX (1TB, Black) - Excellent;;;;;0;no_match;;;
iPhone864GBGreyAS-RD-VR-EXD-AU;Apple iPhone 8 (64GB, Grey) AU - Excellent;;;;;0;no_match;;;
iPhone864GBRed-RD-VR-EXD-AU;Apple iPhone 8 (64GB, Red) - Excellent;;;;;0;no_match;;;
iPh15PM1TBBlk-VR-ASN-AU;Apple iPhone 15 PRO MAX (1TB, Black) - Pristine;;;;;0;no_match;;;
iPh15PM1TBBlu-RD-VR-EXD-AU;Apple iPhone 15 PRO MAX (1TB, Blue) - Excellent;;;;;0;no_match;;;
iPh15PM1TBBlu-VR-ASN-AU;Apple iPhone 15 PRO MAX (1TB, Blue) - Pristine;;;;;0;no_match;;;
iPh15PM1TBNat-RD-VR-EXD-AU;Apple iPhone 15 PRO MAX (1TB, Natural) - Excellent;;;;;0;no_match;;;
iPh15PM1TBNat-VR-ASN-AU;Apple iPhone 15 PRO MAX (1TB, Natural) - Pristine;;;;;0;no_match;;;
iPhone8Plus256GBgld-RD-VR-EXD-AU;Apple iPhone 8+ Plus (256GB, Gold) - Excellent;;;;;0;no_match;;;
iPh15PM1TBWht-VR-ASN-AU;Apple iPhone 15 PRO MAX (1TB, White) - Pristine;;;;;0;no_match;;;
iPh15PM1TBWht-RD-VR-EXD-AU;Apple iPhone 15 PRO MAX (1TB, White) - Excellent;;;;;0;no_match;;;
iP15PROMAX256GBBlack-RD-VR-EXD-AU;Apple iPhone 15 PRO MAX (256GB, Black) - Excellent;;;;;0;no_match;;;
iPhone8Plus256GBsil-RD-VR-EXD-AU;Apple iPhone 8+ Plus (256GB, Silver) - Excellent;;;;;0;no_match;;;
iP15PROMAX256GBBlue-VR-ASN-AU;Apple iPhone 15 PRO MAX (256GB, Blue) - Pristine;;;;;0;no_match;;;
iP15PROMAX256GBBlack-VR-ASN-AU;Apple iPhone 15 PRO MAX (256GB, Black) - Pristine;;;;;0;no_match;;;
iP15PROMAX256GBBlue-RD-VR-EXD-AU;Apple iPhone 15 PRO MAX (256GB, Blue) - Excellent;;;;;0;no_match;;;
iPhone8Plus64GBgld-RD-VR-EXD-AU;Apple iPhone 8+ Plus (64GB, Gold) - Excellent;;;;;0;no_match;;;
iP15PROMAX256GBWhite-VR-ASN-AU;Apple iPhone 15 PRO MAX (256GB, White) - Pristine;;;;;0;no_match;;;
iPhone8Plus64GBred-RD-VR-EXD-AU;Apple iPhone 8+ Plus (64GB, Red) - Excellent;;;;;0;no_match;;;
iP15PROMAX256GBTitan-RD-VR-EXD-AU;Apple iPhone 15 PRO MAX (256GB, Titanium) - Excellent;;;;;0;no_match;;;
iPhone8Plus64GBsil-RD-VR-EXD-AU;Apple iPhone 8+ Plus (64GB, Silver) - Excellent;;;;;0;no_match;;;
iP15PROMAX256GBTitan-VR-ASN-AU;Apple iPhone 15 PRO MAX (256GB, Titanium) - Pristine;;;;;0;no_match;;;
ipSE128GBGold-RD-VR-EXD-AU;Apple iPhone SE 2016 (128GB, Gold) - Excellent;;;;;0;no_match;;;
iP15PROMAX256GBWhite-RD-VR-EXD-AU;Apple iPhone 15 PRO MAX (256GB, White) - Excellent;;;;;0;no_match;;;
ipSE128GBRsGl-RD-VR-EXD-AU;Apple iPhone SE 2016 (128GB, Rose Gold) - Excellent;;;;;0;no_match;;;
iPh15PM512GBBluAS-VR-ASN-AU;Apple iPhone 15 PRO MAX (512GB, Blue) AU - Pristine;;;;;0;no_match;;;
ipSE128GBSlvr-RD-VR-EXD-AU;Apple iPhone SE 2016 (128GB, Silver) - Excellent;;;;;0;no_match;;;
iPh15PM512GBBlk-RD-VR-EXD-AU;Apple iPhone 15 PRO MAX (512GB, Black) - Excellent;;;;;0;no_match;;;
ipSE128GBSpGr-RD-VR-EXD-AU;Apple iPhone SE 2016 (128GB, Space Grey) - Excellent;;;;;0;no_match;;;
iPh15PM512GBBlk-VR-ASN-AU;Apple iPhone 15 PRO MAX (512GB, Black) - Pristine;;;;;0;no_match;;;
iPhoneSE64GBgld-RD-VR-EXD-AU;Apple iPhone SE 2016 (64GB, Gold) - Excellent;;;;;0;no_match;;;
iPh15PM512GBBlkAS-VR-ASN-AU;Apple iPhone 15 PRO MAX (512GB, Black) AU - Pristine;;;;;0;no_match;;;
iPhoneSE64GBGry-RD-VR-EXD-AU;Apple iPhone SE 2016 (64GB, Grey) - Excellent;;;;;0;no_match;;;
iPhoneSE64GBrosegld-RD-VR-EXD-AU;Apple iPhone SE 2016 (64GB, Rose Gold) - Excellent;;;;;0;no_match;;;
iPh15PM512GBBlu-RD-VR-EXD-AU;Apple iPhone 15 PRO MAX (512GB, Blue) - Excellent;;;;;0;no_match;;;
iPhoneSE64GBsil-RD-VR-EXD-AU;Apple iPhone SE 2016 (64GB, Silver) - Excellent;;;;;0;no_match;;;
iPh15PM512GBBlu-VR-ASN-AU;Apple iPhone 15 PRO MAX (512GB, Blue) - Pristine;;;;;0;no_match;;;
iPh15PM512GBNat-RD-VR-EXD-AU;Apple iPhone 15 PRO MAX (512GB, Natural) - Excellent;;;;;0;no_match;;;
iPh15PM512GBNat-VR-ASN-AU;Apple iPhone 15 PRO MAX (512GB, Natural) - Pristine;;;;;0;no_match;;;
iPh15PM512GBWht-RD-VR-EXD-AU;Apple iPhone 15 PRO MAX (512GB, White) - Excellent;;;;;0;no_match;;;
iPh15PM512GBWht-VR-ASN-AU;Apple iPhone 15 PRO MAX (512GB, White) - Pristine;;;;;0;no_match;;;
iPh16Plus256GBTeal-VR-ASN-AU;Apple iPhone 16 Plus (256GB, Teal) - Pristine;;;;;0;no_match;;;
IphoneSE2nD128GBWhte-RD-VR-EXD-AU;Apple iPhone SE 2020 (128GB, White) - Excellent;;;;;0;no_match;;;
iPh15PM512GBWHTAS-RD-VR-EXD-AU;Apple iPhone 15 PRO MAX (512GB, White) AU - Excellent;;;;;0;no_match;;;
IphoneSE2nD256GBBlack-RD-VR-EXD-AU;Apple iPhone SE 2020 (256GB, Black) - Excellent;;;;;0;no_match;;;
iPh16Plus128GBBlck-RD-VR-EXD-AU;Apple iPhone 16 Plus (128GB, Black) - Excellent;;;;;0;no_match;;;
IphoneSE2nD256GBRed-RD-VR-EXD-AU;Apple iPhone SE 2020 (256GB, Red) - Excellent;;;;;0;no_match;;;
iPh16Plus128GBBlck-VR-ASN-AU;Apple iPhone 16 Plus (128GB, Black) - Pristine;;;;;0;no_match;;;
iPh16Plus128GBPnk-RD-VR-EXD-AU;Apple iPhone 16 Plus (128GB, Pink) - Excellent;;;;;0;no_match;;;
iPh16Plus128GBPnk-VR-ASN-AU;Apple iPhone 16 Plus (128GB, Pink) - Pristine;;;;;0;no_match;;;
iPh16Plus128GBTeal-VR-ASN-AU;Apple iPhone 16 Plus (128GB, Tea) - Pristine;https://reebelo.com.au/collections/apple-iphone-16-plus?skuId=sku-mq8bsvp601Rdn7eOPBjuNzi;128GB, 128 GB | Black;1122;iPhone 16 Plus - 128GB - 1 Physical SIM + eSIM - Black;1;matched;;Like New;https://reebelo.com.au/collections/apple-iphone-16-plus?skuId=sku-mq8bsvp601Rdn7eOPBjuNzi
iPh16Plus128GBTeal-RD-VR-EXD-AU;Apple iPhone 16 Plus (128GB, Teal) - Excellent;;;;;0;no_match;;;
iPh16Plus128GBUltrmr-RD-VR-EXD-AU;Apple iPhone 16 Plus (128GB, Ultramarine) - Excellent;https://reebelo.com.au/collections/apple-iphone-16-plus?skuId=sku-mi973t1sLARgmgbhX7Libwt;128GB, 128 GB | Black;1016.9;iPhone 16 Plus - 128GB - 1 Physical SIM + eSIM - Black;1;matched;;Very Good;https://reebelo.com.au/collections/apple-iphone-16-plus?skuId=sku-mi973t1sLARgmgbhX7Libwt
iPh16Plus128GBUltrmr-VR-ASN-AU;Apple iPhone 16 Plus (128GB, Ultramarine) - Pristine;https://reebelo.com.au/collections/apple-iphone-16-plus?skuId=sku-mq8bsvp601Rdn7eOPBjuNzi;128GB, 128 GB | Black;1122;iPhone 16 Plus - 128GB - 1 Physical SIM + eSIM - Black;1;matched;;Like New;https://reebelo.com.au/collections/apple-iphone-16-plus?skuId=sku-mq8bsvp601Rdn7eOPBjuNzi
iPh16Plus128GBWht-RD-VR-EXD-AU;Apple iPhone 16 Plus (128GB, White) - Excellent;;;;;0;no_match;;;
iPh16Plus128GBWht-VR-ASN-AU;Apple iPhone 16 Plus (128GB, White) - Pristine;;;;;0;no_match;;;
iPhn16Pro5G128GBBlk-RD-VR-EXD-AU;Apple iPhone 16 PRO 5G (128GB, Black) - Excellent;;;;;0;no_match;;;
iPhn16Pro5G128GBBlk-VR-ASN-AU;Apple iPhone 16 PRO 5G (128GB, Black) - Pristine;;;;;0;no_match;;;
iPhn16Pro5G128GBBrz-RD-VR-EXD-AU;Apple iPhone 16 PRO 5G (128GB, Bronze) - Excellent;;;;;0;no_match;;;
iPhn16Pro5G512GBBlk-VR-ASN-AU;Apple iPhone 16 PRO 5G (512GB, Black) - Pristine;;;;;0;no_match;;;
iPhn16Pro5G128GBBrz-VR-ASN-AU;Apple iPhone 16 PRO 5G (128GB, Bronze) - Pristine;;;;;0;no_match;;;
iPhn16Pro5G512GBBrz-VR-ASN-AU;Apple iPhone 16 PRO 5G (512GB, Bronze) - Pristine;;;;;0;no_match;;;
iPhn16Pro5G128GBSlv-RD-VR-EXD-AU;Apple iPhone 16 PRO 5G (128GB, Silver) - Excellent;;;;;0;no_match;;;
iPhn16Pro5G128GBSlv-VR-ASN-AU;Apple iPhone 16 PRO 5G (128GB, Silver) - Pristine;;;;;0;no_match;;;
iPhn16Pro5G128GBWht-RD-VR-EXD-AU;Apple iPhone 16 PRO 5G (128GB, White) - Excellent;;;;;0;no_match;;;
iPhn16Pro5G128GBWht-VR-ASN-AU;Apple iPhone 16 PRO 5G (128GB, White) - Pristine;;;;;0;no_match;;;
iPSE3256GBRedAS-RD-VR-EXD-AU;Apple iPhone SE 2022 (256GB, Red) AU - Excellent;;;;;0;no_match;;;
iPhn16Pro5G256GBBlk-RD-VR-EXD-AU;Apple iPhone 16 PRO 5G (256GB, Black) - Excellent;;;;;0;no_match;;;
iPhn16Pro5G256GBBlk-VR-ASN-AU;Apple iPhone 16 PRO 5G (256GB, Black) - Pristine;;;;;0;no_match;;;
iPSE3256GBStarAS-RD-VR-EXD-AU;Apple iPhone SE 2022 (256GB, Starlight) AU - Excellent;;;;;0;no_match;;;
iPhn16Pro5G256GBBrz-RD-VR-EXD-AU;Apple iPhone 16 PRO 5G (256GB, Bronze) - Excellent;;;;;0;no_match;;;
iPhn16Pro5G256GBBrz-VR-ASN-AU;Apple iPhone 16 PRO 5G (256GB, Bronze) - Pristine;;;;;0;no_match;;;
iPhn16Pro5G256GBSlv-RD-VR-EXD-AU;Apple iPhone 16 PRO 5G (256GB, Silver) - Excellent;;;;;0;no_match;;;
iPhn16Pro5G256GBSlv-VR-ASN-AU;Apple iPhone 16 PRO 5G (256GB, Silver) - Pristine;;;;;0;no_match;;;
iPhn16Pro5G256GBWht-RD-VR-EXD-AU;Apple iPhone 16 PRO 5G (256GB, White) - Excellent;;;;;0;no_match;;;
iPhn16Pro5G256GBWht-VR-ASN-AU;Apple iPhone 16 PRO 5G (256GB, White) - Pristine;;;;;0;no_match;;;
iPhn16PrMx1TBBlck-RD-VR-EXD-AU;Apple iPhone 16 PRO MAX 5G (1TB, Black) - Excellent;;;;;0;no_match;;;
iPhoneX256GBSil-RD-VR-EXD-AU;Apple iPhone X (256GB, Silver) - Excellent;;;;;0;no_match;;;
iPhn16PrMx1TBBlck-VR-ASN-AU;Apple iPhone 16 PRO MAX 5G (1TB, Black) - Pristine;;;;;0;no_match;;;
iPhoneX256GBGry-RD-VR-EXD-AU;Apple iPhone X (256GB, Space Gray) - Excellent;;;;;0;no_match;;;
iPhn16PrMx1TBBrz-RD-VR-EXD-AU;Apple iPhone 16 PRO MAX 5G (1TB, Bronze) - Excellent;;;;;0;no_match;;;
iPhn16PrMx1TBBrz-VR-ASN-AU;Apple iPhone 16 PRO MAX 5G (1TB, Bronze) - Pristine;;;;;0;no_match;;;
iPhn16PrMx1TBSlv-RD-VR-EXD-AU;Apple iPhone 16 PRO MAX 5G (1TB, Silver) - Excellent;;;;;0;no_match;;;
iPhn16PrMx1TBSlv-VR-ASN-AU;Apple iPhone 16 PRO MAX 5G (1TB, Silver) - Pristine;;;;;0;no_match;;;
iPhn16PrMx1TBWht-RD-VR-EXD-AU;Apple iPhone 16 PRO MAX 5G (1TB, White) - Excellent;;;;;0;no_match;;;
iPhn16PrMx1TBWht-VR-ASN-AU;Apple iPhone 16 PRO MAX 5G (1TB, White) - Pristine;;;;;0;no_match;;;
iPhn16ProMax5G256GBBlk-RD-VR-EXD-AU;Apple iPhone 16 PRO MAX 5G (256GB, Black) - Excellent;;;;;0;no_match;;;
iPhn16ProMax5G256GBBlk-VR-ASN-AU;Apple iPhone 16 PRO MAX 5G (256GB, Black) - Pristine;;;;;0;no_match;;;
iPhn16ProMax5G256GBBrz-RD-VR-EXD-AU;Apple iPhone 16 PRO MAX 5G (256GB, Bronze) - Excellent;;;;;0;no_match;;;
iPhn16ProMax5G256GBBrz-VR-ASN-AU;Apple iPhone 16 PRO MAX 5G (256GB, Bronze) - Pristine;;;;;0;no_match;;;
iP6S128GBRgldDS-VR-ASN-AU;Apple iPhone 6S (128GB, Rose Gold) - Pristine;;;;;0;no_match;;;
iPhn16ProMax5G256GBNtrl-RD-VR-EXD-AU;Apple iPhone 16 PRO MAX 5G (256GB, Natural) - Excellent;;;;;0;no_match;;;
iPhone7Blck128GB-ASN-AU;Apple iPhone 7 (128GB, Black) - Pristine;;;;;0;no_match;;;
iPhn16ProMax5G256GBNtrl-VR-ASN-AU;Apple iPhone 16 PRO MAX 5G (256GB, Natural) - Pristine;;;;;0;no_match;;;
iphone7Gold128GB-ASN-AU;Apple iPhone 7 (128GB, Gold) - Pristine;;;;;0;no_match;;;
iPhoneXR128GBYlow-RD-VR-EXD-AU;Apple iPhone XR (128GB, Yellow) - Excellent;;;;;0;no_match;;;
iPhone7128GBJBlk-VR-ASN-AU;Apple iPhone 7 (128GB, Jet Black) - Pristine;;;;;0;no_match;;;
iPhn16ProMax5G256GBWht-RD-VR-EXD-AU;Apple iPhone 16 PRO MAX 5G (256GB, White) - Excellent;;;;;0;no_match;;;
iphone7Red128GB-ASN-AU;Apple iPhone 7 (128GB, Red) - Pristine;;;;;0;no_match;;;
iPhoneXR256GBBlue-RD-VR-EXD-AU;Apple iPhone XR (256GB, Blue) - Excellent;;;;;0;no_match;;;
iphone7RsG128GB-ASN-AU;Apple iPhone 7 (128GB, Rose Gold) - Pristine;;;;;0;no_match;;;
iPhoneXR256GBCoral-RD-VR-EXD-AU;Apple iPhone XR (256GB, Coral) - Excellent;;;;;0;no_match;;;
IPh7Silver128GB-ASN-AU;Apple iPhone 7 (128GB, Silver) - Pristine;;;;;0;no_match;;;
iPhn16ProMax5G256GBWht-VR-ASN-AU;Apple iPhone 16 PRO MAX 5G (256GB, White) - Pristine;;;;;0;no_match;;;
iPhone7256GBBlck-ASN-AU;Apple iPhone 7 (256GB, Black) - Pristine;;;;;0;no_match;;;
iPhn16PrMx512GBBlk-RD-VR-EXD-AU;Apple iPhone 16 PRO MAX 5G (512GB, Black) - Excellent;;;;;0;no_match;;;
iphone7Gold256GB-ASN-AU;Apple iPhone 7 (256GB, Gold) - Pristine;;;;;0;no_match;;;
iPhn16PrMx512GBBlk-VR-ASN-AU;Apple iPhone 16 PRO MAX 5G (512GB, Black) - Pristine;;;;;0;no_match;;;
iphone7Red256GB-ASN-AU;Apple iPhone 7 (256GB, Red) - Pristine;;;;;0;no_match;;;
iPhn16PrMx512GBBrz-RD-VR-EXD-AU;Apple iPhone 16 PRO MAX 5G (512GB, Bronze) - Excellent;;;;;0;no_match;;;
iphone7RsG256GB-ASN-AU;Apple iPhone 7 (256GB, Rose Gold) - Pristine;;;;;0;no_match;;;
iPhoneXR64GBBlue-RD-VR-EXD-AU;Apple iPhone XR (64GB, Blue) - Excellent;;;;;0;no_match;;;
ip7Slvr256GB-ASN-AU;Apple iPhone 7 (256GB, Silver) - Pristine;;;;;0;no_match;;;
iPhoneXR64GBCoral-RD-VR-EXD-AU;Apple iPhone XR (64GB, Coral) - Excellent;;;;;0;no_match;;;
iPhone732GBblck-ASN-AU;Apple iPhone 7 (32GB, Black) - Pristine;;;;;0;no_match;;;
iPhn16PrMx512GBBrz-VR-ASN-AU;Apple iPhone 16 PRO MAX 5G (512GB, Bronze) - Pristine;;;;;0;no_match;;;
iPhone732GBGld-ASN-AU;Apple iPhone 7 (32GB, Gold) - Pristine;;;;;0;no_match;;;
iPhn16PrMx512GBGry-RD-VR-EXD-AU;Apple iPhone 16 PRO MAX 5G (512GB, Grey) - Excellent;;;;;0;no_match;;;
iPHN732GBjblck-VR-ASN-AU;Apple iPhone 7 (32GB, Jet Black) - Pristine;;;;;0;no_match;;;
iPhoneXR64GBYellow-RD-VR-EXD-AU;Apple iPhone XR (64GB, Yellow) - Excellent;;;;;0;no_match;;;
iPhone732GBR.gld-ASN-AU;Apple iPhone 7 (32GB, Rose Gold) - Pristine;;;;;0;no_match;;;
iPhoneXS256GBbGld-RD-VR-EXD-AU;Apple iPhone XS (256GB, Gold) - Excellent;;;;;0;no_match;;;
iPhone732GBsil-ASN-AU;Apple iPhone 7 (32GB, Silver) - Pristine;;;;;0;no_match;;;
iPhn16PrMx512GBGry-VR-ASN-AU;Apple iPhone 16 PRO MAX 5G (512GB, Grey) - Pristine;;;;;0;no_match;;;
iPhone7Plus128GBblk-ASN-AU;Apple iPhone 7+ Plus (128GB, Black) - Pristine;;;;;0;no_match;;;
iPhn16PrMx512GBNtrl-RD-VR-EXD-AU;Apple iPhone 16 PRO MAX 5G (512GB, Natural) - Excellent;;;;;0;no_match;;;
iP7Plus128GBBlckAS-VR-ASN-AU;Apple iPhone 7+ Plus (128GB, Black) AU - Pristine;;;;;0;no_match;;;
iPhoneXS512GBGold-RD-VR-EXD-AU;Apple iPhone XS (512GB, Gold) - Excellent;;;;;0;no_match;;;
iPhone7Plus128GBgld-ASN-AU;Apple iPhone 7+ Plus (128GB, Gold) - Pristine;;;;;0;no_match;;;
iPhoneXS512GBSilv-RD-VR-EXD-AU;Apple iPhone XS (512GB, Silver) - Excellent;;;;;0;no_match;;;
iphone7+P128GBJtB-ASN-AU;Apple iPhone 7+ Plus (128GB, Jet Black) - Pristine;;;;;0;no_match;;;
iP7Plus128GBJBlckAS-VR-ASN-AU;Apple iPhone 7+ Plus (128GB, Jet Black) AU - Pristine;;;;;0;no_match;;;
iPhoneXS512GBSpcGry-RD-VR-EXD-AU;Apple iPhone XS (512GB, Space Grey) - Excellent;;;;;0;no_match;;;
iPhn16PrMx512GBNtrl-VR-ASN-AU;Apple iPhone 16 PRO MAX 5G (512GB, Natural) - Pristine;;;;;0;no_match;;;
iPhone7Plus128GBred-ASN-AU;Apple iPhone 7+ Plus (128GB, Red) - Pristine;;;;;0;no_match;;;
iPhoneXS64GBbSil-RD-VR-EXD-AU;Apple iPhone XS (64GB, Silver) - Excellent;;;;;0;no_match;;;
iPhone7Plus128GBR.gld-ASN-AU;Apple iPhone 7+ Plus (128GB, Rose Gold) - Pristine;;;;;0;no_match;;;
iP7Plus128GBRGldAS-VR-ASN-AU;Apple iPhone 7+ Plus (128GB, Rose Gold) AU - Pristine;;;;;0;no_match;;;
iPhn16PrMx512GBWht-RD-VR-EXD-AU;Apple iPhone 16 PRO MAX 5G (512GB, White) - Excellent;;;;;0;no_match;;;
iPhn16PrMx512GBWht-VR-ASN-AU;Apple iPhone 16 PRO MAX 5G (512GB, White) - Pristine;;;;;0;no_match;;;
iphone7+P128GBSlv-ASN-AU;Apple iPhone 7+ Plus (128GB, Silver) - Pristine;;;;;0;no_match;;;
iPhoneXSMax256GBbSil-RD-VR-EXD-AU;Apple iPhone XS Max (256GB, Silver) - Excellent;;;;;0;no_match;;;
iPhone7Plus256GBgld-ASN-AU;Apple iPhone 7+ Plus (256GB, Gold) - Pristine;;;;;0;no_match;;;
iPhoneXSMax256GBbGry-RD-VR-EXD-AU;Apple iPhone XS Max (256GB, Space Grey) - Excellent;;;;;0;no_match;;;
iP7Plus32GBBlck-VR-ASN-AU;Apple iPhone 7+ Plus (32GB, Black) - Pristine;;;;;0;no_match;;;
iPhoneXSMax512GBbGld-RD-VR-EXD-AU;Apple iPhone XS Max (512GB, Gold) - Excellent;;;;;0;no_match;;;
iPhone7Plus32GBgld-ASN-AU;Apple iPhone 7+ Plus (32GB, Gold) - Pristine;;;;;0;no_match;;;
iPhoneXSMax512GBbSil-RD-VR-EXD-AU;Apple iPhone XS Max (512GB, Silver) - Excellent;;;;;0;no_match;;;
iP7Plus32GBRGld-VR-ASN-AU;Apple iPhone 7+ Plus (32GB, Rose Gold) - Pristine;;;;;0;no_match;;;
iPhoneXSMax512GBbGry-RD-VR-EXD-AU;Apple iPhone XS Max (512GB, Space Grey) - Excellent;;;;;0;no_match;;;
iP7Plus32GBSil-VR-ASN-AU;Apple iPhone 7+ Plus (32GB, Silver) - Pristine;;;;;0;no_match;;;
iPhone732GBblck-RD-VR-EXD-AU;Apple iPhone 7 (32GB, Black) - Excellent;;;;;0;no_match;;;
iPhone7Plus32GBSil-RD-VR-EXD-AU;Apple iPhone 7+ Plus (32GB, Silver) - Excellent;;;;;0;no_match;;;
iPhoneXSMax64GBbSil-RD-VR-EXD-AU;Apple iPhone XS Max (64GB, Silver) - Excellent;;;;;0;no_match;;;
iPhone8256GBGrey-VR-ASN-AU;Apple iPhone 8 (256GB, Grey) - Pristine;;;;;0;no_match;;;
iPhone8256GBblck-RD-VR-EXD-AU;Apple iPhone 8 (256GB, Black) - Excellent;;;;;0;no_match;;;
iPhone8256GBRed-VR-ASN-AU;Apple iPhone 8 (256GB, Red) - Pristine;;;;;0;no_match;;;
MacMini2014i58256GB-RD-EXD-AU;Apple Mac Mini 2014 (i5, 8GB RAM, 256GB) - Excellent;;;;;0;no_match;;;
MacAir2013i54128GB-RD-EXD-AU;Apple Macbook Air 2013 (i5, 4GB RAM, 128GB) - Excellent;;;;;0;no_match;;;
MacAir2013i58128GB-RD-EXD-AU;Apple Macbook Air 2013 (i5, 8GB RAM, 128GB) - Excellent;;;;;0;no_match;;;
MacAir2015128GBAS-RD-VR-EXD-AU;"Apple Macbook Air 2015 (13"", i5, 128GB, Silver) AU - Excellent";;;;;0;no_match;;;
iPhone8256GBSilv-VR-ASN-AU;Apple iPhone 8 (256GB, Silver) - Pristine;;;;;0;no_match;;;
MacAirMJVE2LLi58256GB13-RD-EXD-AU;Apple Macbook Air 2015 (i5, 8GB RAM, 256GB) - Excellent;;;;;0;no_match;;;
iPhone8256GBGld-VR-ASN-AU;Apple iPhone 8 (256GB, Gold) - Pristine;;;;;0;no_match;;;
iPhone864GBGld-VR-ASN-AU;Apple iPhone 8 (64GB, Gold) - Pristine;;;;;0;no_match;;;
iPhone864GBblck-RD-VR-EXD-AU;Apple iPhone 8 (64GB, Black) - Excellent;;;;;0;no_match;;;
iPhone864GBGrey-VR-ASN-AU;Apple iPhone 8 (64GB, Grey) - Pristine;;;;;0;no_match;;;
MacAir2018SpGi51.5TB13-RD-VR-EXD-AU;Apple Macbook Air 2018 (i5, 16GB RAM, 1.5TB, Space Grey) - Excellent;;;;;0;no_match;;;
iPhone864GBSil-RD-VR-EXD-AU;Apple iPhone 8 (64GB, Silver) - Excellent;;;;;0;no_match;;;
iPhone8Plus256GBblck-RD-VR-EXD-AU;Apple iPhone 8+ Plus (256GB, Black) - Excellent;;;;;0;no_match;;;
iPhone864GBRed-VR-ASN-AU;Apple iPhone 8 (64GB, Red) - Pristine;;;;;0;no_match;;;
iPhone8Plus256GBRed-RD-VR-EXD-AU;Apple iPhone 8+ Plus (256GB, Red) - Excellent;;;;;0;no_match;;;
iPhone864GBSilv-VR-ASN-AU;Apple iPhone 8 (64GB, Silver) - Pristine;;;;;0;no_match;;;
MacAir2018Gldi5128GB13-RD-VR-EXD-AU;Apple Macbook Air 2018 (i5, 8GB RAM, 128GB, Gold) - Excellent - Excellent;;;;;0;no_match;;;
MacAir2018SpGi5128GB13-RD-VR-EXD-AU;Apple Macbook Air 2018 (i5, 8GB RAM, 128GB, Space Grey) - Excellent;;;;;0;no_match;;;
iPhone8Plus64GBblk-RD-VR-EXD-AU;Apple iPhone 8+ Plus (64GB, Black) - Excellent;;;;;0;no_match;;;
MacAir2019Gldi516512GB13-RD-VR-EXD-AU;Apple Macbook Air 2019 (i5, 16GB RAM, 512GB, Gold) - Excellent;;;;;0;no_match;;;
MacAir2019Gldi58128GB13-RD-VR-EXD-AU;Apple Macbook Air 2019 (i5, 8GB RAM, 128GB, Gold) - Excellent;;;;;0;no_match;;;
MacAir2019Gldi58256GB13-RD-VR-EXD-AU;Apple Macbook Air 2019 (i5, 8GB RAM, 256GB, Gold) - Excellent;;;;;0;no_match;;;
MacAir132020SpG1TBM1-RD-VR-EXD-AU;Apple Macbook Air 2020 (M1, 16GB RAM, 1TB, Space Grey) - Excellent;;;;;0;no_match;;;
MacAir132020Gld16256GBM1-RD-VR-EXD-AU;Apple Macbook Air 2020 (M1, 16GB RAM, 256GB, Gold) - Excellent;;;;;0;no_match;;;
iPhone8Plus64GBgld-VR-ASN-AU;Apple iPhone 8+ Plus (64GB, Gold) - Pristine;;;;;0;no_match;;;
IphoneSE2nD128GBBlck-RD-VR-EXD-AU;Apple iPhone SE 2020 (128GB, Black) - Excellent;;;;;0;no_match;;;
iPSE2nD128GBBlck-ASN-AU;Apple iPhone SE 2020 (128GB, Black) - Pristine;;;;;0;no_match;;;
IphoneSE2nD128GBRed-RD-VR-EXD-AU;Apple iPhone SE 2020 (128GB, Red) - Excellent;;;;;0;no_match;;;
iPSE2nD128GBWhite-ASN-AU;Apple iPhone SE 2020 (128GB, White) - Pristine;;;;;0;no_match;;;
MacAir2022M28256GryG-RD-VR-EXD-AU;Apple Macbook Air 2022 (M2, 8GB RAM, 256GB, Grey) - Excellent;;;;;0;no_match;;;
iPhone8Plus256GBblk-VR-ASN-AU;Apple iPhone 8+ Plus (256GB, Black) - Pristine;;;;;0;no_match;;;
MacAir2022M28256MidG-RD-VR-EXD-AU;Apple Macbook Air 2022 (M2, 8GB RAM, 256GB, Midnight) - Excellent;;;;;0;no_match;;;
iPhone8Plus256GBgld-VR-ASN-AU;Apple iPhone 8+ Plus (256GB, Gold) - Pristine;;;;;0;no_match;;;
MacAir2022M28512MidG-RD-VR-EXD-AU;Apple Macbook Air 2022 (M2, 8GB RAM, 512GB, Midnight) - Excellent;;;;;0;no_match;;;
iPhone8Plus256GBRed-VR-ASN-AU;Apple iPhone 8+ Plus (256GB, Red) - Pristine;;;;;0;no_match;;;
MacAirMF068X-Ai74512GB13-RD-VR-EXD-AU;Apple Macbook Air Early 2014 (i7, 4GB RAM, 512GB) - Excellent;;;;;0;no_match;;;
MacAirMF068X-Ai78512GB13-RD-VR-EXD-AU;Apple Macbook Air Early 2014 (i7, 8GB RAM, 512GB) - Excellent;;;;;0;no_match;;;
MacBookAir2015MJV128GB-RD-EXD-AU;Apple Macbook Air Early 2015 (i5, 4GB RAM, 128GB) - Excellent;;;;;0;no_match;;;
MacBookAir2015MJV256GB-RD-EXD-AU;Apple Macbook Air Early 2015 (i5, 4GB RAM, 256GB) - Excellent;;;;;0;no_match;;;
MacAirMRE82LL-Ai516256GB13-RD-EXD-AU;Apple Macbook Air Late 2018 (i5, 16GB RAM, 256GB, Space Grey) - Excellent;;;;;0;no_match;;;
MacAirMRE82LL-Ai58128GB13-RD-EXD-AU;Apple Macbook Air Late 2018 (i5, 8GB RAM, 128GB, Gold) - Excellent;;;;;0;no_match;;;
MacAirM120208256GBSpGAS-RD-VR-EXD-AU;"Apple Macbook Air M1 2020 13.3"" (8GB RAM, 256GB, Space Grey) AU - Excellent";;;;;0;no_match;;;
iPhone8Plus256GBsil-VR-ASN-AU;Apple iPhone 8+ Plus (256GB, Silver) - Pristine;;;;;0;no_match;;;
MacAirM120208512GBSpGAS-RD-VR-EXD-AU;"Apple Macbook Air M1 2020 13.3"" (8GB RAM, 512GB, Space Grey) AU - Excellent";;;;;0;no_match;;;
iPhone8Plus64GBblk-VR-ASN-AU;Apple iPhone 8+ Plus (64GB, Black) - Pristine;;;;;0;no_match;;;
MacAirMD711LL-Ai78256GB11-RD-EXD-AU;Apple Macbook Air MD711LL/A (i7, 8GB RAM, 256GB) - Excellent;;;;;0;no_match;;;
MacAirMD711LL-Bi54256GB11-RD-EXD-AU;Apple Macbook Air MD711LL/B (i5, 4GB RAM, 256GB) - Excellent;;;;;0;no_match;;;
IphoneSE2nD256GBWhte-RD-VR-EXD-AU;Apple iPhone SE 2020 (256GB, White) - Excellent;;;;;0;no_match;;;
McbkAirMgn732020M18512GldAS-RD-VR-EXD-AU;"Apple Macbook Air MGN73ll/a 13.3"" (8GB RAM, 512GB, Gold) AU - Excellent";;;;;0;no_match;;;
iPhone8Plus64GBRed-VR-ASN-AU;Apple iPhone 8+ Plus (64GB, Red) - Pristine;;;;;0;no_match;;;
McbkAirMgn732020M18512SlvAS-RD-VR-EXD-AU;"Apple Macbook Air MGN73ll/a 13.3"" (8GB RAM, 512GB, Silver) AU - Excellent";;;;;0;no_match;;;
iPhone8Plus64GBsil-VR-ASN-AU;Apple iPhone 8+ Plus (64GB, Silver) - Pristine;;;;;0;no_match;;;
McbkAirMgn732020M18512SpGAS-RD-VR-EXD-AU;"Apple Macbook Air MGN73ll/a 13.3"" (8GB RAM, 512GB, Space Gray) AU - Excellent";;;;;0;no_match;;;
MacAirMD223LL-Ai54128GB11-RD-VR-EXD-AU;Apple Macbook Air Mid 2012 (i5, 4GB RAM, 128GB) - Excellent;;;;;0;no_match;;;
MacAirMD231LL-Ai54256GB13-RD-VR-EXD-AU;Apple Macbook Air Mid 2012 (i5, 4GB RAM, 256GB) - Excellent;;;;;0;no_match;;;
MacAirMD223LL-Ai54256GB11-RD-VR-EXD-AU;Apple Macbook Air Mid 2012 (i5, 4GB RAM, 256GB) - Excellent;;;;;0;no_match;;;
MacAirMD231LL-Ai58256GB13-RD-VR-EXD-AU;Apple Macbook Air Mid 2012 (i5, 8GB RAM, 256GB) - Excellent;;;;;0;no_match;;;
MacAirMD760LL-Ai54128GB-RD-VR-EXD-AU;Apple Macbook Air Mid 2013 (i5, 4GB RAM, 128GB) - Excellent;;;;;0;no_match;;;
MacAirMD711LL-A256GBi5-RD-VR-EXD-AU;Apple Macbook Air Mid 2013 (i5, 4GB RAM, 256GB, MD711L) - Excellent;;;;;0;no_match;;;
MacAirMD760LL-Ai58128GB-RD-VR-EXD-AU;Apple Macbook Air Mid 2013 (i5, 8GB RAM, 128GB) - Excellent;;;;;0;no_match;;;
MacAirMD760LL-Ai58256GB-RD-VR-EXD-AU;Apple Macbook Air Mid 2013 (i5, 8GB RAM, 256GB) - Excellent;;;;;0;no_match;;;
MacAirMD711LL-A512GBi5-RD-VR-EXD-AU;Apple Macbook Air Mid 2013 (i5, 8GB RAM, 512GB, MD711L) - Excellent;;;;;0;no_match;;;
IphoneSE2nD64GBBlck-RD-VR-EXD-AU;Apple iPhone SE 2020 (64GB, Black) - Excellent;;;;;0;no_match;;;
MacPro2015i58128GB13-RD-EXD-AU;Apple Macbook Pro 2015 (i5, 8GB RAM, 128GB) - Excellent;;;;;0;no_match;;;
MacProMLH12LLi5161TB13-RD-VR-EXD-AU;Apple Macbook Pro 2016 (i5, 16GB RAM, 1TB) - Excellent;;;;;0;no_match;;;
MacProMLH12LLi516256GB13-RD-VR-EXD-AU;Apple Macbook Pro 2016 (i5, 16GB RAM, 256GB) - Excellent;;;;;0;no_match;;;
MacProMLH12LLi516512GB13-RD-VR-EXD-AU;Apple Macbook Pro 2016 (i5, 16GB RAM, 512GB) - Excellent;;;;;0;no_match;;;
MacProMLUQ2LLi51TB-RD-EXD-AU;Apple Macbook Pro 2016 (i5, 8GB RAM, 1TB) - Excellent;;;;;0;no_match;;;
MacProMLW82Xi7161TB15-RD-VR-EXD-AU;Apple Macbook Pro 2016 (i7, 16GB RAM, 1TB) - Excellent;;;;;0;no_match;;;
MacProMLW82Xi7162TB15-RD-VR-EXD-AU;Apple Macbook Pro 2016 (i7, 16GB RAM, 2TB) - Excellent;;;;;0;no_match;;;
MacPro2017i516256GB13-RD-VR-EXD-AU;Apple Macbook Pro 2017 (i5, 16GB RAM, 256GB) - Excellent;;;;;0;no_match;;;
MacPro2017i5256GBTchBar-RD-VR-EXD-AU;Apple Macbook Pro 2017 (i5, 16GB RAM, 256GB) - Excellent;;;;;0;no_match;;;
MacPro2017i516512GB13-RD-VR-EXD-AU;Apple Macbook Pro 2017 (i5, 16GB RAM, 512GB, Retina) - Excellent;;;;;0;no_match;;;
MacPro2017i5512GBTchBar-RD-VR-EXD-AU;Apple Macbook Pro 2017 (i5, 16GB RAM, 512GB) - Excellent;;;;;0;no_match;;;
MacPro2017i58512GB13-RD-VR-EXD-AU;Apple Macbook Pro 2017 (i5, 8GB RAM, 512GB) - Excellent;;;;;0;no_match;;;
MacPro2017i71TB13-RD-VR-EXD-AU;Apple Macbook Pro 2017 (i7, 16GB RAM, 1TB) - Excellent;;;;;0;no_match;;;
MacPro2017i7161TB-RD-VR-EXD-AU;Apple Macbook Pro 2017 (i7, 16GB RAM, 1TB) - Excellent;;;;;0;no_match;;;
MacPro2017i716256GB-RD-VR-EXD-AU;Apple Macbook Pro 2017 (i7, 16GB RAM, 256GB) - Excellent;;;;;0;no_match;;;
MacPro2017i7512GB13-RD-VR-EXD-AU;Apple Macbook Pro 2017 (i7, 16GB RAM, 512GB) - Excellent;;;;;0;no_match;;;
MacPro2017i716512GB-RD-VR-EXD-AU;Apple Macbook Pro 2017 (i7, 16GB RAM, 512GB) - Excellent;;;;;0;no_match;;;
MacPro2018i5256GB13-RD-VR-EXD-AU;Apple Macbook Pro 2018 (i5, 16GB RAM, 256GB) - Excellent;https://reebelo.com.au/collections/apple-macbook-pro-2018-13.3-inch?skuId=sku-mhmzdygbupJ6eezLLT1EeVV;i5 | 16GB, 16 GB | 16GB, 16 GB, 256GB, 256 GB;516.99;MacBook Pro (2018) 13.3-inch - Intel Core i5 2.3GHz - 16GB RAM - SSD 256GB;1;matched;;Very Good;https://reebelo.com.au/collections/apple-macbook-pro-2018-13.3-inch?skuId=sku-mhmzdygbupJ6eezLLT1EeVV
MacPro2018i5512GB13-RD-VR-EXD-AU;Apple Macbook Pro 2018 (i5, 16GB RAM, 512GB) - Excellent;;;;;0;no_match;;;
MacBookPro15i71TBTB-RD-VR-EXD-AU;Apple Macbook Pro 2018 (i7, 16GB RAM, 1TB) - Excellent;;;;;0;no_match;;;
MacBookPro15i7256GBTB-RD-VR-EXD-AU;Apple Macbook Pro 2018 (i7, 16GB RAM, 256GB) - Excellent;https://reebelo.com.au/collections/apple-macbook-pro-2018-13.3-inch?skuId=sku-mfllo9t1tYWwhQQAJTNtB8M;i5 | 8GB, 8 GB | 8GB, 8 GB, 256GB, 256 GB;626.99;MacBook Pro (2018) 13.3-inch - Intel Core i5 2.3GHz - 8GB RAM - SSD 256GB;1;matched;;Very Good;https://reebelo.com.au/collections/apple-macbook-pro-2018-13.3-inch?skuId=sku-mfllo9t1tYWwhQQAJTNtB8M
MacBookPro15i7512GBTB-RD-VR-EXD-AU;Apple Macbook Pro 2018 (i7, 32GB RAM, 512GB) - Excellent;;;;;0;no_match;;;
MacPro2018i91TB15-RD-VR-EXD-AU;Apple Macbook Pro 2018 (i9, 32GB RAM, 1TB) - Excellent;;;;;0;no_match;;;
MacPro2018i92TB15-RD-VR-EXD-AU;Apple Macbook Pro 2018 (i9, 32GB RAM, 2TB) - Excellent;;;;;0;no_match;;;
MacPro2019i51TB13-RD-VR-EXD-AU;Apple Macbook Pro 2019 (i5, 16GB RAM, 1TB) - Excellent;;;;;0;no_match;;;
MacPro2019i5256GB13-RD-VR-EXD-AU;Apple Macbook Pro 2019 (i5, 16GB RAM, 256GB) - Excellent;;;;;0;no_match;;;
MacPro2019i7512GB13-RD-VR-EXD-AU;Apple Macbook Pro 2019 (i7, 16GB RAM, 512GB) - Excellent;;;;;0;no_match;;;
MacPro2019i72TB13-RD-VR-EXD-AU;Apple Macbook Pro 2019 (i7, 8GB RAM, 2TB) - Excellent;;;;;0;no_match;;;
IphoneSE2nD64GBBlck-ASN-AU;Apple iPhone SE 2020 (64GB, Black) - Pristine;;;;;0;no_match;;;
IphoneSE2nD64GBRed-RD-VR-EXD-AU;Apple iPhone SE 2020 (64GB, Red) - Excellent;;;;;0;no_match;;;
McPro132020M116GB1TB-RD-VR-EXD-AU;Apple Macbook Pro 2020 (M1, 16GB RAM, 1TB) - Excellent;;;;;0;no_match;;;
MacPro2020M1256GB-RD-VR-EXD-AU;Apple Macbook Pro 2020 (M1, 16GB RAM, 256GB) - Excellent;;;;;0;no_match;;;
MacPro2020M12TB-RD-VR-EXD-AU;Apple Macbook Pro 2020 (M1, 16GB RAM, 2TB) - Excellent;;;;;0;no_match;;;
MacPro2020M1512GB-RD-VR-EXD-AU;Apple Macbook Pro 2020 (M1, 16GB RAM, 512GB) - Excellent;;;;;0;no_match;;;
McPro132020M18GB1TB-RD-VR-EXD-AU;Apple Macbook Pro 2020 (M1, 8GB RAM, 1TB) - Excellent;;;;;0;no_match;;;
McPro132020M18GB256GB-RD-VR-EXD-AU;Apple Macbook Pro 2020 (M1, 8GB RAM, 256GB) - Excellent;;;;;0;no_match;;;
McPro132020M18GB512GB-RD-VR-EXD-AU;Apple Macbook Pro 2020 (M1, 8GB RAM, 512GB) - Excellent;;;;;0;no_match;;;
ApWS4Hr44mCelSil-RD-EXD-AU;Apple Watch HERMES Series 4 (44MM, Silver, Cellular) - Excellent;;;;;0;no_match;;;
AplWtchSE40CelGld-RD-VR-EXD-AU;Apple Watch SE Cellular (40MM, Gold, Alumunium) - Excellent;;;;;0;no_match;;;
iPhoneSE128GBGold-ASN-AU;Apple iPhone SE 2016 (128GB, Gold) - Pristine;;;;;0;no_match;;;
AplWtchSE40CelSpG-RD-VR-EXD-AU;Apple Watch SE Cellular (40MM, Space Grey, Alumunium) - Excellent;;;;;0;no_match;;;
iphonSERsG128GB-ASN-AU;Apple iPhone SE 2016 (128GB, Rose Gold) - Pristine;;;;;0;no_match;;;
AplWSE2Al40MMGldAS-RD-VR-EXD-AU;Apple Watch SE2 2022 Aluminum (40MM, Gold) AU - Excellent;;;;;0;no_match;;;
iphonSESilvr128GB-ASN-AU;Apple iPhone SE 2016 (128GB, Silver) - Pristine;;;;;0;no_match;;;
AplWSE2Al40MMGryAS-RD-VR-EXD-AU;Apple Watch SE2 2022 Aluminum (40MM, Grey) AU - Excellent;;;;;0;no_match;;;
iPhoneSE128GBSpG-ASN-AU;Apple iPhone SE 2016 (128GB, Space Grey) - Pristine;;;;;0;no_match;;;
AplWSE2Al44MMSilAS-RD-VR-EXD-AU;Apple Watch SE2 2022 Aluminum (44MM, Silver) AU - Excellent;;;;;0;no_match;;;
iPhoneSE64GBGold-ASN-AU;Apple iPhone SE 2016 (64GB, Gold) - Pristine;;;;;0;no_match;;;
AplWSE2CelAl40MMGldAS-RD-VR-EXD-AU;Apple Watch SE2 2022 Aluminum Cellular (40MM, Gold) AU - Excellent;;;;;0;no_match;;;
iPhoneSE64GBRosGol-ASN-AU;Apple iPhone SE 2016 (64GB, Rose Gold) - Pristine;;;;;0;no_match;;;
AplWSE2CelAl40MMGryAS-RD-VR-EXD-AU;Apple Watch SE2 2022 Aluminum Cellular (40MM, Grey) AU - Excellent;;;;;0;no_match;;;
iPhoneSE64GBSilvR-ASN-AU;Apple iPhone SE 2016 (64GB, Silver) - Pristine;;;;;0;no_match;;;
AplWSE2CelAl40MMSlvAS-RD-VR-EXD-AU;Apple Watch SE2 2022 Aluminum Cellular (40MM, Silver) AU - Excellent;;;;;0;no_match;;;
iPhoneSE64GBSpGr-ASN-AU;Apple iPhone SE 2016 (64GB, Space Grey) - Pristine;;;;;0;no_match;;;
iWCELLSE244MMGryAS-RD-VR-EXD-AU;Apple Watch SE2 2022 Aluminum Cellular (44MM, Grey) AU - Excellent;;;;;0;no_match;;;
IphoneSE202064Gbred-ASN-AU;Apple iPhone SE 2020 (64GB, Red) - Pristine;;;;;0;no_match;;;
ApWatch4Almn38Gld-RD-VR-EXD-AU;Apple Watch Series 3 (38MM, Gold) - Excellent;;;;;0;no_match;;;
IphoneSE2nD128GBRedDS-VR-ASN-AU;Apple iPhone SE 2020 (128GB, Red) - Pristine;;;;;0;no_match;;;
ApWatch4Almn38Sil-RD-VR-EXD-AU;Apple Watch Series 3 (38MM, Silver) - Excellent;;;;;0;no_match;;;
IphoneSE2nD64GBWhte-RD-VR-EXD-AU;Apple iPhone SE 2020 (64GB, White) - Excellent;;;;;0;no_match;;;
ApWatch342Gry-RD-VR-EXD-AU;Apple Watch Series 3 (42MM, Grey) - Excellent;;;;;0;no_match;;;
iPSE2nD256GBBlck-VR-ASN-AU;Apple iPhone SE 2020 (256GB, Black) - Pristine;;;;;0;no_match;;;
ApWatch342Sil-RD-VR-EXD-AU;Apple Watch Series 3 (42MM, Silver) - Excellent;;;;;0;no_match;;;
iPSE2nD256GBRed-VR-ASN-AU;Apple iPhone SE 2020 (256GB, Red) - Pristine;;;;;0;no_match;;;
iPSE2nD256GBWht-VR-ASN-AU;Apple iPhone SE 2020 (256GB, White) - Pristine;;;;;0;no_match;;;
ApWatch4BLK40mmDS-RD-VR-EXD-AU;Apple Watch Series 4 (40MM, Black) AU - Excellent;;;;;0;no_match;;;
IphoneSE202064Gbwhite-ASN-AU;Apple iPhone SE 2020 (64GB, White) - Pristine;;;;;0;no_match;;;
iPhoneSE2022128GBMid-RD-VR-EXD-AU;Apple iPhone SE 2022 (128GB, Midnight) - Excellent;;;;;0;no_match;;;
ApWatch4Almn40RsGAS-RD-VR-EXD-AU;Apple Watch Series 4 (40MM, Gold) AU - Excellent;;;;;0;no_match;;;
iPSE3128GBMid-VR-ASN-AU;Apple iPhone SE 2022 (128GB, Midnight) - Pristine;;;;;0;no_match;;;
iPhoneSE2022128GBRed-RD-VR-EXD-AU;Apple iPhone SE 2022 (128GB, Red) - Excellent;;;;;0;no_match;;;
iPSE3128GBRed-VR-ASN-AU;Apple iPhone SE 2022 (128GB, Red) - Pristine;;;;;0;no_match;;;
iPhoneSE2022128GBStg-RD-VR-EXD-AU;Apple iPhone SE 2022 (128GB, Starlight) - Excellent;;;;;0;no_match;;;
iPSE3128GBStar-VR-ASN-AU;Apple iPhone SE 2022 (128GB, Starlight) - Pristine;;;;;0;no_match;;;
AWTCH4Blck44mmCell-RD-VR-EXD-AU;Apple Watch Series 4 (44mm, Black, Cellular) - Excellent;;;;;0;no_match;;;
iPSE3256GBMid-RD-VR-EXD-AU;Apple iPhone SE 2022 (256GB, Midnight) - Excellent;;;;;0;no_match;;;
AWTCH4Blck44mmCellAS-RD-VR-EXD-AU;Apple Watch Series 4 (44mm, Black, Cellular) AU - Excellent;;;;;0;no_match;;;
iPSE3256GBMid-VR-ASN-AU;Apple iPhone SE 2022 (256GB, Midnight) - Pristine;;;;;0;no_match;;;
AWTCH444mmGldCellAS-RD-VR-EXD-AU;Apple Watch Series 4 (44mm, Gold, Cellular) AU - Excellent;;;;;0;no_match;;;
iPSE3256GBRed-RD-VR-EXD-AU;Apple iPhone SE 2022 (256GB, Red) - Excellent;;;;;0;no_match;;;
AplWS444MMGldAS-RD-VR-EXD-AU;Apple Watch Series 4 (44MM, Gold) AU - Excellent;;;;;0;no_match;;;
iPSE3256GBRed-VR-ASN-AU;Apple iPhone SE 2022 (256GB, Red) - Pristine;;;;;0;no_match;;;
AplWS444MMGryAS-RD-VR-EXD-AU;Apple Watch Series 4 (44MM, Grey) AU - Excellent;;;;;0;no_match;;;
AWTCH444mmRsGCell-RD-VR-EXD-AU;Apple Watch Series 4 (44mm, Rose Gold, Cellular) - Excellent;;;;;0;no_match;;;
iPSE3256GBStar-RD-VR-EXD-AU;Apple iPhone SE 2022 (256GB, Starlight) - Excellent;;;;;0;no_match;;;
AWTCH444mmRsGCellAS-RD-VR-EXD-AU;Apple Watch Series 4 (44mm, Rose Gold, Cellular) AU - Excellent;;;;;0;no_match;;;
ApWatch4Blck40mmCell-RD-VR-EXD-AU;Apple Watch Series 4 Aluminum (40mm, Black, Cellular) - Excellent;;;;;0;no_match;;;
ApWtch40mmGoldCell-RD-VR-EXD-AU;Apple Watch Series 4 Aluminum (40mm, Gold, Cellular) - Excellent;;;;;0;no_match;;;
ApWatch4Almn40RsG-RD-VR-EXD-AU;Apple Watch Series 4 Aluminum (40mm, Gold) - Excellent;;;;;0;no_match;;;
ApWtch40mmRsGCell-RD-VR-EXD-AU;Apple Watch Series 4 Aluminum (40mm, Rose Gold, Cellular) - Excellent;;;;;0;no_match;;;
ApWatch4RsGL40mm-RD-VR-EXD-AU;Apple Watch Series 4 Aluminum (40mm, Rose Gold) - Excellent;;;;;0;no_match;;;
ApWtch40mmSilvCell-RD-VR-EXD-AU;Apple Watch Series 4 Aluminum (40mm, Silver, Cellular) - Excellent;;;;;0;no_match;;;
AppleWatch4Slvr40mm-RD-VR-EXD-AU;Apple Watch Series 4 Aluminum (40mm, Silver) - Excellent;;;;;0;no_match;;;
ApWatch4SpG40mm-RD-VR-EXD-AU;Apple Watch Series 4 Aluminum (40mm, Space Grey) - Excellent;;;;;0;no_match;;;
ApWtch4CellGld44mm-RD-EXD-AU;Apple Watch Series 4 Aluminum (44mm, Gold, Cellular) - Excellent;;;;;0;no_match;;;
AplWtchS4GPS44MMGld-RD-VR-EXD-AU;Apple Watch Series 4 Aluminum (44MM, Gold) - Excellent;;;;;0;no_match;;;
ApWtch4CellSlv44mm-RD-EXD-AU;Apple Watch Series 4 Aluminum (44mm, Silver, Cellular) - Excellent;;;;;0;no_match;;;
AplWtchS4GPS44MMSlv-RD-VR-EXD-AU;Apple Watch Series 4 Aluminum (44MM, Silver) - Excellent;;;;;0;no_match;;;
AplWtchS4GPS44MMSpG-RD-VR-EXD-AU;Apple Watch Series 4 Aluminum (44MM, Space Grey) - Excellent;;;;;0;no_match;;;
ApWS444mmStlCelGld-VR-RD-EXD-AU;Apple Watch Series 4 Stainless Steel (44mm, Gold, Cellular) - Excellent;;;;;0;no_match;;;
ApWS444mmStlCelSil-VR-RD-EXD-AU;Apple Watch Series 4 Stainless Steel (44mm, Silver, Cellular) - Excellent;;;;;0;no_match;;;
ApWS444mmStlCelSpG-VR-RD-EXD-AU;Apple Watch Series 4 Stainless Steel (44mm, Space Grey, Cellular) - Excellent;;;;;0;no_match;;;
ApWatch5Almn40BlkAS-RD-VR-EXD-AU;Apple Watch Series 5 (40mm, Black) AU - Excellent;;;;;0;no_match;;;
iPSE3256GBStar-VR-ASN-AU;Apple iPhone SE 2022 (256GB, Starlight) - Pristine;;;;;0;no_match;;;
ApWtch5Gold40mm-RD-EXD-AU;Apple Watch Series 5 (40mm, Gold) - Excellent;;;;;0;no_match;;;
iPhoneX256GBGry-VR-ASN-AU;Apple iPhone X (256GB, Grey) - Pristine;;;;;0;no_match;;;
ApWatch5Almn40GryAS-RD-VR-EXD-AU;Apple Watch Series 5 (40mm, Grey) AU - Excellent;;;;;0;no_match;;;
iPhoneX256GBASGry-VR-ASN-AU;Apple iPhone X (256GB, Grey) AU - Pristine;;;;;0;no_match;;;
ApWatch5Almn40SlvAS-RD-VR-EXD-AU;Apple Watch Series 5 (40mm, Silver) AU - Excellent;;;;;0;no_match;;;
iPhoneX256GBSlver-ASN-AU;Apple iPhone X (256GB, Silver) - Pristine;;;;;0;no_match;;;
AplWS544MMAlBlkAS-RD-VR-EXD-AU;Apple Watch Series 5 Alumunium (44MM, Black) AU - Excellent;;;;;0;no_match;;;
iPhoneX256GBSpG-ASN-AU;Apple iPhone X (256GB, Space Grey) - Pristine;;;;;0;no_match;;;
AplWS544MMAlGldAS-RD-VR-EXD-AU;Apple Watch Series 5 Alumunium (44MM, Gold) AU - Excellent;;;;;0;no_match;;;
iPhoneX64GBbSil-ASN-AU;Apple iPhone X (64GB, Silver) - Pristine;;;;;0;no_match;;;
AplWS544MMAlGryAS-RD-VR-EXD-AU;Apple Watch Series 5 Alumunium (44MM, Grey) AU - Excellent;;;;;0;no_match;;;
iPhoneSE202264GBMid-RD-VR-EXD-AU;Apple iPhone SE 2022 (64GB, Midnight) - Excellent;;;;;0;no_match;;;
AplWS544MMAlSlvAS-RD-VR-EXD-AU;Apple Watch Series 5 Alumunium (44MM, Silver) AU - Excellent;;;;;0;no_match;;;
iPSE364GBMid-VR-ASN-AU;Apple iPhone SE 2022 (64GB, Midnight) - Pristine;;;;;0;no_match;;;
AplWS540MMCelGldAS-RD-VR-EXD-AU;Apple Watch Series 5 Celullar (40MM, Gold) AU - Excellent;;;;;0;no_match;;;
iPhoneXR128GBBlue-ASN-AU;Apple iPhone XR (128GB, Blue) - Pristine;;;;;0;no_match;;;
AplWS544MMCelSlvAS-RD-VR-EXD-AU;Apple Watch Series 5 Celullar (44MM, Silver) AU - Excellent;;;;;0;no_match;;;
iPhoneSE202264GBRed-RD-VR-EXD-AU;Apple iPhone SE 2022 (64GB, Red) - Excellent;;;;;0;no_match;;;
iPSE364GBRed-VR-ASN-AU;Apple iPhone SE 2022 (64GB, Red) - Pristine;;;;;0;no_match;;;
iPhoneSE202264GBStg-RD-VR-EXD-AU;Apple iPhone SE 2022 (64GB, Starlight) - Excellent;;;;;0;no_match;;;
iPSE364GBStar-VR-ASN-AU;Apple iPhone SE 2022 (64GB, Starlight) - Pristine;;;;;0;no_match;;;
iPhoneXR128GBWht-AN-AU;Apple iPhone XR (128GB, White) - Pristine;;;;;0;no_match;;;
iPhoneX64GBSil-RD-VR-EXD-AU;Apple iPhone X (64GB, Silver) - Excellent;;;;;0;no_match;;;
iPhoneX64GBbGry-RD-VR-EXD-AU;Apple iPhone X (64GB, Space Gray) - Excellent;;;;;0;no_match;;;
AplWtchS741MMGPSRed-RD-VR-EXD-AU;Apple Watch Series 7 (41MM, Red) - Excellent;;;;;0;no_match;;;
iPhoneX64GBbGry-AN-AU;Apple iPhone X (64GB, Space Gray) - Pristine;;;;;0;no_match;;;
AplWtchS741MMSlvCelStnls-RD-VR-EXD-AU;Apple Watch Series 7 (41MM, Silver, Cellular, Stainless) AU - Excellent;;;;;0;no_match;;;
AplWtchS741MMGPSStg-RD-VR-EXD-AU;Apple Watch Series 7 (41MM, Starlight) - Excellent;;;;;0;no_match;;;
AplWtchS745MMGPSBlu-RD-VR-EXD-AU;Apple Watch Series 7 (45MM, Blue) - Excellent;;;;;0;no_match;;;
AplWtchS745MMGrpCelStnls-RD-VR-EXD-AU;Apple Watch Series 7 (45MM, Graphite, Cellular, Stainless) AU - Excellent;;;;;0;no_match;;;
iPhoneXR256GBBlck-VR-ASN-AU;Apple iPhone XR (256GB, Black) - Pristine;;;;;0;no_match;;;
AplWtchS745MMCelMid-RD-VR-EXD-AU;Apple Watch Series 7 (45MM, Midnight, Cellular) - Excellent;;;;;0;no_match;;;
AplWtchS745MMGPSMid-RD-VR-EXD-AU;Apple Watch Series 7 (45MM, Midnight) - Excellent;;;;;0;no_match;;;
AplWtchS745MMSlvCelStnls-RD-VR-EXD-AU;Apple Watch Series 7 (45MM, Silver, Cellular, Stainless) AU - Excellent;;;;;0;no_match;;;
iPhoneXR256GBBlue-VR-ASN-AU;Apple iPhone XR (256GB, Blue) - Pristine;;;;;0;no_match;;;
AplWtchS745MMCelStg-RD-VR-EXD-AU;Apple Watch Series 7 (45MM, Starlight, Cellular) - Excellent;;;;;0;no_match;;;
AplWtchS745MMGPSStg-RD-VR-EXD-AU;Apple Watch Series 7 (45MM, Starlight) - Excellent;;;;;0;no_match;;;
iPhoneXR128GBBlk-RD-VR-EXD-AU;Apple iPhone XR (128GB, Black) - Excellent;;;;;0;no_match;;;
iPhoneXR256GBCoral-VR-ASN-AU;Apple iPhone XR (256GB, Coral) - Pristine;;;;;0;no_match;;;
iPhoneXR256GBRed-VR-ASN-AU;Apple iPhone XR (256GB, Red) - Pristine;;;;;0;no_match;;;
AplWtchS741MMGrnAS-RD-VR-EXD-AU;Apple Watch Series 7 (Green, 41MM) AU - Excellent;;;;;0;no_match;;;
iPhoneXR256GBWhit-VR-ASN-AU;Apple iPhone XR (256GB, White) - Pristine;;;;;0;no_match;;;
iPhoneXR256GBYlow-VR-ASN-AU;Apple iPhone XR (256GB, Yellow) - Pristine;;;;;0;no_match;;;
iPhoneXR128GBBlk-ASN-AU;Apple iPhone XR (128GB, Black) - Pristine;;;;;0;no_match;;;
AplWtchS741MMSlvAS-RD-VR-EXD-AU;Apple Watch Series 7 (Silver, 41MM) AU - Excellent;;;;;0;no_match;;;
iPhoneXR64GBBlue-VR-AN-AU;Apple iPhone XR (64GB, Blue) - Pristine;;;;;0;no_match;;;
iPhoneXR128GBBlue-RD-VR-EXD-AU;Apple iPhone XR (128GB, Blue) - Excellent;;;;;0;no_match;;;
AplWtchS745MMCelGryAS-RD-VR-EXD-AU;Apple Watch Series 7 Celular (45MM, Grey) AU - Excellent;;;;;0;no_match;;;
iPhoneXR128GBCoral-RD-VR-EXD-AU;Apple iPhone XR (128GB, Coral) - Excellent;;;;;0;no_match;;;
AplWtchS745MMCelSlvAS-RD-VR-EXD-AU;Apple Watch Series 7 Celular (45MM, Silver) AU - Excellent;;;;;0;no_match;;;
iPhoneXR64GBRed-VR-AN-AU;Apple iPhone XR (64GB, Red) - Pristine;;;;;0;no_match;;;
iPhoneXR128GBCor-ASN-AU;Apple iPhone XR (128GB, Coral) - Pristine;;;;;0;no_match;;;
AplWS841MMMidAS-RD-VR-EXD-AU;Apple Watch Series 8 (41MM, Midnight) AU - Excellent;;;;;0;no_match;;;
iPhoneXR64GBWht-VR-AN-AU;Apple iPhone XR (64GB, White) - Pristine;;;;;0;no_match;;;
iPhoneXR128GBRed-RD-VR-EXD-AU;Apple iPhone XR (128GB, Red) - Excellent;;;;;0;no_match;;;
AplWS841MMSlvAS-RD-VR-EXD-AU;Apple Watch Series 8 (41MM, Silver) AU - Excellent;;;;;0;no_match;;;
iPhoneXR128GBRed-ASN-AU;Apple iPhone XR (128GB, Red) - Pristine;;;;;0;no_match;;;
iPhoneXR128GBWhit-RD-VR-EXD-AU;Apple iPhone XR (128GB, White) - Excellent;;;;;0;no_match;;;
SGlxA15128Blk-RD-VR-EXD-AU;Samsung Galaxy A15 (128GB, Black) - Excellent;;;;;0;no_match;;;
AplWtS845MMSlv-RD-VR-EXD-AU;Apple Watch Series 8 (45MM, Silver) - Excellent;;;;;0;no_match;;;
AWTCH845MMSlvAS-RD-VR-EXD-AU;Apple Watch Series 8 (45MM, Silver) AU - Excellent;;;;;0;no_match;;;
iPhoneXR128GBYell-ASN-AU;Apple iPhone XR (128GB, Yellow) - Pristine;;;;;0;no_match;;;
AplWS841MMCelSlvAS-RD-VR-EXD-AU;Apple Watch Series 8 Cellular (41MM, Silver) AU - Excellent;;;;;0;no_match;;;
iPhoneXR256GBBlck-RD-VR-EXD-AU;Apple iPhone XR (256GB, Black) - Excellent;;;;;0;no_match;;;
AWTCH941MMGld-RD-VR-EXD-AU;Apple Watch Series 9 Aluminium (41MM, Gold) - Excellent;;;;;0;no_match;;;
AWTCH941MMStr-RD-VR-EXD-AU;Apple Watch Series 9 Aluminium (41MM, Starlight) - Excellent;;;;;0;no_match;;;
iPhoneXR256GBRed-RD-VR-EXD-AU;Apple iPhone XR (256GB, Red) - Excellent;;;;;0;no_match;;;
iPhoneXS256GBGld-VR-AN-AU;Apple iPhone XS (256GB, Gold) - Pristine;;;;;0;no_match;;;
AWTCH945MMPnk-RD-VR-EXD-AU;Apple Watch Series 9 Aluminum (45MM, Pink) - Excellent;;;;;0;no_match;;;
iPhoneXS256GBSlvr-VR-AN-AU;Apple iPhone XS (256GB, Silver) - Pristine;;;;;0;no_match;;;
AWTCH9STN45MMBlk-RD-VR-EXD-AU;Apple Watch Series 9 Stainless (45MM, Black) - Excellent;;;;;0;no_match;;;
iPhoneXS256GBbGry-VR-AN-AU;Apple iPhone XS (256GB, Space Grey) - Pristine;;;;;0;no_match;;;
iPhoneXR256GBWhit-RD-VR-EXD-AU;Apple iPhone XR (256GB, White) - Excellent;;;;;0;no_match;;;
iPXS512GBbGld-VR-ASN-AU;Apple iPhone XS (512GB, Gold) - Pristine;;;;;0;no_match;;;
GogPixel1XL128GBBlk-EXD-AU;Google Pixel 1 XL (128GB, Black)  - Excellent;;;;;0;no_match;;;
GogPixel1XL128GBWht-EXD-AU;Google Pixel 1 XL (128GB, White)  - Excellent;;;;;0;no_match;;;
GogPixel1XL32GBBlk-EXD-AU;Google Pixel 1 XL (32GB, Black)  - Excellent;;;;;0;no_match;;;
GogPixel1XL32GBWht-EXD-AU;Google Pixel 1 XL (32GB, White)  - Excellent;;;;;0;no_match;;;
GooglePixel2128GBBlk-EXD-AU;Google Pixel 2 (128GB , Black) - Excellent;;;;;0;no_match;;;
GooglePixel2128GBWht-EXD-AU;Google Pixel 2 (128GB , White)  - Excellent;;;;;0;no_match;;;
GooglePixel264GBBlk-EXD-AU;Google Pixel 2 (64GB, Black) - Excellent;;;;;0;no_match;;;
GooglePixel264GBBlu-EXD-AU;Google Pixel 2 (64GB, Kinda Blue)  - Excellent;;;;;0;no_match;;;
GooglePixel264GBWht-EXD-AU;Google Pixel 2 (64GB, White)  - Excellent;;;;;0;no_match;;;
Googlepx2xl128Black-EXD-AU;Google Pixel 2 XL (128GB, Black) - Excellent;;;;;0;no_match;;;
GooglePixel2XL128GBWht-EXD-AU;Google Pixel 2 XL (128GB, White) - Excellent;;;;;0;no_match;;;
GooglePixel2XL64GBBlk-EXD-AU;Google Pixel 2 XL (64GB, Just Black) - Excellent;;;;;0;no_match;;;
iPhoneXR256GBYlow-RD-VR-EXD-AU;Apple iPhone XR (256GB, Yellow) - Excellent;;;;;0;no_match;;;
iPXS512GBbSil-VR-ASN-AU;Apple iPhone XS (512GB, Silver) - Pristine;;;;;0;no_match;;;
iPhoneXS512GBbGry-AN-AU;Apple iPhone XS (512GB, Space Gray) - Pristine;;;;;0;no_match;;;
iPhoneXS64GBGld-VR-AN-AU;Apple iPhone XS (64GB, Gold) - Pristine;;;;;0;no_match;;;
GooglePixel3128GBWht-RD-VR-EXD-AU;Google Pixel 3 (128GB, Clearly White) - Excellent;;;;;0;no_match;;;
iPhoneXR64GBBlk-RD-VR-EXD-AU;Apple iPhone XR (64GB, Black) - Excellent;;;;;0;no_match;;;
iPhoneXS64GBSil-VR-AN-AU;Apple iPhone XS (64GB, Silver) - Pristine;;;;;0;no_match;;;
iPhoneXR64GBBlk-VR-AN-AU;Apple iPhone XR (64GB, Black) - Pristine;;;;;0;no_match;;;
iPhoneXR64GBCorl-VR-AN-AU;Apple iPhone XR (64GB, Coral) - Pristine;;;;;0;no_match;;;
iPhoneXR64GBRed-RD-VR-EXD-AU;Apple iPhone XR (64GB, Red) - Excellent;;;;;0;no_match;;;
iPhoneXR64GBWhite-RD-VR-EXD-AU;Apple iPhone XR (64GB, White) - Excellent;;;;;0;no_match;;;
GooglePxl3XL128GBBlck-RD-VR-EXD-AU;Google Pixel 3 XL (128GB, Black) - Excellent;;;;;0;no_match;;;
GooglePxl3XL128GBPnk-RD-VR-EXD-AU;Google Pixel 3 XL (128GB, Pink) - Excellent;;;;;0;no_match;;;
GooglePxl3XL128GBWht-RD-VR-EXD-AU;Google Pixel 3 XL (128GB, White) - Excellent;;;;;0;no_match;;;
iPhoneXSMax256GBbSiLe-VR-ASN-AU;Apple iPhone XS Max (256GB, Silver) - Pristine;;;;;0;no_match;;;
Googpx3XL64GBPnk-RD-VR-EXD-AU;Google Pixel 3 XL (64GB, Pink) - Excellent;;;;;0;no_match;;;
Googpx3XL64GBWht-RD-VR-EXD-AU;Google Pixel 3 XL (64GB, White) - Excellent;;;;;0;no_match;;;
iPhoneXSMax256GBbGry-ASN-AU;Apple iPhone XS Max (256GB, Space Grey) - Pristine;;;;;0;no_match;;;
iPhoneXR64GBYllw-VR-AN-AU;Apple iPhone XR (64GB, Yellow) - Pristine;;;;;0;no_match;;;
iPhoneXSMax512GBbGld-VR-ASN-AU;Apple iPhone XS Max (512GB, Gold) - Pristine;;;;;0;no_match;;;
GPxl3aPurp128GB-RD-VR-EXD-AU;Google Pixel 3a (64GB, Purple) - Excellent;;;;;0;no_match;;;
iPhoneXS256GBbSil-RD-VR-EXD-AU;Apple iPhone XS (256GB, Silver) - Excellent;;;;;0;no_match;;;
iPhoneXSMax512GBSlv-ASN-AU;Apple iPhone XS Max (512GB, Silver) - Pristine;;;;;0;no_match;;;
GooglePixel3XL64GBBlk-RD-EXD-AU;Google Pixel 3XL (64GB, Black) - Excellent;;;;;0;no_match;;;
GPix4128GBBlck-VR-EXD-AU;Google Pixel 4 (128GB, Black) - Excellent;;;;;0;no_match;;;
iPhoneXSMax512GBbGry-VR-ASN-AU;Apple iPhone XS Max (512GB, Space Grey) - Pristine;;;;;0;no_match;;;
GPix4128GBWhite-VR-EXD-AU;Google Pixel 4 (128GB, White) - Excellent;;;;;0;no_match;;;
iPhoneXS256GBSpcGry-RD-VR-EXD-AU;Apple iPhone XS (256GB, Space Grey) - Excellent;;;;;0;no_match;;;
GPix464GBblck-RD-VR-EXD-AU;Google Pixel 4 (64GB, Black) - Excellent;;;;;0;no_match;;;
iPhoneXSMax64GBbSil-ASN-AU;Apple iPhone XS Max (64GB, Silver) - Pristine;;;;;0;no_match;;;
GPix464GBOrg-RD-VR-EXD-AU;Google Pixel 4 (64GB, Orange) - Excellent;;;;;0;no_match;;;
iPhoneXS64GBbGld-RD-VR-EXD-AU;Apple iPhone XS (64GB, Gold) - Excellent;;;;;0;no_match;;;
GogPix4White64GB-RD-EXD-AU;Google Pixel 4 (64GB, White) - Excellent;;;;;0;no_match;;;
MacAir2015128GBAS-VR-ASN-AU;"Apple Macbook Air 2015 (13"", i5, 128GB, Silver) AU - Pristine";;;;;0;no_match;;;
iPhoneXS64GBGry-VR-AN-AU;Apple iPhone XS (64GB, Space Gray) - Pristine;;;;;0;no_match;;;
iPhoneXS64GBbGry-RD-VR-EXD-AU;Apple iPhone XS (64GB, Space Grey) - Excellent;;;;;0;no_match;;;
GogPix4XL64GBOrg-RD-VR-EXD-AU;Google Pixel 4 XL (64GB, Orange) - Excellent;;;;;0;no_match;;;
GogPix4XL64GBwht-RD-VR-EXD-AU;Google Pixel 4 XL (64GB, White) - Excellent;;;;;0;no_match;;;
iPhoneXSMax256GBbGld-RD-VR-EXD-AU;Apple iPhone XS Max (256GB, Gold) - Excellent;;;;;0;no_match;;;
McAir2018128GBGry-VR-ASN-AU;Apple Macbook Air 2018 (i5, 128GB, 8GB RAM, Space Grey) - Pristine;;;;;0;no_match;;;
iPhoneXSMax256GBbGld-ASN-AU;Apple iPhone XS Max (256GB, Gold) - Pristine;;;;;0;no_match;;;
McAir2018256GBGld-VR-ASN-AU;Apple Macbook Air 2018 (i5, 256GB, 8GB RAM, Gold) - Pristine;;;;;0;no_match;;;
iPhoneXSMax64GBbGld-RD-VR-EXD-AU;Apple iPhone XS Max (64GB, Gold) - Excellent;;;;;0;no_match;;;
McAir2018256GBGry-VR-ASN-AU;Apple Macbook Air 2018 (i5, 256GB, 8GB RAM, Space Grey) - Pristine;;;;;0;no_match;;;
iPhoneXSMax64GBbGld-ASN-AU;Apple iPhone XS Max (64GB, Gold) - Pristine;;;;;0;no_match;;;
MacAir2022M28256GryG-VR-ASN-AU;Apple Macbook Air 2022 (M2, 8GB RAM, 256GB, Grey) - Pristine;;;;;0;no_match;;;
MacAir2022M28256MidG-VR-ASN-AU;Apple Macbook Air 2022 (M2, 8GB RAM, 256GB, Midnight) - Pristine;;;;;0;no_match;;;
MacAir2022M28512MidG-VR-ASN-AU;Apple Macbook Air 2022 (M2, 8GB RAM, 512GB, Midnight) - Pristine;;;;;0;no_match;;;
iPhoneXSMax64GBbGry-RD-VR-EXD-AU;Apple iPhone XS Max (64GB, Space Grey) - Excellent;;;;;0;no_match;;;
MacAirM120208512GBSpGAS-RD-VR-ASN-AU;"Apple Macbook Air M1 2020 13.3"" (8GB RAM, 512GB, Space Grey) AU - Pristine";;;;;0;no_match;;;
iPhoneXSMax64GBbGry-ASN-AU;Apple iPhone XS Max (64GB, Space Grey) - Pristine;;;;;0;no_match;;;
McAir2018128GBGld-RD-VR-EXD-AU;Apple Macbook Air 2018 (i5, 128GB, 8GB RAM, Gold) - Excellent;;;;;0;no_match;;;
Pix65G256BSfrm-RD-VR-EXD-AU;Google Pixel 6 (256GB, Seafoam) - Excellent;;;;;0;no_match;;;
GPxl6256GB5GBlk-RD-VR-EXD-AU;Google Pixel 6 (256GB, Stormy Black) - Excellent;;;;;0;no_match;;;
McAir2018128GBGld-VR-ASN-AU;Apple Macbook Air 2018 (i5, 128GB, 8GB RAM, Gold) - Pristine;;;;;0;no_match;;;
McAir2018128GBGry-RD-VR-EXD-AU;Apple Macbook Air 2018 (i5, 128GB, 8GB RAM, Space Grey) - Excellent;;;;;0;no_match;;;
MacAir2018Gldi5512GB13-RD-VR-EXD-AU;Apple Macbook Air 2018 (i5, 16GB RAM, 512GB, Gold) - Excellent;;;;;0;no_match;;;
GPix65G128Blk-RD-VR-EXD-AU;Google Pixel 6 5G (128GB, Stormy Black) - Excellent;;;;;0;no_match;;;
AMAir20M1A2337GLD256-VR-ASN-AU;"Apple Macbook Air M1 2020 13"" A2337 (256GB, 8GB RAM, Rose Gold) - Pristine";;;;;0;no_match;;;
McbkAirMgn732020M18512GldAS-VR-ASN-AU;"Apple Macbook Air MGN73ll/a 13.3"" (8GB RAM, 512GB, Gold) Australian Stcok - Pristine";;;;;0;no_match;;;
McbkAirMgn732020M18512SlvAS-VR-ASN-AU;"Apple Macbook Air MGN73ll/a 13.3"" (8GB RAM, 512GB, Silver) Australian Stcok - Pristine";;;;;0;no_match;;;
McAir2018256GBGld-RD-VR-EXD-AU;Apple Macbook Air 2018 (i5, 256GB, 8GB RAM, Gold) - Excellent;;;;;0;no_match;;;
Pix6Pro5G512Cwhte-RD-VR-EXD-AU;Google Pixel 6 PRO (512GB, Cloudy White) - Excellent;;;;;0;no_match;;;
Pix6Pro5G512Ssny-RD-VR-EXD-AU;Google Pixel 6 PRO (512GB, Sorta Sunny) - Excellent;;;;;0;no_match;;;
Pix6Pro5G128Cwht-RD-VR-EXD-AU;Google Pixel 6 Pro 5G (128GB, Cloudy White) - Excellent;;;;;0;no_match;;;
Pix6Pro5G128Sun-RD-VR-EXD-AU;Google Pixel 6 Pro 5G (128GB, Sorta Sunny) - Excellent;https://reebelo.com.au/collections/google-pixel-6-pro?skuId=sku-mnqyby5d4ilOBJ5CgzyvTz3;128GB, 128 GB;354.99;Google Pixel 6 Pro - 128GB - Sorta Sunny;1;matched;;Very Good;https://reebelo.com.au/collections/google-pixel-6-pro?skuId=sku-mnqyby5d4ilOBJ5CgzyvTz3
McbkAirMgn732020M18512SpGAS-VR-ASN-AU;"Apple Macbook Air MGN73ll/a 13.3"" (8GB RAM, 512GB, Space Gray) Australian Stcok - Pristine";;;;;0;no_match;;;
Pix6Pro5G128Blk-RD-VR-EXD-AU;Google Pixel 6 Pro 5G (128GB, Stormy Black) - Excellent;;;;;0;no_match;;;
MacPro21Slv32GB512GB14M1-VR-ASN-AU;"Apple Macbook Pro 14"" 2021 (M1 PRO, 32GB RAM, 512GB, Silver) - Pristine";;;;;0;no_match;;;
MacPro21Slv32GB512GB16M1-VR-ASN-AU;"Apple Macbook Pro 16"" 2021 (M1 PRO, 32GB RAM, 512GB, Silver) - Pristine";;;;;0;no_match;;;
AplWtchSE40CelGld-VR-ASN-AU;Apple Watch SE Cellular (40MM, Gold, Alumunium) - Pristine;;;;;0;no_match;;;
AplWtchSE40CelSpG-VR-ASN-AU;Apple Watch SE Cellular (40MM, Space Grey, Alumunium) - Pristine;;;;;0;no_match;;;
AplWSE2Al40MMGldAS-VR-ASN-AU;Apple Watch SE2 2022 Aluminum (40MM, Gold) AU - Pristine;;;;;0;no_match;;;
AplWSE2Al40MMGryAS-VR-ASN-AU;Apple Watch SE2 2022 Aluminum (40MM, Grey) AU - Pristine;;;;;0;no_match;;;
McAir2018256GBGry-RD-VR-EXD-AU;Apple Macbook Air 2018 (i5, 256GB, 8GB RAM, Space Grey) - Excellent;;;;;0;no_match;;;
AplWSE2Al44MMSilAS-VR-ASN-AU;Apple Watch SE2 2022 Aluminum (44MM, Silver) AU - Pristine;;;;;0;no_match;;;
ApMCAir132018MRE82i516R512GSpg-EXD-AU;Apple Macbook Air 2018 MRE82LL/A (i5, 8GB RAM, 512GB, Space Grey) - Excellent;;;;;0;no_match;;;
AplWSE2CelAl40MMGldAS-VR-ASN-AU;Apple Watch SE2 2022 Aluminum Cellular (40MM, Gold) AU - Pristine;;;;;0;no_match;;;
GPxl6a128GBSge-RD-VR-EXD-AU;Google Pixel 6a (128GB, Sage) - Excellent;https://reebelo.com.au/collections/google-pixel-6a?skuId=sku-mnqycxot1RdQjO9HtqOkl0S;128GB, 128 GB;282.99;Google Pixel 6a - 128GB - Charcoal;1;matched;;Very Good;https://reebelo.com.au/collections/google-pixel-6a?skuId=sku-mnqycxot1RdQjO9HtqOkl0S
AplWSE2CelAl40MMGryAS-VR-ASN-AU;Apple Watch SE2 2022 Aluminum Cellular (40MM, Grey) AU - Pristine;;;;;0;no_match;;;
MacAir132020SpG512GBM1-RD-VR-EXD-AU;Apple Macbook Air 2020 (M1, 16GB RAM, 512GB, Space Grey) - Excellent;;;;;0;no_match;;;
GPxl7128GBGrn-RD-VR-EXD-AU;Google Pixel 7 (128GB, Green) - Excellent;;;;;0;no_match;;;
MacAir132020Gld256GBM1-RD-VR-EXD-AU;Apple Macbook Air 2020 (M1, 8GB RAM, 256GB, Gold) - Excellent;;;;;0;no_match;;;
AplWSE2CelAl40MMSlvAS-VR-ASN-AU;Apple Watch SE2 2022 Aluminum Cellular (40MM, Silver) AU - Pristine;;;;;0;no_match;;;
MacAir132020Slv256GBM1-RD-VR-EXD-AU;Apple Macbook Air 2020 (M1, 8GB RAM, 256GB, Silver) - Excellent;;;;;0;no_match;;;
ApWatch4Almn38GldDS-VR-ASN-AU;Apple Watch Series 3 (38MM, Gold) - Pristine;;;;;0;no_match;;;
MacAir132020SpG256GBM1-RD-VR-EXD-AU;Apple Macbook Air 2020 (M1, 8GB RAM, 256GB, Space Grey) - Excellent;;;;;0;no_match;;;
ApWatch4Almn38SilDS-VR-ASN-AU;Apple Watch Series 3 (38MM, Silver) - Pristine;;;;;0;no_match;;;
Pix78R256Obs-RD-VR-EXD-AU;Google Pixel 7 (256GB, Obsidian) - Excellent;;;;;0;no_match;;;
ApWatch342GryDS-VR-ASN-AU;Apple Watch Series 3 (42MM, Grey) - Pristine;;;;;0;no_match;;;
MacAir132020Slv512GBM1-RD-VR-EXD-AU;Apple Macbook Air 2020 (M1, 8GB RAM, 512GB, Silver) - Excellent;;;;;0;no_match;;;
ApWatch342SilDS-VR-ASN-AU;Apple Watch Series 3 (42MM, Silver) - Pristine;;;;;0;no_match;;;
MacAirM120208256GBSpGAS-RD-VR-ASN-AU;"Apple Macbook Air M1 2020 13.3"" (8GB RAM, 256GB, Space Grey) AU - Pristine";;;;;0;no_match;;;
ApWatch4Blck40mmCell-VR-ASN-AU;Apple Watch Series 4 (40mm, Black, Cellular) - Pristine;;;;;0;no_match;;;
GooglePxl7Pro128GBSnw-RD-VR-EXD-AU;Google Pixel 7 PRO (128GB, Snow) - Excellent;https://reebelo.com.au/collections/google-pixel-7-pro?skuId=sku-mnqycyzmuhL2BtC6M9fzdh0;8GB, 8 GB | 128GB, 128 GB, 8GB, 8 GB;606.98;Google Pixel 7 Pro - 128GB - 8GB RAM - Snow;1;matched;;Very Good;https://reebelo.com.au/collections/google-pixel-7-pro?skuId=sku-mnqycyzmuhL2BtC6M9fzdh0
ApWatch4Almn40RsGDS-VR-ASN-AU;Apple Watch Series 4 (40MM, Gold) - Pristine;;;;;0;no_match;;;
AMAir20M1A2337GRY256-RD-VR-EXD-AU;"Apple Macbook Air M1 2020 13"" A2337 (256GB, 8GB RAM, Grey) - Excellent";;;;;0;no_match;;;
ApWtch40mmRsGCell-VR-ASN-AU;Apple Watch Series 4 (40mm, Rose Gold, Cellular) - Pristine;;;;;0;no_match;;;
Pix7Pro5G256BSnw-RD-VR-EXD-AU;Google Pixel 7 PRO (256GB, Snow) - Excellent;;;;;0;no_match;;;
ApWatch4RsGL40mm-VR-ASN-AU;Apple Watch Series 4 (40MM, Rose Gold) AU - Pristine;;;;;0;no_match;;;
Pix7Pro5G512BHZL-RD-VR-EXD-AU;Google Pixel 7 Pro (512GB, Hazel) - Excellent;;;;;0;no_match;;;
ApWtch40mmSilvCell-VR-ASN-AU;Apple Watch Series 4 (40mm, Silver, Cellular) - Pristine;;;;;0;no_match;;;
AMAir20M1A2337GRY256-VR-ASN-AU;"Apple Macbook Air M1 2020 13"" A2337 (256GB, 8GB RAM, Grey) - Pristine";;;;;0;no_match;;;
AppleWatch4Slvr40mm-VR-ASN-AU;Apple Watch Series 4 (40MM, Silver) AU - Pristine;;;;;0;no_match;;;
Pix7Pro5G512BSnw-RD-VR-EXD-AU;Google Pixel 7 Pro (512GB, Snow) - Excellent;;;;;0;no_match;;;
ApWatch4SpG40mm-VR-ASN-AU;Apple Watch Series 4 (40MM, Space Grey) AU - Pristine;;;;;0;no_match;;;
MacAirMQD42i58512GB13-RD-EXD-AU;Apple Macbook Air Mid 2017 (i5, 8GB RAM, 512GB) - Excellent;;;;;0;no_match;;;
AWTCH4Blck44mmCell-VR-ASN-AU;Apple Watch Series 4 (44mm, Black, Cellular) - Pristine;;;;;0;no_match;;;
MacPro2019i7256GB15-RD-VR-EXD-AU;"Apple Macbook Pro 2019 (i7, 16GB RAM, 256GB,  15"", Touch Bar) - Excellent";;;;;0;no_match;;;
AWTCH4Blck44mmCellAS-VR-ASN-AU;Apple Watch Series 4 (44mm, Black, Cellular) AU - Pristine;;;;;0;no_match;;;
GPxl8128GB5GHzlAS-RD-VR-EXD-AU;Google Pixel 8 (128GB, Hazel) AU - Excellent;;;;;0;no_match;;;
AWTCH444mmGldCellAS-VR-ASN-AU;Apple Watch Series 4 (44mm, Gold, Cellular) AU - Pristine;;;;;0;no_match;;;
MacPro2020i5512GB-RD-EXD-AU;Apple Macbook Pro 2020 (i5, 8GB RAM, 512GB)- Excellent;;;;;0;no_match;;;
ApWatch4GPS44SGry-VR-ASN-AU;Apple Watch Series 4 (44mm, Grey) - Pristine;;;;;0;no_match;;;
GPxl8256GB5GObsAS-RD-VR-EXD-AU;Google Pixel 8 (256GB, Obsidian) AU - Excellent;;;;;0;no_match;;;
AWTCH444mmRsGCell-VR-ASN-AU;Apple Watch Series 4 (44mm, Rose Gold, Cellular) - Pristine;;;;;0;no_match;;;
MacPro2020i716512GB13-RD-EXD-AU;Apple Macbook Pro 2020 (i7, 16GB RAM, 512GB) - Excellent;;;;;0;no_match;;;
ApWatch5Almn40BlkAS-VR-ASN-AU;Apple Watch Series 5 (40mm, Black) AU - Pristine;;;;;0;no_match;;;
AplWS640MMBlackAS-RD-VR-EXD-AU;Apple Watch Series 6 (40MM, Black) AU - Excellent;;;;;0;no_match;;;
ApWatch5Almn40Gld-VR-ASN-AU;Apple Watch Series 5 (40mm, Gold) - Pristine;;;;;0;no_match;;;
AplWS640MMBlueAS-RD-VR-EXD-AU;Apple Watch Series 6 (40MM, Blue) AU - Excellent;;;;;0;no_match;;;
ApWatch5Almn40GryAS-VR-ASN-AU;Apple Watch Series 5 (40mm, Grey) AU - Pristine;;;;;0;no_match;;;
AplWtchS741MMCelMid-RD-VR-EXD-AU;Apple Watch Series 7 (41MM, Midnight, Cellular) - Excellent;;;;;0;no_match;;;
ApWatch5Almn40SlvAS-VR-ASN-AU;Apple Watch Series 5 (40mm, Silver) AU - Pristine;;;;;0;no_match;;;
GPxl8PRO512GB5GObsAS-RD-VR-EXD-AU;Google Pixel 8 Pro (512GB, Obsidian) AU - Excellent;;;;;0;no_match;;;
AplWS544MMAlBlkAS-VR-ASN-AU;Apple Watch Series 5 Alumunium (44MM, Black) AU - Pristine;;;;;0;no_match;;;
GPxl8A128GB5GAloeAS-RD-VR-EXD-AU;Google Pixel 8a 5G (128GB, Aloe) AU - Excellent;;;;;0;no_match;;;
AplWS544MMAlGldAS-VR-ASN-AU;Apple Watch Series 5 Alumunium (44MM, Gold) AU - Pristine;;;;;0;no_match;;;
GPxl8A128GB5GBayAS-RD-VR-EXD-AU;Google Pixel 8a 5G (128GB, Bay) AU - Excellent;;;;;0;no_match;;;
AplWS544MMAlGryAS-VR-ASN-AU;Apple Watch Series 5 Alumunium (44MM, Grey) AU - Pristine;;;;;0;no_match;;;
AplWtchS741MMGPSMid-RD-VR-EXD-AU;Apple Watch Series 7 (41MM, Midnight) - Excellent;;;;;0;no_match;;;
AplWS544MMAlSlvAS-VR-ASN-AU;Apple Watch Series 5 Alumunium (44MM, Silver) AU - Pristine;;;;;0;no_match;;;
GPxl8A128GB5GPcl-RD-VR-EXD-AU;Google Pixel 8a 5G (128GB, Porcelain) - Excellent;;;;;0;no_match;;;
AplWS540MMCelGldAS-VR-ASN-AU;Apple Watch Series 5 Celullar (40MM, Gold) AU - Pristine;;;;;0;no_match;;;
GPxl8A256GB5GObsAS-RD-VR-EXD-AU;Google Pixel 8a 5G (256GB, Obsidian) AU - Excellent;;;;;0;no_match;;;
AplWS544MMCelSlvAS-VR-ASN-AU;Apple Watch Series 5 Celullar (44MM, Silver) AU - Pristine;;;;;0;no_match;;;
AplWtcS741MMSlvCelStns-RD-VR-EXD-AU;Apple Watch Series 7 (41MM, Silver, Cellular, Stainless) - Excellent;;;;;0;no_match;;;
AplWS640MMBlackAS-VR-ASN-AU;Apple Watch Series 6 (40MM, Black) AU - Pristine;;;;;0;no_match;;;
AplWtcS745MMGrpCelStns-RD-VR-EXD-AU;Apple Watch Series 7 (45MM, Graphite, Cellular, Stainless) - Excellent;;;;;0;no_match;;;
AplWS640MMBlueAS-VR-ASN-AU;Apple Watch Series 6 (40MM, Blue) AU - Pristine;;;;;0;no_match;;;
HuaP30128GBCrys-RD-VR-EXD-AU;Huawei P30 (128GB, Crystal) - Excellent;;;;;0;no_match;;;
AplWS644MmCellBlack-VR-ASN-AU;Apple Watch Series 6 (44MM, Black, Cellular) - Pristine;;;;;0;no_match;;;
AplWS644MmBlack-VR-ASN-AU;Apple Watch Series 6 (44MM, Black) - Pristine;;;;;0;no_match;;;
HuaP30Pro256GBAuro-RD-VR-EXD-AU;Huawei P30 Pro 256GB Aurora - Excellent;;;;;0;no_match;;;
HuaP30Pro256GBCrys-RD-VR-EXD-AU;Huawei P30 Pro 256GB Crystal - Excellent;;;;;0;no_match;;;
McsSrfPro5i54128GBSSDW10T-RD-VR-EXD-AU;Microsoft Surface Pro 5 (i5, 4GB RAM, 128GB, SSD, Win 10 Tablet) - Excellent;https://reebelo.com.au/collections/microsoft-surface-pro-5?skuId=sku-mfdct7ijsS1SL3AYjTBepzM;i5 | 4GB, 4 GB | 128GB, 128 GB, 4GB, 4 GB | Silver | WiFi;243.49;Microsoft Surface Pro 5 - 128GB - WiFi - Intel Core i5-7300U 2.6GHz - 4GB RAM - Silver;1;matched;;Very Good;https://reebelo.com.au/collections/microsoft-surface-pro-5?skuId=sku-mfdct7ijsS1SL3AYjTBepzM
AplWtcS745MMSlvCelStns-RD-VR-EXD-AU;Apple Watch Series 7 (45MM, Silver, Cellular, Stainless) - Excellent;;;;;0;no_match;;;
McsSrfPro5i716512GBSSDW10T-RD-EXD-AU;Microsoft Surface Pro 5 (i7, 16GB RAM, 512GB, SSD, Win 10 Tablet) - Excellent;;;;;0;no_match;;;
McSrfPro6i58128GBSSD-RD-VR-EXD-AU;Microsoft Surface Pro 6 (i5, 8GB RAM, 128GB) - Excellent;;;;;0;no_match;;;
McSrfPro6i58256GBSSD-RD-VR-EXD-AU;Microsoft Surface Pro 6 (i5, 8GB RAM, 256GB) - Excellent;;;;;0;no_match;;;
AplWtchS741MMBluAS-RD-VR-EXD-AU;Apple Watch Series 7 (Blue, 41MM) AU - Excellent;;;;;0;no_match;;;
OPX2LTE128GBBlck-RD-VR-EXD-AU;Oppo Find X2 Lite (128GB, Black) - Excellent;;;;;0;no_match;;;
AplWtS841MMMid-RD-VR-EXD-AU;Apple Watch Series 8 (41MM, Midnight) - Excellent;;;;;0;no_match;;;
AplWS644MmCellBlu-VR-ASN-AU;Apple Watch Series 6 (44MM, Blue, Cellular) - Pristine;;;;;0;no_match;;;
AplWS841MMMid-VR-ASN-AU;Apple Watch Series 8 (41MM, Midnight) - Pristine;;;;;0;no_match;;;
AplWS644MmBlu-VR-ASN-AU;Apple Watch Series 6 (44MM, Blue) - Pristine;;;;;0;no_match;;;
OppoFindX2Pro512GBds-RD-EXD-AU;Oppo Find X2 Pro 5G (512GB, Black) - Excellent;;;;;0;no_match;;;
AplWS841MMMidAS-VR-ASN-AU;Apple Watch Series 8 (41MM, Midnight) AU - Pristine;;;;;0;no_match;;;
OppoFX3Pro5G128GBWhtDS-RD-VR-EXD-AU;Oppo Find X3 Pro 5G (128GB, White) - Excellent;;;;;0;no_match;;;
AplWS644MmCellSG-VR-ASN-AU;Apple Watch Series 6 (44MM, Space Grey, Cellular) - Pristine;;;;;0;no_match;;;
AplWtS841MMSlv-RD-VR-EXD-AU;Apple Watch Series 8 (41MM, Silver) - Excellent;;;;;0;no_match;;;
AplWS644MmSG-VR-ASN-AU;Apple Watch Series 6 (44MM, Space Grey) - Pristine;;;;;0;no_match;;;
OppoFX3Pro5G256GBBlu-RD-VR-EXD-AU;Oppo Find X3 Pro 5G (256GB, Blue) - Excellent;;;;;0;no_match;;;
OX3Pr5G12R256GBWhite-RD-VR-EXD-AU;Oppo Find X3 Pro 5G (256GB, White) - Excellent;;;;;0;no_match;;;
X5128GBblck-RD-VR-EXD-AU;OPPO Find X5 (128GB, Black) - Excellent;;;;;0;no_match;;;
AplWtchS741MMSlvCelStnls-VR-ASN-AU;Apple Watch Series 7 (41MM, Silver, Cellular, Stainless) -Pristine;;;;;0;no_match;;;
AWTCH845MMBlkAS-RD-VR-EXD-AU;Apple Watch Series 8 (45MM, Black) AU - Excellent;;;;;0;no_match;;;
AplWtchS745MMGrpCelStns-VR-ASN-AU;Apple Watch Series 7 (45MM, Graphite, Cellular, Stainless) - Pristine;;;;;0;no_match;;;
X5256GBWHT-RD-VR-EXD-AU;OPPO Find X5 (256GB, White) - Excellent;;;;;0;no_match;;;
AplWtchS745MMSlvCelStnls-VR-ASN-AU;Apple Watch Series 7 (45MM, Silver, Cellular, Stainless) AU - Pristine;;;;;0;no_match;;;
AplWS841MMCelGrpht-VR-ASN-AU;Apple Watch Series 8 Cellular (41MM, Graphite) - Pristine;;;;;0;no_match;;;
AplWtchS741MMBluAS-VR-ASN-AU;Apple Watch Series 7 (Blue, 41MM) AU - Pristine;;;;;0;no_match;;;
AplWtchS745MMGPSBlu-VR-ASN-AU;Apple Watch Series 7 (Blue, 45MM, GPS) - Pristine;;;;;0;no_match;;;
FX5Pro256GBCWhite-RD-VR-EXD-AU;Oppo Find X5 Pro 5G (256GB, Ceramic White) - Excellent;;;;;0;no_match;;;
AplWtchS741MMGrnAS-VR-ASN-AU;Apple Watch Series 7 (Green, 41MM) AU - Pristine;;;;;0;no_match;;;
AplWtchS745MMGPSMid-VR-ASN-AU;Apple Watch Series 7 (Midnight, 45MM, GPS) - Pristine;;;;;0;no_match;;;
OppoReno5G256GBGren-RD-VR-EXD-AU;OPPO RENO 5G (256GB, Green) - Excellent;;;;;0;no_match;;;
OppoReno5G256GBBlck-RD-VR-EXD-AU;OPPO RENO 5G (256GB, Jet Black) - Excellent;;;;;0;no_match;;;
AplWS841MMCelMidnht-VR-ASN-AU;Apple Watch Series 8 Cellular (41MM, Midnight) - Pristine;;;;;0;no_match;;;
AplWS841MMCelSlv-VR-ASN-AU;Apple Watch Series 8 Cellular (41MM, Silver) - Pristine;;;;;0;no_match;;;
AplWS841MMCelSlvAS-VR-ASN-AU;Apple Watch Series 8 Cellular (41MM, Silver) AU - Pristine;;;;;0;no_match;;;
AplWtchS741MMSlvAS-VR-ASN-AU;Apple Watch Series 7 (Silver, 41MM) AU - Pristine;;;;;0;no_match;;;
SMGA1464GBBlkAS-RD-VR-EXD-AU;Samsung Galaxy A14 (64GB, Black) AU - Excellent;;;;;0;no_match;;;
AplWtchS745MMGPSStg-VR-ASN-AU;Apple Watch Series 7 (Starlight, 45MM, GPS) - Pristine;;;;;0;no_match;;;
AplWS841MMCelStrlght-RD-VR-EXD-AU;Apple Watch Series 8 Cellular (41MM, Starlight) - Excellent;;;;;0;no_match;;;
AplWS7Cel41MMGrn-VR-ASN-AU;Apple Watch Series 7 Cellular (41MM, Green) - Pristine;;;;;0;no_match;;;
AplWS845MMCelBlk-VR-ASN-AU;Apple Watch Series 8 Cellular (45MM, Black) - Pristine;;;;;0;no_match;;;
AplWS7Cel41MMGry-VR-ASN-AU;Apple Watch Series 7 Cellular (41MM, Grey) - Pristine;;;;;0;no_match;;;
AplWS845MMCelSlv-VR-ASN-AU;Apple Watch Series 8 Cellular (45MM, Silver) - Pristine;;;;;0;no_match;;;
AWTCH941MMBlk-RD-VR-EXD-AU;Apple Watch Series 9 Aluminium (41MM, Black) - Excellent;;;;;0;no_match;;;
ApWtS9Al45MMCellGrp-VR-ASN-AU;Apple Watch Series 9 Aluminium (45MM, Celullar, Graphite) - Pristine;;;;;0;no_match;;;
SamGlxA225G128GBGry-RD-VR-EXD-AU;Samsung Galaxy A22 5G (128GB, Grey) - Excellent;;;;;0;no_match;;;
AplWS7Cel41MMRed-VR-ASN-AU;Apple Watch Series 7 Cellular (41MM, Red) - Pristine;;;;;0;no_match;;;
AWTCH945MMBlk-RD-VR-EXD-AU;Apple Watch Series 9 Aluminum (45MM, Black) - Excellent;;;;;0;no_match;;;
SGlxA31128GBDSBlk-RD-VR-EXD-AU;Samsung Galaxy A31 (128GB, Black) - Excellent;;;;;0;no_match;;;
AplWS7Cel41MMSlv-VR-ASN-AU;Apple Watch Series 7 Cellular (41MM, Silver) - Pristine;;;;;0;no_match;;;
SGlxA31128GBDSRed-RD-VR-EXD-AU;Samsung Galaxy A31 (128GB, Red) - Excellent;;;;;0;no_match;;;
AplWtchS745MMCelGld-VR-ASN-AU;Apple Watch Series 7 Celular (45MM, Gold) - Pristine;;;;;0;no_match;;;
AWTCH945MMBlk-VR-ASN-AU;Apple Watch Series 9 Aluminum (45MM, Black) - Pristine;;;;;0;no_match;;;
AplWtchS745MMCelGry-VR-ASN-AU;Apple Watch Series 7 Celular (45MM, Grey) - Pristine;;;;;0;no_match;;;
SGlxA32128GBBlu-RD-VR-EXD-AU;Samsung Galaxy A32 (128GB, Blue) - Excellent;;;;;0;no_match;;;
SGlxA32128GBPrp-RD-VR-EXD-AU;Samsung Galaxy A32 (128GB, Purple) - Excellent;;;;;0;no_match;;;
AplWtchS745MMCelMid-VR-ASN-AU;Apple Watch Series 7 Celular (45MM, Midnight) - Pristine;;;;;0;no_match;;;
SGlxA32128GBWht-RD-VR-EXD-AU;Samsung Galaxy A32 (128GB, White) - Excellent;;;;;0;no_match;;;
SGlxA3264GBBlk-RD-VR-EXD-AU;Samsung Galaxy A32 (64GB, Black) - Excellent;;;;;0;no_match;;;
SGlxA3264GBBlu-RD-VR-EXD-AU;Samsung Galaxy A32 (64GB, Blue) - Excellent;;;;;0;no_match;;;
SGlxA3264GBWht-RD-VR-EXD-AU;Samsung Galaxy A32 (64GB, White) - Excellent;;;;;0;no_match;;;
AplWUltTn49MMCelTnmAS-RD-VR-EXD-AU;Apple Watch Ultra Titanium Cellular (49MM, Titanium) AU - Excellent;;;;;0;no_match;;;
GooglePixel2XL64GBWht-EXD-AU;Google Pixel 2 XL (64GB, White) - Excellent;;;;;0;no_match;;;
AplWtchS745MMCelSlv-VR-ASN-AU;Apple Watch Series 7 Celular (45MM, Silver) - Pristine;;;;;0;no_match;;;
GOPixel364GOBBlk-RD-VR-EXD-AU;Google Pixel 3 (64GB, Black) - Excellent;;;;;0;no_match;;;
SGlxA532GB2017Gld-RD-VR-EXD-AU;Samsung Galaxy A5 2017 (32GB, Gold) - Excellent;;;;;0;no_match;;;
SamGalA50Blck64GB-RD-VR-EXD-AU;Samsung Galaxy A50 (64GB, Black) - Excellent;;;;;0;no_match;;;
SamGalA50Blue64GB-RD-VR-EXD-AU;Samsung Galaxy A50 (64GB, Blue) - Excellent;;;;;0;no_match;;;
GalA51128GBBlck-RD-VR-EXD-AU;Samsung Galaxy A51 (128GB, Black) - Excellent;;;;;0;no_match;;;
GalA51128GBBlu-RD-VR-EXD-AU;Samsung Galaxy A51 (128GB, Blue) - Excellent;;;;;0;no_match;;;
GOPixel364GOBPink-RD-VR-EXD-AU;Google Pixel 3 (64GB, Pink) - Excellent;;;;;0;no_match;;;
GalA51128GBPink-RD-VR-EXD-AU;Samsung Galaxy A51 (128GB, Pink) - Excellent;;;;;0;no_match;;;
GOPixel364GOBWht-RD-VR-EXD-AU;Google Pixel 3 (64GB, White) - Excellent;;;;;0;no_match;;;
SGalA52128GBBlck-RD-VR-EXD-AU;Samsung Galaxy A52 (128GB, Black) - Excellent;;;;;0;no_match;;;
AplWS841MMSlv-VR-ASN-AU;Apple Watch Series 8 (41MM, Silver) - Pristine;;;;;0;no_match;;;
SGalA52128BG4GBlcKaS-RD-VR-EXD-AU;Samsung Galaxy A52 (128GB, Black) AU - Excellent;;;;;0;no_match;;;
SGalA52128BG4GViolet-RD-VR-EXD-AU;Samsung Galaxy A52 (128GB, Violet) - Excellent;;;;;0;no_match;;;
AWTCH845MMBlk-VR-ASN-AU;Apple Watch Series 8 (45MM, Black) - Pristine;;;;;0;no_match;;;
SGaIA52128GBWht-RD-VR-EXD-AU;Samsung Galaxy A52 (128GB, White) - Excellent;;;;;0;no_match;;;
SGalA525G128GBBlck-RD-VR-EXD-AU;Samsung Galaxy A52 5G (128GB, Black) - Excellent;;;;;0;no_match;;;
AWTCH845MMSlv-VR-ASN-AU;Apple Watch Series 8 (45MM, Silver) - Pristine;;;;;0;no_match;;;
SGalA52128GBViolete-RD-VR-EXD-AU;Samsung Galaxy A52 5G (128GB, Violet) - Excellent;;;;;0;no_match;;;
AplWS841MMCelGld-VR-ASN-AU;Apple Watch Series 8 Cellular (41MM, Gold) - Pristine;;;;;0;no_match;;;
SGaIA525G128GBWht-RD-VR-EXD-AU;Samsung Galaxy A52 5G (128GB, White) - Excellent;;;;;0;no_match;;;
GPxl3aBlck128GB-RD-VR-EXD-AU;Google Pixel 3a (64GB, Black) - Excellent;;;;;0;no_match;;;
GPxl3aBlck128GB-VR-ASN-AU;Google Pixel 3a (64GB, Black) - Pristine;;;;;0;no_match;;;
SGlxA525G256GBBlu-RD-VR-EXD-AU;Samsung Galaxy A52 5G (256GB, Blue) - Excellent;;;;;0;no_match;;;
SGlxA525G256GBPrp-RD-VR-EXD-AU;Samsung Galaxy A52 5G (256GB, Purple) - Excellent;;;;;0;no_match;;;
GPxl3aWht128GB-RD-VR-EXD-AU;Google Pixel 3a (64GB, White) - Excellent;;;;;0;no_match;;;
GGPxl3aWht128GB-VR-ASN-AU;Google Pixel 3a (64GB, White) - Pristine;;;;;0;no_match;;;
GogPix4XL64GBBlck-EXD-AU;Google Pixel 4 XL (64GB, Black) - Excellent;;;;;0;no_match;;;
GPxl4aBlck128GB-RD-VR-EXD-AU;Google Pixel 4a (128GB, Black) - Excellent;;;;;0;no_match;;;
SGlxA52s128GBASBlue-RD-VR-EXD-AU;Samsung Galaxy A52s 5G (128GB, Blue) AU - Excellent;;;;;0;no_match;;;
SamGlxA52s128GBPrp-RD-VR-EXD-AU;Samsung Galaxy A52s 5G (128GB, Purple) - Excellent;;;;;0;no_match;;;
AplWS841MMCelStrlght-VR-ASN-AU;Apple Watch Series 8 Cellular (41MM, Starlight) - Pristine;;;;;0;no_match;;;
GPxl4aBlck128GB-VR-ASN-AU;Google Pixel 4a (128GB, Black) - Pristine;;;;;0;no_match;;;
SGlxA53128GB5GBlu-RD-VR-EXD-AU;Samsung Galaxy A53 5G (128GB, Blue) - Excellent;;;;;0;no_match;;;
SGlxA53128GB5GWht-RD-VR-EXD-AU;Samsung Galaxy A53 5G (128GB, White) - Excellent;;;;;0;no_match;;;
GPxl4a5GBlck128GB-RD-VR-EXD-AU;Google Pixel 4A 5G (128GB, Black) - Excellent;;;;;0;no_match;;;
GPix4XL4G128GBWht-RD-VR-EXD-AU;Google Pixel 4XL (128GB, Black) - Excellent;;;;;0;no_match;;;
GPix4XL4G128GBBlk-RD-VR-EXD-AU;Google Pixel 4XL (128GB, White) - Excellent;;;;;0;no_match;;;
GogPix5128GBJBlck-RD-VR-EXD-AU;Google Pixel 5 5G (128GB, Just Black) - Excellent;;;;;0;no_match;;;
AplWS845MMCelGld-VR-ASN-AU;Apple Watch Series 8 Cellular (45MM, Gold) - Pristine;;;;;0;no_match;;;
SGA70Blu128gbAS-RD-VR-EXD-AU;Samsung Galaxy A70 (128GB, Blue) AU - Excellent;;;;;0;no_match;;;
GogPix5128GBSsage-RD-VR-EXD-AU;Google Pixel 5 5G (128GB, Sorta Sage) - Excellent;https://reebelo.com.au/collections/google-pixel-5?skuId=sku-mnps7jewVuGB75wXHToa3pP;128GB, 128 GB | Black;293.99;Google Pixel 5 - 128GB - Just Black;1;matched;;Very Good;https://reebelo.com.au/collections/google-pixel-5?skuId=sku-mnps7jewVuGB75wXHToa3pP
SamGaLA70Wht128gb-RD-VR-EXD-AU;Samsung Galaxy A70 (128GB, White) - Excellent;;;;;0;no_match;;;
AWTCH941MMBlk-VR-ASN-AU;Apple Watch Series 9 Aluminium (41MM, Black) - Pristine;;;;;0;no_match;;;
GPix65G128cRL-RD-VR-EXD-AU;Google Pixel 6 5G (128GB, Kinda Coral) - Excellent;;;;;0;no_match;;;
GPix65G128Sfm-RD-VR-EXD-AU;Google Pixel 6 5G (128GB, Sorta Seafoam) - Excellent;https://reebelo.com.au/collections/google-pixel-6a?skuId=sku-mnqycxot1RdQjO9HtqOkl0S;128GB, 128 GB;282.99;Google Pixel 6a - 128GB - Charcoal;1;matched;;Very Good;https://reebelo.com.au/collections/google-pixel-6a?skuId=sku-mnqycxot1RdQjO9HtqOkl0S
ApWtS9Al45MMCellRSe-VR-ASN-AU;Apple Watch Series 9 Aluminium (45MM, Celullar, Rose Gold) - Pristine;;;;;0;no_match;;;
Pix65G256Black-VR-ASN-AU;Google Pixel 6 5G (256GB, Stormy Black) - Pristine;;;;;0;no_match;;;
ApWtS9Al45MMCellSil-VR-ASN-AU;Apple Watch Series 9 Aluminium (45MM, Celullar, Silver) - Pristine;;;;;0;no_match;;;
SGA715G128GBsilv-RD-VR-EXD-AU;Samsung Galaxy A71 5G (128GB, Silver) - Excellent;;;;;0;no_match;;;
SGlxA73128GBGreen-RD-VR-EXD-AU;Samsung Galaxy A73 (128GB, Green) - Excellent;;;;;0;no_match;;;
GPxl6Pro256GB5GBlk-RD-VR-EXD-AU;Google Pixel 6 PRO (256GB, Stormy Black) - Excellent;;;;;0;no_match;;;
GPxl6Pro512GB5GBlk-RD-VR-EXD-AU;Google Pixel 6 PRO (512GB, Stormy Black) - Excellent;;;;;0;no_match;;;
AWTCH945MMPnk-VR-ASN-AU;Apple Watch Series 9 Aluminum (45MM, Pink) - Pristine;;;;;0;no_match;;;
GalaxA8Black32GB-RD-EXD-AU;Samsung Galaxy A8 (32GB, Black) - Excellent;;;;;0;no_match;;;
GalxJ3Black8GB-RD-EXD-AU;Samsung Galaxy J3 (8GB, Black) - Excellent;;;;;0;no_match;;;
GalxJ3White8GB-RD-EXD-AU;Samsung Galaxy J3 (8GB, White) - Excellent;;;;;0;no_match;;;
SamNote10256GBABlck-RD-VR-EXD-AU;Samsung Galaxy Note 10 (256GB, Aura Black) - Excellent;;;;;0;no_match;;;
SamNote10256GBAGlow-RD-VR-EXD-AU;Samsung Galaxy Note 10 (256GB, Aura Glow) - Excellent;;;;;0;no_match;;;
AWTCH941MMCLLBlk-VR-ASN-AU;Apple Watch Series 9 Aluminum Cellular (41MM, Black) - Pristine;;;;;0;no_match;;;
AWTCH9STN45MMBlk-VR-ASN-AU;Apple Watch Series 9 Stainless (45MM, Black) - Pristine;;;;;0;no_match;;;
GalxNote10+256GBAuG-RD-EXD-AU;Samsung Galaxy Note 10+ Plus (12GB RAM, 256GB, Aura Glow) - Excellent;https://reebelo.com.au/collections/samsung-galaxy-note-10-plus?skuId=sku-miwc325raX5IuY3rg4VEYsN;256GB, 256 GB | Blue;353.99;Galaxy Note 10+ - 256GB - 1 Physical SIM - Aura Blue;1;matched;;Very Good;https://reebelo.com.au/collections/samsung-galaxy-note-10-plus?skuId=sku-miwc325raX5IuY3rg4VEYsN
AplWUltTn49MMCelTnmAS-VR-ASN-AU;Apple Watch Ultra Titanium Cellular (49MM, Titanium) AU - Pristine;;;;;0;no_match;;;
GalxNote10+256GBBlck-RD-EXD-AU;Samsung Galaxy Note 10+ Plus (12GB RAM, 256GB, Black) - Excellent;;;;;0;no_match;;;
GPixel2xl128GBWhtDS-VR-ASN-AU;Google Pixel 2XL (128GB, White) - Pristine;;;;;0;no_match;;;
GPixel2xl64GBBlkDS-VR-ASN-AU;Google Pixel 2XL (64GB, Black) - Pristine;;;;;0;no_match;;;
GalxNote10+Austck256GBBlu-RD-VR-EXD-AU;Samsung Galaxy Note 10+ Plus (12GB RAM, 256GB, Blue) AU - Excellent;;;;;0;no_match;;;
GPixel2xl64GBWhtDS-VR-ASN-AU;Google Pixel 2XL (64GB, White) - Pristine;;;;;0;no_match;;;
GalxNote10+Austck256GBWHT-RD-VR-EXD-AU;Samsung Galaxy Note 10+ Plus (12GB RAM, 256GB, White) AU - Excellent;;;;;0;no_match;;;
GalxNote10+512GBGlow-RD-EXD-AU;Samsung Galaxy Note 10+ Plus (12GB RAM, 512GB, Aura Glow) - Excellent;;;;;0;no_match;;;
GogPix3Blck64GB-ASN-AU;Google Pixel 3 (64GB, Black) - Pristine;;;;;0;no_match;;;
Pix6Pro5G256Blk-VR-ASN-AU;Google Pixel 6 Pro 5G (256GB, Stormy Black) - Pristine;;;;;0;no_match;;;
GPixel364GBBlkAS-VR-ASN-AU;Google Pixel 3 (64GB, Black) AU - Pristine;;;;;0;no_match;;;
GPixel364GBPink-VR-ASN-AU;Google Pixel 3 (64GB, Pink) - Pristine;;;;;0;no_match;;;
GalxNote10+256GBBlck-RD-VR-EXD-AU;Samsung Galaxy Note 10+ Plus (256GB, Aura Black) - Excellent;;;;;0;no_match;;;
GalxNote10+256GBAuG-RD-VR-EXD-AU;Samsung Galaxy Note 10+ Plus (256GB, Aura Glow) - Excellent;https://reebelo.com.au/collections/samsung-galaxy-note-10-plus?skuId=sku-miwc325raX5IuY3rg4VEYsN;256GB, 256 GB | Blue;353.99;Galaxy Note 10+ - 256GB - 1 Physical SIM - Aura Blue;1;matched;;Very Good;https://reebelo.com.au/collections/samsung-galaxy-note-10-plus?skuId=sku-miwc325raX5IuY3rg4VEYsN
GalxNote10+256GBWHT-RD-VR-EXD-AU;Samsung Galaxy Note 10+ Plus (256GB, White) - Excellent;;;;;0;no_match;;;
GNT10Plus5G256GBBlck-RD-VR-EXD-AU;Samsung Galaxy Note 10+ Plus 5G (12GB RAM, 256GB, Aura Black) - Excellent;;;;;0;no_match;;;
GPixel364GBWht-VR-ASN-AU;Google Pixel 3 (64GB, White) - Pristine;;;;;0;no_match;;;
GNT10Plus5G256GBAuG-RD-VR-EXD-AU;Samsung Galaxy Note 10+ Plus 5G (12GB RAM, 256GB, Aura Glow) - Excellent;https://reebelo.com.au/collections/samsung-galaxy-note-10-plus?skuId=sku-miwc325raX5IuY3rg4VEYsN;256GB, 256 GB | Blue;353.99;Galaxy Note 10+ - 256GB - 1 Physical SIM - Aura Blue;1;matched;;Very Good;https://reebelo.com.au/collections/samsung-galaxy-note-10-plus?skuId=sku-miwc325raX5IuY3rg4VEYsN
GPixel364GBWhtAS-VR-ASN-AU;Google Pixel 3 (64GB, White) AU - Pristine;;;;;0;no_match;;;
GNT10PlusAS5G256GBBlu-RD-VR-EXD-AU;Samsung Galaxy Note 10+ Plus 5G (12GB RAM, 256GB, Blue) AU - Excellent;;;;;0;no_match;;;
GogPix3XL64GBBlck-ASN-AU;Google Pixel 3 XL (64GB, Black) - Pristine;;;;;0;no_match;;;
GalxNote10+5G512GBAuG-RD-EXD-AU;Samsung Galaxy Note 10+ Plus 5G (12GB RAM, 512GB, Aura Glow) - Excellent;;;;;0;no_match;;;
GooglePixel3XL64GBWht-ASN-AU;Google Pixel 3 XL (64GB, White) - Pristine;;;;;0;no_match;;;
Pix6Pro5G512Blck-VR-ASN-AU;Google Pixel 6 Pro 5G (512GB, Stormy Black) - Pristine;;;;;0;no_match;;;
GPxl6a128GBChk-RD-VR-EXD-AU;Google Pixel 6a (128GB, Chalk) - Excellent;https://reebelo.com.au/collections/google-pixel-6a?skuId=sku-mnqycxot1RdQjO9HtqOkl0S;128GB, 128 GB;282.99;Google Pixel 6a - 128GB - Charcoal;1;matched;;Very Good;https://reebelo.com.au/collections/google-pixel-6a?skuId=sku-mnqycxot1RdQjO9HtqOkl0S
GPxl6a128GBCrc-RD-VR-EXD-AU;Google Pixel 6a (128GB, Charcoal) - Excellent;https://reebelo.com.au/collections/google-pixel-6a?skuId=sku-mnqycxot1RdQjO9HtqOkl0S;128GB, 128 GB;282.99;Google Pixel 6a - 128GB - Charcoal;1;matched;;Very Good;https://reebelo.com.au/collections/google-pixel-6a?skuId=sku-mnqycxot1RdQjO9HtqOkl0S
GalxNote10+5G512GBBlk-RD-VR-EXD-AU;Samsung Galaxy Note 10+ Plus 5G (512GB, Aura Black) - Excellent;;;;;0;no_match;;;
GalxNote10+5G512GBAuG-RD-VR-EXD-AU;Samsung Galaxy Note 10+ Plus 5G (512GB, Aura Glow) - Excellent;;;;;0;no_match;;;
SGlxNote20256GBBrnzAS-RD-VR-EXD-AU;Samsung Galaxy Note 20 (256GB, Bronze) AU - Excellent;;;;;0;no_match;;;
GPix4128GBBlck-VR-ASN-AU;Google Pixel 4 (128GB, Black) - Pristine;;;;;0;no_match;;;
GPix4128GBWhite-VR-ASN-AU;Google Pixel 4 (128GB, White) - Pristine;;;;;0;no_match;;;
GPix464GBBlack-VR-ASN-AU;Google Pixel 4 (64GB, Black) - Pristine;;;;;0;no_match;;;
SGlxNote205G128GBBRZAS-RD-VR-EXD-AU;Samsung Galaxy Note 20 5G (128GB, Bronze) AU - Excellent;;;;;0;no_match;;;
GPix464GBOrg-VR-ASN-AU;Google Pixel 4 (64GB, Orange) - Pristine;;;;;0;no_match;;;
SGlxNote205G128GBGrn-RD-VR-EXD-AU;Samsung Galaxy Note 20 5G (128GB, Green) - Excellent;;;;;0;no_match;;;
GPix464GBWhtds-VR-ASN-AU;Google Pixel 4 (64GB, White) - Pristine;;;;;0;no_match;;;
SGlxNote205G128GBGry-RD-VR-EXD-AU;Samsung Galaxy Note 20 5G (128GB, Grey) - Excellent;;;;;0;no_match;;;
GogPix4XL64GBBlck-ASN-AU;Google Pixel 4 XL (64GB, Black) - Pristine;;;;;0;no_match;;;
SGlxNote205G128GBRed-RD-VR-EXD-AU;Samsung Galaxy Note 20 5G (128GB, Red) - Excellent;;;;;0;no_match;;;
GPxl6a128GBCrc-VR-ASN-AU;Google Pixel 6a (128GB, Charcoal) - Pristine;https://reebelo.com.au/collections/google-pixel-6a?skuId=sku-mq8bhjmipPsyhzKNsbn4zC5;128GB, 128 GB;504.99;Google Pixel 6a - 128GB - Charcoal;1;matched;;Like New;https://reebelo.com.au/collections/google-pixel-6a?skuId=sku-mq8bhjmipPsyhzKNsbn4zC5
GPxl4a5GBlck128GB-VR-ASN-AU;Google Pixel 4A 5G (128GB, Black) - Pristine;;;;;0;no_match;;;
Glnt205G256GBrnz-VR-RD-EXD-AU;Samsung Galaxy Note 20 5G (256GB, Bronze) - Excellent;;;;;0;no_match;;;
GPix4XL4G128GBWht-VR-ASN-AU;Google Pixel 4XL (128GB, Black) - Pristine;;;;;0;no_match;;;
SGNt205G256GBGrn-VR-RD-EXD-AU;Samsung Galaxy Note 20 5G (256GB, Green) - Excellent;;;;;0;no_match;;;
GPix4XL4G128GBBlkAS-VR-ASN-AU;Google Pixel 4XL (128GB, Black) AU - Pristine;;;;;0;no_match;;;
SGNt205G256GBGry-VR-RD-EXD-AU;Samsung Galaxy Note 20 5G (256GB, Grey) - Excellent;;;;;0;no_match;;;
GPix4XL4G128GBBlk-VR-ASN-AU;Google Pixel 4XL (128GB, White) - Pristine;;;;;0;no_match;;;
GPix4XL4G128GBWhtAS-VR-ASN-AU;Google Pixel 4XL (128GB, White) AU - Pristine;;;;;0;no_match;;;
GPix4XL4G64GMWht-VR-ASN-AU;Google Pixel 4XL (64GB, Clearly White) - Pristine;;;;;0;no_match;;;
Note20Ultra5G256GBBlk-RD-VR-EXD-AU;Samsung Galaxy Note 20 Ultra 5G (256GB, Mystic Black) - Excellent;;;;;0;no_match;;;
Note20Ultra5G256GBBrz-RD-VR-EXD-AU;Samsung Galaxy Note 20 Ultra 5G (256GB, Mystic Bronze) - Excellent;;;;;0;no_match;;;
GPix4XL64GBOrg-VR-ASN-AU;Google Pixel 4XL (64GB, Orange) - Pristine;;;;;0;no_match;;;
Note20Ultra5G256GBwhite-RD-VR-EXD-AU;Samsung Galaxy Note 20 Ultra 5G (256GB, White) - Excellent;;;;;0;no_match;;;
GPix55G128GMBlk-VR-ASN-AU;Google Pixel 5 5G (128GB, Black) - Pristine;;;;;0;no_match;;;
SGlxNt20Ult512GBBlk-RD-VR-EXD-AU;Samsung Galaxy Note 20 Ultra 5G (512GB, Black) - Excellent;;;;;0;no_match;;;
GPix55G128GBsage-VR-ASN-AU;Google Pixel 5 5G (128GB, Green) - Pristine;;;;;0;no_match;;;
SamNote864GBBlk-RD-VR-EXD-AU;Samsung Galaxy Note 8 (64GB, Black) - Excellent;;;;;0;no_match;;;
Pix65G128coRL-VR-ASN-AU;Google Pixel 6 5G (128GB, Coral) - Pristine;;;;;0;no_match;;;
SamNote864GBBlue-RD-VR-EXD-AU;Samsung Galaxy Note 8 (64GB, Blue) - Excellent;;;;;0;no_match;;;
SamNote864GBGld-RD-VR-EXD-AU;Samsung Galaxy Note 8 (64GB, Gold) - Excellent;;;;;0;no_match;;;
Pix65G128SeaFM-VR-ASN-AU;Google Pixel 6 5G (128GB, Seafoam) - Pristine;https://reebelo.com.au/collections/google-pixel-6a?skuId=sku-mq8bhjmipPsyhzKNsbn4zC5;128GB, 128 GB;504.99;Google Pixel 6a - 128GB - Charcoal;1;matched;;Like New;https://reebelo.com.au/collections/google-pixel-6a?skuId=sku-mq8bhjmipPsyhzKNsbn4zC5
SamNote864GBPink-RD-VR-EXD-AU;Samsung Galaxy Note 8 (64GB, Pink) - Excellent;;;;;0;no_match;;;
SamNote9Dual128GBBlk-RD-VR-EXD-AU;Samsung Galaxy Note 9 (128GB, Black) - Excellent;;;;;0;no_match;;;
Pix65G128Blak-VR-ASN-AU;Google Pixel 6 5G (128GB, Stormy Black) - Pristine;;;;;0;no_match;;;
SamNote9Dual128GBBlue-RD-VR-EXD-AU;Samsung Galaxy Note 9 (128GB, Blue) - Excellent;;;;;0;no_match;;;
Pix65G256BSeafrm-VR-ASN-AU;Google Pixel 6 5G (256GB, Seafoam) - Pristine;;;;;0;no_match;;;
SNote9128GBCop-RD-VR-EXD-AU;Samsung Galaxy Note 9 (128GB, Copper) - Excellent;;;;;0;no_match;;;
GPxl6a128GBSge-VR-ASN-AU;Google Pixel 6a (128GB, Sage) - Pristine;https://reebelo.com.au/collections/google-pixel-6a?skuId=sku-mq8bhjmipPsyhzKNsbn4zC5;128GB, 128 GB;504.99;Google Pixel 6a - 128GB - Charcoal;1;matched;;Like New;https://reebelo.com.au/collections/google-pixel-6a?skuId=sku-mq8bhjmipPsyhzKNsbn4zC5
SNote9128GBPur-RD-VR-EXD-AU;Samsung Galaxy Note 9 (128GB, Purple) - Excellent;;;;;0;no_match;;;
Pix6Pro5G128Sunny-VR-ASN-AU;Google Pixel 6 Pro 5G (128GB, Sorta Sunny) - Pristine;;;;;0;no_match;;;
SamNote9512GBBlk-RD-VR-EXD-AU;Samsung Galaxy Note 9 (512GB, Black) - Excellent;;;;;0;no_match;;;
Pix6Pro5G128Black-VR-ASN-AU;Google Pixel 6 Pro 5G (128GB, Stormy Black) - Pristine;;;;;0;no_match;;;
SamNote9512GBBlue-RD-VR-EXD-AU;Samsung Galaxy Note 9 (512GB, Blue) - Excellent;;;;;0;no_match;;;
Pix6Pro5G128BWhite-VR-ASN-AU;Google Pixel 6 Pro 5G (128GB, White) - Pristine;;;;;0;no_match;;;
SGlxNote9512GBASCop-RD-VR-EXD-AU;Samsung Galaxy Note 9 (512GB, Copper) AU - Excellent;;;;;0;no_match;;;
GPxl7128GBBlk-RD-VR-EXD-AU;Google Pixel 7 (128GB, Black) - Excellent;;;;;0;no_match;;;
SamS10128GBBlk-RD-VR-EXD-AU;Samsung Galaxy S10 (128GB, Black) - Excellent;;;;;0;no_match;;;
Pix6Pro5G512Cwhte-VR-ASN-AU;Google Pixel 6 Pro 5G (512GB, Cloudy White) - Pristine;;;;;0;no_match;;;
GS10128GBlue-RD-VR-EXD-AU;Samsung Galaxy S10 (128GB, Blue) - Excellent;;;;;0;no_match;;;
Pix6Pro5G512Ssny-VR-ASN-AU;Google Pixel 6 Pro 5G (512GB, Sorta Sunny) - Pristine;;;;;0;no_match;;;
Pix78R128Lmn-RD-VR-EXD-AU;Google Pixel 7 (128GB, Lemongrass) - Excellent;https://reebelo.com.au/collections/google-pixel-7a?skuId=sku-mnqycbrj4JPfJtUZngS4Tpc;128GB, 128 GB;296.99;Google Pixel 7a - 128GB - Sea;1;matched;;Very Good;https://reebelo.com.au/collections/google-pixel-7a?skuId=sku-mnqycbrj4JPfJtUZngS4Tpc
Pix78R128Obs-RD-VR-EXD-AU;Google Pixel 7 (128GB, Obsidian) - Excellent;https://reebelo.com.au/collections/google-pixel-7a?skuId=sku-mnqycbrj4JPfJtUZngS4Tpc;128GB, 128 GB;296.99;Google Pixel 7a - 128GB - Sea;1;matched;;Very Good;https://reebelo.com.au/collections/google-pixel-7a?skuId=sku-mnqycbrj4JPfJtUZngS4Tpc
GS10128GPinkAS-RD-VR-EXD-AU;Samsung Galaxy S10 (128GB, Pink) AU - Excellent;;;;;0;no_match;;;
GPxl6a128GBChk-VR-ASN-AU;Google Pixel 6a (128GB, Chalk) - Pristine;https://reebelo.com.au/collections/google-pixel-6a?skuId=sku-mq8bhjmipPsyhzKNsbn4zC5;128GB, 128 GB;504.99;Google Pixel 6a - 128GB - Charcoal;1;matched;;Like New;https://reebelo.com.au/collections/google-pixel-6a?skuId=sku-mq8bhjmipPsyhzKNsbn4zC5
SamS10128GBWht-RD-VR-EXD-AU;Samsung Galaxy S10 (128GB, White) - Excellent;;;;;0;no_match;;;
Pix78R128Snw-RD-VR-EXD-AU;Google Pixel 7 (128GB, Snow) - Excellent;https://reebelo.com.au/collections/google-pixel-7a?skuId=sku-mnqycbrj4JPfJtUZngS4Tpc;128GB, 128 GB;296.99;Google Pixel 7a - 128GB - Sea;1;matched;;Very Good;https://reebelo.com.au/collections/google-pixel-7a?skuId=sku-mnqycbrj4JPfJtUZngS4Tpc
SamS10512GBBlk-RD-VR-EXD-AU;Samsung Galaxy S10 (512GB, Black) - Excellent;;;;;0;no_match;;;
GPix7256GBLmnGr-RD-VR-EXD-AU;Google Pixel 7 (256GB, Lemongrass) - Excellent;;;;;0;no_match;;;
SamS10512GBGreen-RD-VR-EXD-AU;Samsung Galaxy S10 (512GB, Green) - Excellent;;;;;0;no_match;;;
Pix78R128Lmne-VR-ASN-AU;Google Pixel 7 (128GB, Lemongrass) - Pristine;https://reebelo.com.au/collections/google-pixel-7a?skuId=sku-mq8bss41R6lBI6pM9JhvoPe;128GB, 128 GB;330.99;Google Pixel 7a - 128GB - Sea;1;matched;;Like New;https://reebelo.com.au/collections/google-pixel-7a?skuId=sku-mq8bss41R6lBI6pM9JhvoPe
SamS10512GBWht-RD-VR-EXD-AU;Samsung Galaxy S10 (512GB, White) - Excellent;;;;;0;no_match;;;
Pix78R128Obsi-VR-ASN-AU;Google Pixel 7 (128GB, Obsidian) - Pristine;https://reebelo.com.au/collections/google-pixel-7a?skuId=sku-mq8bss41R6lBI6pM9JhvoPe;128GB, 128 GB;330.99;Google Pixel 7a - 128GB - Sea;1;matched;;Like New;https://reebelo.com.au/collections/google-pixel-7a?skuId=sku-mq8bss41R6lBI6pM9JhvoPe
Pix78R128Snwo-VR-ASN-AU;Google Pixel 7 (128GB, Snow) - Pristine;https://reebelo.com.au/collections/google-pixel-7a?skuId=sku-mq8bss41R6lBI6pM9JhvoPe;128GB, 128 GB;330.99;Google Pixel 7a - 128GB - Sea;1;matched;;Like New;https://reebelo.com.au/collections/google-pixel-7a?skuId=sku-mq8bss41R6lBI6pM9JhvoPe
GlaxS10Blu5G256AS-RD-VR-EXD-AU;Samsung Galaxy S10 5G (256GB, Blue) AU - Excellent;;;;;0;no_match;;;
GPix7256GBLmnGr-VR-ASN-AU;Google Pixel 7 (256GB, Lemongrass) - Pristine;;;;;0;no_match;;;
GlaxS10Silv5G256-RD-VR-EXD-AU;Samsung Galaxy S10 5G (256GB, Crown Silver) - Excellent;;;;;0;no_match;;;
Pix78R256Obs-VR-ASN-AU;Google Pixel 7 (256GB, Obsidian) - Pristine;;;;;0;no_match;;;
GooglePxl7Pro128GBHzl-RD-VR-EXD-AU;Google Pixel 7 PRO (128GB, Hazel) - Excellent;https://reebelo.com.au/collections/google-pixel-7-pro?skuId=sku-mnqycyzmuhL2BtC6M9fzdh0;8GB, 8 GB | 128GB, 128 GB, 8GB, 8 GB;606.98;Google Pixel 7 Pro - 128GB - 8GB RAM - Snow;1;matched;;Very Good;https://reebelo.com.au/collections/google-pixel-7-pro?skuId=sku-mnqycyzmuhL2BtC6M9fzdh0
GlaxS10Blck5G256-RD-VR-EXD-AU;Samsung Galaxy S10 5G (256GB, Majestic Black) - Excellent;;;;;0;no_match;;;
GlaxS10Whtv5G256-RD-VR-EXD-AU;Samsung Galaxy S10 5G (256GB, White) - Excellent;;;;;0;no_match;;;
Pix7Pro5G128Haz-VR-ASN-AU;Google Pixel 7 Pro (128GB, Hazel) - Pristine;;;;;0;no_match;;;
GlaxS10Blck5G512-RD-VR-EXD-AU;Samsung Galaxy S10 5G (512GB, Black) - Excellent;;;;;0;no_match;;;
GooglePxl7Pro128GBObs-RD-VR-EXD-AU;Google Pixel 7 PRO (128GB, Obsidian) - Excellent;https://reebelo.com.au/collections/google-pixel-7-pro?skuId=sku-mnqycyzmuhL2BtC6M9fzdh0;8GB, 8 GB | 128GB, 128 GB, 8GB, 8 GB;606.98;Google Pixel 7 Pro - 128GB - 8GB RAM - Snow;1;matched;;Very Good;https://reebelo.com.au/collections/google-pixel-7-pro?skuId=sku-mnqycyzmuhL2BtC6M9fzdh0
GlaxS10Silv5G512-RD-VR-EXD-AU;Samsung Galaxy S10 5G (512GB, Silver) - Excellent;;;;;0;no_match;;;
Pix7Pro5G256BObs-VR-ASN-AU;Google Pixel 7 Pro (256GB, Obsidian) - Pristine;;;;;0;no_match;;;
GlaxS10Whtv5G512-RD-VR-EXD-AU;Samsung Galaxy S10 5G (512GB, White) - Excellent;;;;;0;no_match;;;
Pix7Pro5G256BSnw-VR-ASN-AU;Google Pixel 7 Pro (256GB, Snow) - Pristine;;;;;0;no_match;;;
Pix7Pro5G128BObs-VR-ASN-AU;Google Pixel 7 Pro (128GB, Obsidian) - Pristine;;;;;0;no_match;;;
Pix7Pro5G512BHZL-VR-ASN-AU;Google Pixel 7 Pro (512GB, Hazel) - Pristine;;;;;0;no_match;;;
SamS10Pls128GBBluAS-RD-VR-EXD-AU;Samsung Galaxy S10+ Plus (128GB, Blue) AU - Excellent;;;;;0;no_match;;;
Pix7Pro5G512BObs-VR-ASN-AU;Google Pixel 7 Pro (512GB, Obsidian) - Pristine;;;;;0;no_match;;;
SamS10+128GBGreen-RD-VR-EXD-AU;Samsung Galaxy S10+ Plus (128GB, Green) - Excellent;;;;;0;no_match;;;
Pix7Pro5G512BSnw-VR-ASN-AU;Google Pixel 7 Pro (512GB, Snow) - Pristine;;;;;0;no_match;;;
SamS10Pls128GBPnkAS-RD-VR-EXD-AU;Samsung Galaxy S10+ Plus (128GB, Pink) AU - Excellent;;;;;0;no_match;;;
GPxl7a128GBChc-VR-ASN-AU;Google Pixel 7a (128GB, Charcoal) - Pristine;https://reebelo.com.au/collections/google-pixel-7a?skuId=sku-mq8bss41R6lBI6pM9JhvoPe;128GB, 128 GB;330.99;Google Pixel 7a - 128GB - Sea;1;matched;;Like New;https://reebelo.com.au/collections/google-pixel-7a?skuId=sku-mq8bss41R6lBI6pM9JhvoPe
SamS10+128GBWhite-RD-VR-EXD-AU;Samsung Galaxy S10+ Plus (128GB, White) - Excellent;;;;;0;no_match;;;
GPix7a128GBSea-VR-ASN-AU;Google Pixel 7a (128GB, Sea) - Pristine;https://reebelo.com.au/collections/google-pixel-7a?skuId=sku-mq8bss41R6lBI6pM9JhvoPe;128GB, 128 GB;330.99;Google Pixel 7a - 128GB - Sea;1;matched;;Like New;https://reebelo.com.au/collections/google-pixel-7a?skuId=sku-mq8bss41R6lBI6pM9JhvoPe
GPxl7a128GBSnw-VR-ASN-AU;Google Pixel 7a (128GB, Snow) - Pristine;https://reebelo.com.au/collections/google-pixel-7a?skuId=sku-mq8bss41R6lBI6pM9JhvoPe;128GB, 128 GB;330.99;Google Pixel 7a - 128GB - Sea;1;matched;;Like New;https://reebelo.com.au/collections/google-pixel-7a?skuId=sku-mq8bss41R6lBI6pM9JhvoPe
SamS10PLS512GBBlue-RD-VR-EXD-AU;Samsung Galaxy S10+ Plus (512GB, Blue) - Excellent;;;;;0;no_match;;;
GPxl8128GB5GHzl-VR-ASN-AU;Google Pixel 8 (128GB, Hazel) - Pristine;https://reebelo.com.au/collections/google-pixel-8a?skuId=sku-mq8bseaqIhMFc7T1Bn2eMya;128GB, 128 GB;467.38;Google Pixel 8a - 128GB - Aloe;1;matched;;Like New;https://reebelo.com.au/collections/google-pixel-8a?skuId=sku-mq8bseaqIhMFc7T1Bn2eMya
SamS10PLS512GBBlck-RD-VR-EXD-AU;Samsung Galaxy S10+ Plus (512GB, Prism Black) - Excellent;;;;;0;no_match;;;
GPxl8128GB5GHzlAS-VR-ASN-AU;Google Pixel 8 (128GB, Hazel) AU - Pristine;https://reebelo.com.au/collections/google-pixel-8a?skuId=sku-mq8bseaqIhMFc7T1Bn2eMya;128GB, 128 GB;467.38;Google Pixel 8a - 128GB - Aloe;1;matched;;Like New;https://reebelo.com.au/collections/google-pixel-8a?skuId=sku-mq8bseaqIhMFc7T1Bn2eMya
SamS10PLS512GBWht-RD-VR-EXD-AU;Samsung Galaxy S10+ Plus (512GB, Prism White) - Excellent;;;;;0;no_match;;;
Pix7Pro5G128BSnw-VR-ASN-AU;Google Pixel 7 Pro (128GB, Snow) - Pristine;;;;;0;no_match;;;
GPxl8128GB5GObsAS-VR-ASN-AU;Google Pixel 8 (128GB, Obsidian) AU - Pristine;https://reebelo.com.au/collections/google-pixel-8a?skuId=sku-mq8bseaqIhMFc7T1Bn2eMya;128GB, 128 GB;467.38;Google Pixel 8a - 128GB - Aloe;1;matched;;Like New;https://reebelo.com.au/collections/google-pixel-8a?skuId=sku-mq8bseaqIhMFc7T1Bn2eMya
SamGalS10e128GBBlck-RD-VR-EXD-AU;Samsung Galaxy S10e (128GB, Black) - Excellent;;;;;0;no_match;;;
GooglePxl7Pro256GBObs-RD-VR-EXD-AU;Google Pixel 7 PRO (256GB, Obsidian) - Excellent;;;;;0;no_match;;;
SamS10e128GBBlueAS-RD-VR-EXD-AU;Samsung Galaxy S10e (128GB, Blue) AU - Excellent;;;;;0;no_match;;;
GPix8Hzl256GB-VR-ASN-AU;Google Pixel 8 (256GB, Hazel) - Pristine;;;;;0;no_match;;;
SamGalS10e128GBGrn-RD-VR-EXD-AU;Samsung Galaxy S10e (128GB, Green) - Excellent;;;;;0;no_match;;;
GPxl8256GB5GObs-VR-ASN-AU;Google Pixel 8 (256GB, Obsidian) - Pristine;;;;;0;no_match;;;
SamS10e128GBPinkAS-RD-VR-EXD-AU;Samsung Galaxy S10e (128GB, Pink) AU - Excellent;;;;;0;no_match;;;
GPxl8256GB5GObsAS-VR-ASN-AU;Google Pixel 8 (256GB, Obsidian) AU - Pristine;;;;;0;no_match;;;
SamS10e128GBRedAS-RD-VR-EXD-AU;Samsung Galaxy S10e (128GB, Red) AU - Excellent;;;;;0;no_match;;;
GPxl8PRO128GB5GBay-VR-ASN-AU;Google Pixel 8 Pro (128GB, Bay) - Pristine;https://reebelo.com.au/collections/google-pixel-8-pro-5g?skuId=sku-mq8brqnjXdSYfHrmkVink2u;128GB, 128 GB | 5G;639.99;Google Pixel 8 Pro (5G) - 128GB - Obsidian;1;matched;;Like New;https://reebelo.com.au/collections/google-pixel-8-pro-5g?skuId=sku-mq8brqnjXdSYfHrmkVink2u
SamGalS10e128GBWht-RD-VR-EXD-AU;Samsung Galaxy S10e (128GB, White) - Excellent;;;;;0;no_match;;;
GPxl8PRO128GB5GMint-VR-ASN-AU;Google Pixel 8 Pro (128GB, Mint) - Pristine;;;;;0;no_match;;;
GalxS204G128GBBlue-RD-VR-EXD-AU;Samsung Galaxy S20 (8GB RAM, 128GB, Blue) - Excellent;;;;;0;no_match;;;
Pix7Pro5G512BObs-RD-VR-EXD-AU;Google Pixel 7 Pro (512GB, Obsidian) - Excellent;;;;;0;no_match;;;
GalxS204G128GBGrey-RD-VR-EXD-AU;Samsung Galaxy S20 (8GB RAM, 128GB, Grey) - Excellent;;;;;0;no_match;;;
GPxl8PRO128GB5GPor-VR-ASN-AU;Google Pixel 8 Pro (128GB, Porcelain) - Pristine;https://reebelo.com.au/collections/google-pixel-8-pro-5g?skuId=sku-mq8brqnjXdSYfHrmkVink2u;128GB, 128 GB | 5G;639.99;Google Pixel 8 Pro (5G) - 128GB - Obsidian;1;matched;;Like New;https://reebelo.com.au/collections/google-pixel-8-pro-5g?skuId=sku-mq8brqnjXdSYfHrmkVink2u
GalxS204G128GBPink-RD-VR-EXD-AU;Samsung Galaxy S20 (8GB RAM, 128GB, Pink) - Excellent;;;;;0;no_match;;;
GPxl8PRO256GB5GBay-VR-ASN-AU;Google Pixel 8 Pro (256GB, Bay) - Pristine;;;;;0;no_match;;;
GalxS205G128GBBlue-RD-VR-EXD-AU;Samsung Galaxy S20 5G (12GB RAM, 128GB, Blue) - Excellent;;;;;0;no_match;;;
GPxl7a128GBChc-RD-VR-EXD-AU;Google Pixel 7a (128GB, Charcoal) - Excellent;https://reebelo.com.au/collections/google-pixel-7a?skuId=sku-mnqycbrj4JPfJtUZngS4Tpc;128GB, 128 GB;296.99;Google Pixel 7a - 128GB - Sea;1;matched;;Very Good;https://reebelo.com.au/collections/google-pixel-7a?skuId=sku-mnqycbrj4JPfJtUZngS4Tpc
GalxS205G128GBGrey-RD-VR-EXD-AU;Samsung Galaxy S20 5G (12GB RAM, 128GB, Grey) - Excellent;;;;;0;no_match;;;
GPix7a128GBSea-RD-VR-EXD-AU;Google Pixel 7a (128GB, Sea) - Excellent;https://reebelo.com.au/collections/google-pixel-7a?skuId=sku-mnqycbrj4JPfJtUZngS4Tpc;128GB, 128 GB;296.99;Google Pixel 7a - 128GB - Sea;1;matched;;Very Good;https://reebelo.com.au/collections/google-pixel-7a?skuId=sku-mnqycbrj4JPfJtUZngS4Tpc
GalxS205G128GBPink-RD-VR-EXD-AU;Samsung Galaxy S20 5G (12GB RAM, 128GB, Pink) - Excellent;;;;;0;no_match;;;
GPxl8PRO256GB5GPor-VR-ASN-AU;Google Pixel 8 Pro (256GB, Porcelain) - Pristine;;;;;0;no_match;;;
GalS20FE128GB8GBLvr-VR-RD-EXD-AU;Samsung Galaxy S20 FE (128GB, Cloud Lavender) - Excellent;;;;;0;no_match;;;
GalS20FE128GB8GBMnt-VR-RD-EXD-AU;Samsung Galaxy S20 FE (128GB, Cloud Mint) - Excellent;;;;;0;no_match;;;
GalS20FE128GB8GBNvy-VR-RD-EXD-AU;Samsung Galaxy S20 FE (128GB, Cloud Navy) - Excellent;;;;;0;no_match;;;
GalS20FE128GB8GBred-VR-RD-EXD-AU;Samsung Galaxy S20 FE (128GB, Cloud Red) - Excellent;;;;;0;no_match;;;
GalS20FE128GB8GBWht-VR-RD-EXD-AU;Samsung Galaxy S20 FE (128GB, Cloud White) - Excellent;;;;;0;no_match;;;
GlxS20FE5G128GB6GBLvnder-RD-VR-EXD-AU;Samsung Galaxy S20 FE (128GB, Lavender) - Excellent;;;;;0;no_match;;;
GPxl8PRO512GB5GBay-VR-ASN-AU;Google Pixel 8 Pro (512GB, Bay) - Pristine;;;;;0;no_match;;;
GlxS20FE5G128GB6GBMint-RD-VR-EXD-AU;Samsung Galaxy S20 FE (128GB, Mint) - Excellent;;;;;0;no_match;;;
GPxl7a128GBSnw-RD-VR-EXD-AU;Google Pixel 7a (128GB, Snow) - Excellent;https://reebelo.com.au/collections/google-pixel-7a?skuId=sku-mnqycbrj4JPfJtUZngS4Tpc;128GB, 128 GB;296.99;Google Pixel 7a - 128GB - Sea;1;matched;;Very Good;https://reebelo.com.au/collections/google-pixel-7a?skuId=sku-mnqycbrj4JPfJtUZngS4Tpc
GlxS20FE5G128GB6GBNavy-RD-VR-EXD-AU;Samsung Galaxy S20 FE (128GB, Navy) - Excellent;;;;;0;no_match;;;
GPxl8128GB5GHzl-RD-VR-EXD-AU;Google Pixel 8 (128GB, Hazel) - Excellent;;;;;0;no_match;;;
GPxl8PRO512GB5GPor-VR-ASN-AU;Google Pixel 8 Pro (512GB, Porcelain) - Pristine;;;;;0;no_match;;;
GalxS20FE5G128GB6GBOrange-RD-VR-EXD-AU;Samsung Galaxy S20 FE (128GB, Orange) AU - Excellent;;;;;0;no_match;;;
S204G128GB6GBPnk-RD-VR-EXD-AU;Samsung Galaxy S20 FE (128GB, Pink) AU - Excellent;;;;;0;no_match;;;
GPxl8A128GB5GAloe-VR-ASN-AU;Google Pixel 8a 5G (128GB, Aloe) - Pristine;https://reebelo.com.au/collections/google-pixel-8a?skuId=sku-mq8bseaqIhMFc7T1Bn2eMya;128GB, 128 GB;467.38;Google Pixel 8a - 128GB - Aloe;1;matched;;Like New;https://reebelo.com.au/collections/google-pixel-8a?skuId=sku-mq8bseaqIhMFc7T1Bn2eMya
GPxl8A128GB5GAloeAS-VR-ASN-AU;Google Pixel 8a 5G (128GB, Aloe) AU - Pristine;https://reebelo.com.au/collections/google-pixel-8a?skuId=sku-mq8bseaqIhMFc7T1Bn2eMya;128GB, 128 GB;467.38;Google Pixel 8a - 128GB - Aloe;1;matched;;Like New;https://reebelo.com.au/collections/google-pixel-8a?skuId=sku-mq8bseaqIhMFc7T1Bn2eMya
GlxS20FE5G128GB6GBWhite-RD-VR-EXD-AU;Samsung Galaxy S20 FE (128GB, White) - Excellent;;;;;0;no_match;;;
GPxl8A128GB5GBay-VR-ASN-AU;Google Pixel 8a 5G (128GB, Bay) - Pristine;https://reebelo.com.au/collections/google-pixel-8a?skuId=sku-mq8bseaqIhMFc7T1Bn2eMya;128GB, 128 GB;467.38;Google Pixel 8a - 128GB - Aloe;1;matched;;Like New;https://reebelo.com.au/collections/google-pixel-8a?skuId=sku-mq8bseaqIhMFc7T1Bn2eMya
GlxS20FE5G128GB6GBOrange-RD-VR-EXD-AU;Samsung Galaxy S20 FE (6GB RAM, 128GB, Orange) - Excellent;;;;;0;no_match;;;
GalS20FE128GB6GB5GlaV-RD-VR-EXD-AU;Samsung Galaxy S20 FE 5G (128GB, Cloud Lavender) - Excellent;;;;;0;no_match;;;
GalS20FE128GB6GB5GMnt-RD-VR-EXD-AU;Samsung Galaxy S20 FE 5G (128GB, Cloud Mint) - Excellent;;;;;0;no_match;;;
GalS20FE128GB6GB5GNav-RD-VR-EXD-AU;Samsung Galaxy S20 FE 5G (128GB, Cloud Navy) - Excellent;;;;;0;no_match;;;
GalS20FE128GB6GB5Gred-RD-VR-EXD-AU;Samsung Galaxy S20 FE 5G (128GB, Cloud Red) - Excellent;;;;;0;no_match;;;
GalS20FE128GB6GB5GWht-RD-VR-EXD-AU;Samsung Galaxy S20 FE 5G (128GB, Cloud White) - Excellent;;;;;0;no_match;;;
GalxS20FE5G128GB8GBOrng-RD-VR-EXD-AU;Samsung Galaxy S20 FE 5G (128GB, Orange) - Excellent;;;;;0;no_match;;;
GPxl8A128GB5GBayAS-VR-ASN-AU;Google Pixel 8a 5G (128GB, Bay) AU - Pristine;https://reebelo.com.au/collections/google-pixel-8a?skuId=sku-mq8bseaqIhMFc7T1Bn2eMya;128GB, 128 GB;467.38;Google Pixel 8a - 128GB - Aloe;1;matched;;Like New;https://reebelo.com.au/collections/google-pixel-8a?skuId=sku-mq8bseaqIhMFc7T1Bn2eMya
GPxl8128GB5GObs-RD-VR-EXD-AU;Google Pixel 8 (128GB, Obsidian) - Excellent;;;;;0;no_match;;;
GPxl8A128GB5GPcl-VR-ASN-AU;Google Pixel 8a 5G (128GB, Porcelain) - Pristine;https://reebelo.com.au/collections/google-pixel-8a?skuId=sku-mq8bseaqIhMFc7T1Bn2eMya;128GB, 128 GB;467.38;Google Pixel 8a - 128GB - Aloe;1;matched;;Like New;https://reebelo.com.au/collections/google-pixel-8a?skuId=sku-mq8bseaqIhMFc7T1Bn2eMya
GPxl8A256GB5GObs-VR-ASN-AU;Google Pixel 8a 5G (256GB, Obsidian) - Pristine;;;;;0;no_match;;;
GPxl8A256GB5GObsAS-VR-ASN-AU;Google Pixel 8a 5G (256GB, Obsidian) AU - Pristine;;;;;0;no_match;;;
GPxl9256GBObs-VR-ASN-AU;Google Pixel 9 (256GB, Obsidian) - Pristine;;;;;0;no_match;;;
GalxS20Ultra128GBBlk-RD-VR-EXD-AU;Samsung Galaxy S20 Ultra 5G (128GB, Black) - Excellent;;;;;0;no_match;;;
GPxl8128GB5GObs-VR-ASN-AU;Google Pixel 8 (128GB, Obsidian) - Pristine;https://reebelo.com.au/collections/google-pixel-8a?skuId=sku-mq8bseaqIhMFc7T1Bn2eMya;128GB, 128 GB;467.38;Google Pixel 8a - 128GB - Aloe;1;matched;;Like New;https://reebelo.com.au/collections/google-pixel-8a?skuId=sku-mq8bseaqIhMFc7T1Bn2eMya
GalxS20Ultra128GBGrey-RD-VR-EXD-AU;Samsung Galaxy S20 Ultra 5G (128GB, Grey) - Excellent;;;;;0;no_match;;;
GPxl8128GB5GObsAS-RD-VR-EXD-AU;Google Pixel 8 (128GB, Obsidian) AU - Excellent;;;;;0;no_match;;;
GalxS20Ultra128GBWhtAuStok-RD-VR-EXD-AU;Samsung Galaxy S20 Ultra 5G (128GB, White) AU - Excellent;;;;;0;no_match;;;
GPxl8128GB5GRose-RD-VR-EXD-AU;Google Pixel 8 (128GB, Rose) - Excellent;;;;;0;no_match;;;
S20Pls128GBBlack-RD-VR-EXD-AU;Samsung Galaxy S20+ Plus (128GB, Black) - Excellent;;;;;0;no_match;;;
GPxl8128GB5GRose-VR-ASN-AU;Google Pixel 8 (128GB, Rose) - Pristine;https://reebelo.com.au/collections/google-pixel-8a?skuId=sku-mq8bseaqIhMFc7T1Bn2eMya;128GB, 128 GB;467.38;Google Pixel 8a - 128GB - Aloe;1;matched;;Like New;https://reebelo.com.au/collections/google-pixel-8a?skuId=sku-mq8bseaqIhMFc7T1Bn2eMya
S20Pls128GBBlue-RD-VR-EXD-AU;Samsung Galaxy S20+ Plus (128GB, Blue) - Excellent;;;;;0;no_match;;;
GPxl8256GB5GObs-RD-VR-EXD-AU;Google Pixel 8 (256GB, Obsidian) - Excellent;;;;;0;no_match;;;
GPxl8PRO128GB5GBay-RD-VR-EXD-AU;Google Pixel 8 Pro (128GB, Bay) - Excellent;https://reebelo.com.au/collections/google-pixel-8-pro-5g?skuId=sku-mnpn2yeeiKF02UVsUOeDyzP;128GB, 128 GB | 5G;516.99;Google Pixel 8 Pro (5G) - 128GB - Obsidian;1;matched;;Very Good;https://reebelo.com.au/collections/google-pixel-8-pro-5g?skuId=sku-mnpn2yeeiKF02UVsUOeDyzP
GPxl8PRO128GB5GMint-RD-VR-EXD-AU;Google Pixel 8 Pro (128GB, Mint) - Excellent;;;;;0;no_match;;;
GPxl9PrFL256GBBlk-VR-ASN-AU;Google Pixel 9 Pro Fold (256GB, Black) - Pristine;;;;;0;no_match;;;
GPxl9PrFL256GBCrm-VR-ASN-AU;Google Pixel 9 Pro Fold (256GB, Cream) - Pristine;;;;;0;no_match;;;
GPxl8PRO128GB5GObs-RD-VR-EXD-AU;Google Pixel 8 Pro (128GB, Obsidian) - Excellent;https://reebelo.com.au/collections/google-pixel-8-pro-5g?skuId=sku-mnpn2yeeiKF02UVsUOeDyzP;128GB, 128 GB | 5G;516.99;Google Pixel 8 Pro (5G) - 128GB - Obsidian;1;matched;;Very Good;https://reebelo.com.au/collections/google-pixel-8-pro-5g?skuId=sku-mnpn2yeeiKF02UVsUOeDyzP
GalxS20Plus128GBRedAuStok-RD-VR-EXD-AU;Samsung Galaxy S20+ Plus 5G (128GB, Red) AU - Excellent;;;;;0;no_match;;;
GPxl9PrFL512GBCrm-VR-ASN-AU;Google Pixel 9 Pro Fold (512GB, Cream) - Pristine;;;;;0;no_match;;;
GlxS20+5G128GBlckSgl-RD-VR-EXD-AU;Samsung Galaxy S20+ Plus 5G (12GB RAM, 128GB, Black) - Excellent;;;;;0;no_match;;;
GlxS20+5G128GBlue-RD-VR-EXD-AU;Samsung Galaxy S20+ Plus 5G (12GB RAM, 128GB, Blue) - Excellent;;;;;0;no_match;;;
GlxS20+5G128GGreySgl-RD-VR-EXD-AU;Samsung Galaxy S20+ Plus 5G (12GB RAM, 128GB, Grey) - Excellent;;;;;0;no_match;;;
GPxl8PRO128GB5GObs-VR-ASN-AU;Google Pixel 8 Pro (128GB, Obsidian) - Pristine;https://reebelo.com.au/collections/google-pixel-8-pro-5g?skuId=sku-mq8brqnjXdSYfHrmkVink2u;128GB, 128 GB | 5G;639.99;Google Pixel 8 Pro (5G) - 128GB - Obsidian;1;matched;;Like New;https://reebelo.com.au/collections/google-pixel-8-pro-5g?skuId=sku-mq8brqnjXdSYfHrmkVink2u
GPxl9PrFL512GBWht-VR-ASN-AU;Google Pixel 9 Pro Fold (512GB, White) - Pristine;;;;;0;no_match;;;
GPxl8PRO128GB5GPor-RD-VR-EXD-AU;Google Pixel 8 Pro (128GB, Porcelain) - Excellent;https://reebelo.com.au/collections/google-pixel-8-pro-5g?skuId=sku-mnpn2yeeiKF02UVsUOeDyzP;128GB, 128 GB | 5G;516.99;Google Pixel 8 Pro (5G) - 128GB - Obsidian;1;matched;;Very Good;https://reebelo.com.au/collections/google-pixel-8-pro-5g?skuId=sku-mnpn2yeeiKF02UVsUOeDyzP
GPxl8PRO256GB5GBay-RD-VR-EXD-AU;Google Pixel 8 Pro (256GB, Bay) - Excellent;;;;;0;no_match;;;
GPxl8PRO256GB5GObs-RD-VR-EXD-AU;Google Pixel 8 Pro (256GB, Obsidian) - Excellent;;;;;0;no_match;;;
GPxl8PRO256GB5GObs-VR-ASN-AU;Google Pixel 8 Pro (256GB, Obsidian) - Pristine;;;;;0;no_match;;;
GPxl8PRO256GB5GObsAS-RD-VR-EXD-AU;Google Pixel 8 Pro (256GB, Obsidian) AU - Excellent;;;;;0;no_match;;;
GPxl8PRO256GB5GObsAS-VR-ASN-AU;Google Pixel 8 Pro (256GB, Obsidian) AU - Pristine;;;;;0;no_match;;;
GPxl8PRO512GB5GObs-VR-ASN-AU;Google Pixel 8 Pro (512GB, Obsidian) - Pristine;;;;;0;no_match;;;
GPxl8PRO512GB5GObsAS-VR-ASN-AU;Google Pixel 8 Pro (512GB, Obsidian) AU - Pristine;;;;;0;no_match;;;
GPxl8A128GB5GObs-RD-VR-EXD-AU;Google Pixel 8a 5G (128GB, Obsidian) - Excellent;;;;;0;no_match;;;
GPxl8A128GB5GObs-VR-ASN-AU;Google Pixel 8a 5G (128GB, Obsidian) - Pristine;https://reebelo.com.au/collections/google-pixel-8a?skuId=sku-mq8bseaqIhMFc7T1Bn2eMya;128GB, 128 GB;467.38;Google Pixel 8a - 128GB - Aloe;1;matched;;Like New;https://reebelo.com.au/collections/google-pixel-8a?skuId=sku-mq8bseaqIhMFc7T1Bn2eMya
GalxS21Vio256GB5G-VR-RD-EXD-AU;Samsung Galaxy S21 5G (256GB, Violet) - Excellent;;;;;0;no_match;;;
GPxl9256GBObs-RD-VR-EXD-AU;Google Pixel 9 (256GB, Obsidian) - Excellent;;;;;0;no_match;;;
GPxl9256GBPnk-VR-ASN-AU;Google Pixel 9 (256GB, Pink) - Pristine;;;;;0;no_match;;;
GPxl9PrXL512GBHzl-VR-ASN-AU;Google Pixel 9 Pro XL (512GB, Hazel) - Pristine;;;;;0;no_match;;;
SamGlxS21FE128GBGrp-RD-VR-EXD-AU;Samsung Galaxy S21 FE (128GB, Graphite) - Excellent;;;;;0;no_match;;;
GPxl95G12R128Obs-RD-VR-EXD-AU;Google Pixel 9 5G (128GB, Obsidian) - Excellent;;;;;0;no_match;;;
SamGlxS21FE128GBOlv-RD-VR-EXD-AU;Samsung Galaxy S21 FE (128GB, Olive) - Excellent;;;;;0;no_match;;;
SamGlxS21FE128GBWht-RD-VR-EXD-AU;Samsung Galaxy S21 FE (128GB, White) - Excellent;;;;;0;no_match;;;
SamGlxS21FE256GBGrp-RD-VR-EXD-AU;Samsung Galaxy S21 FE (256GB, Graphite) - Excellent;;;;;0;no_match;;;
SamGlxS21FE256GBLvn-RD-VR-EXD-AU;Samsung Galaxy S21 FE (256GB, Lavender) - Excellent;;;;;0;no_match;;;
GalS21FE5G6R256Oli-RD-VR-EXD-AU;Samsung Galaxy S21 FE (256GB, Olive) - Excellent;;;;;0;no_match;;;
SamGlxS21FE256GBWht-RD-VR-EXD-AU;Samsung Galaxy S21 FE (256GB, White) - Excellent;;;;;0;no_match;;;
HMT20128GBblck-VR-ASN-AU;Huawei Mate 20 (128GB, Black) - Pristine;;;;;0;no_match;;;
HuaP30128GBAuro-VR-ASN-AU;Huawei P30 (128GB, Aurora) - Pristine;;;;;0;no_match;;;
HuaP30128GBCrys-VR-ASN-AU;Huawei P30 (128GB, Crystal) - Pristine;;;;;0;no_match;;;
HuaP30Pro256GBAuro-VR-ASN-AU;Huawei P30 Pro (256GB, Aurora) - Pristine;;;;;0;no_match;;;
HuaP30Pro256GBCrys-VR-ASN-AU;Huawei P30 Pro (256GB, Crystal) - Pristine;;;;;0;no_match;;;
OPX2LTE128GBBlck-VR-ASN-AU;Oppo Find X2 Lite (128GB, Black) - Pristine;;;;;0;no_match;;;
OPX2LTE128GBWht-VR-ASN-AU;Oppo Find X2 Lite (128GB, White) - Pristine;;;;;0;no_match;;;
OPX2neo256GBBlckAstck-VR-ASN-AU;Oppo Find X2 Neo (256GB, Black) AU - Pristine;;;;;0;no_match;;;
GalxS21Plus5G256GBGld-RD-VR-EXD-AU;Samsung Galaxy S21 Plus 5G (256GB, Gold) - Excellent;;;;;0;no_match;;;
GalxS21Plus5G256GBPnk-RD-VR-EXD-AU;Samsung Galaxy S21 Plus 5G (256GB, Pink) - Excellent;;;;;0;no_match;;;
GalxS21Plus5G256GBRed-RD-VR-EXD-AU;Samsung Galaxy S21 Plus 5G (256GB, Red) - Excellent;;;;;0;no_match;;;
GPxl95G12R128Obs-VR-ASN-AU;Google Pixel 9 5G (128GB, Obsidian) - Pristine;https://reebelo.com.au/collections/google-pixel-9?skuId=sku-mqoq6mmwdLGBvwScAPcmhtt;128GB, 128 GB;682.99;Google Pixel 9 - 128GB - Porcelain;1;matched;;Like New;https://reebelo.com.au/collections/google-pixel-9?skuId=sku-mqoq6mmwdLGBvwScAPcmhtt
OppoFindX2Pro512GB-VR-ASN-AU;Oppo Find X2 Pro 5G (512GB, Black) - Pristine;;;;;0;no_match;;;
GalxS21Ultr5G128GBrwn-RD-VR-EXD-AU;Samsung Galaxy S21 Ultra 5G (128GB, Brown) - Excellent;;;;;0;no_match;;;
GalxS21Ultr5GAuStock128GBBrwn-RD-VR-EXD-AU;Samsung Galaxy S21 Ultra 5G (128GB, Brown) AU - Excellent;;;;;0;no_match;;;
OPX3LTE5G128GBBlckAS-VR-ASN-AU;Oppo Find X3 Lite 5G (128GB, Black) AU - Pristine;;;;;0;no_match;;;
GalxS21Ultr5G128GBnavy-RD-VR-EXD-AU;Samsung Galaxy S21 Ultra 5G (128GB, Navy) - Excellent;;;;;0;no_match;;;
OppoFX3Pro5G128GBWht-VR-ASN-AU;Oppo Find X3 Pro 5G (128GB, White) - Pristine;;;;;0;no_match;;;
GPxl95G12R128Peo-RD-VR-EXD-AU;Google Pixel 9 5G (128GB, Peony) - Excellent;;;;;0;no_match;;;
OppoFX3Pro5G256GBBlk-VR-ASN-AU;Oppo Find X3 Pro 5G (256GB, Black) - Pristine;;;;;0;no_match;;;
GalxS21Ultr5G128GBTitan-RD-VR-EXD-AU;Samsung Galaxy S21 Ultra 5G (128GB, Titanium) - Excellent;;;;;0;no_match;;;
OppoFX3Pro5G256GBBlu-VR-ASN-AU;Oppo Find X3 Pro 5G (256GB, Blue) - Pristine;;;;;0;no_match;;;
GPxl95G12R128Peo-VR-ASN-AU;Google Pixel 9 5G (128GB, Peony) - Pristine;https://reebelo.com.au/collections/google-pixel-9?skuId=sku-mqoq6mmwdLGBvwScAPcmhtt;128GB, 128 GB;682.99;Google Pixel 9 - 128GB - Porcelain;1;matched;;Like New;https://reebelo.com.au/collections/google-pixel-9?skuId=sku-mqoq6mmwdLGBvwScAPcmhtt
X5128GBblck-VR-ASN-AU;OPPO Find X5 (128GB, Black) - Pristine;;;;;0;no_match;;;
GalxS21Ultr5G256GBBrnz-RD-VR-EXD-AU;Samsung Galaxy S21 Ultra 5G (256GB, Bronze) - Excellent;;;;;0;no_match;;;
X5256GBblck-VR-ASN-AU;OPPO Find X5 (256GB, Black) - Pristine;;;;;0;no_match;;;
GalxS21Ultr5G256GBBrwn-RD-VR-EXD-AU;Samsung Galaxy S21 Ultra 5G (256GB, Brown) - Excellent;;;;;0;no_match;;;
X5256GBWHT-VR-ASN-AU;OPPO Find X5 (256GB, White) - Pristine;;;;;0;no_match;;;
GalxS21Ultr5G256GBNav-RD-VR-EXD-AU;Samsung Galaxy S21 Ultra 5G (256GB, Navy) - Excellent;;;;;0;no_match;;;
GPXL9PRO128HzL-RD-VR-EXD-AU;Google Pixel 9 Pro (128GB, Hazel) - Excellent;https://reebelo.com.au/collections/google-pixel-9-pro?skuId=sku-mpwf5p0dmT48VKwlhXq6YWl;128GB, 128 GB;878.99;Google Pixel 9 Pro - 128GB - Porcelain;1;matched;;Very Good;https://reebelo.com.au/collections/google-pixel-9-pro?skuId=sku-mpwf5p0dmT48VKwlhXq6YWl
SG21UtR5G256GBSil-VR-RD-EXD-AU;Samsung Galaxy S21 Ultra 5G (256GB, Silver) - Excellent;;;;;0;no_match;;;
GPXL9PRO128HzL-VR-ASN-AU;Google Pixel 9 Pro (128GB, Hazel) - Pristine;https://reebelo.com.au/collections/google-pixel-9-pro?skuId=sku-mq8biy9qalSGwghJIvIL9fw;128GB, 128 GB;757.99;Google Pixel 9 Pro - 128GB - Porcelain;1;matched;;Like New;https://reebelo.com.au/collections/google-pixel-9-pro?skuId=sku-mq8biy9qalSGwghJIvIL9fw
GalxS21Ultr5G256GBTitan-RD-VR-EXD-AU;Samsung Galaxy S21 Ultra 5G (256GB, Titanium) - Excellent;;;;;0;no_match;;;
FX5Pro256GBCWhtds-VR-ASN-AU;Oppo Find X5 Pro 5G (256GB, Ceramic White) - Pristine;;;;;0;no_match;;;
GalxS21Ultr5G512GBlck-RD-VR-EXD-AU;Samsung Galaxy S21 Ultra 5G (512GB, Black) - Excellent;;;;;0;no_match;;;
FX8Pro512GBpWht-VR-ASN-AU;Oppo Find X8 Pro 5G (512GB, Pearl White) - Pristine;;;;;0;no_match;;;
GalxS21Ultr5G512Brwn-RD-VR-EXD-AU;Samsung Galaxy S21 Ultra 5G (512GB, Brown) - Excellent;;;;;0;no_match;;;
FX8Pro512GBsblck-VR-ASN-AU;Oppo Find X8 Pro 5G (512GB, Space Black) - Pristine;;;;;0;no_match;;;
GalxS21Ultr5G512Gry-RD-VR-EXD-AU;Samsung Galaxy S21 Ultra 5G (512GB, Grey) - Excellent;;;;;0;no_match;;;
OppoReno5GDS256GBBlck-VR-ASN-AU;OPPO RENO 5G (256GB, Black) - Pristine;;;;;0;no_match;;;
GalxS21Ultr5G512Navy-RD-VR-EXD-AU;Samsung Galaxy S21 Ultra 5G (512GB, Navy) - Excellent;;;;;0;no_match;;;
OppoReno5G256GBGreen-ASN-AU;OPPO RENO 5G (256GB, Green) - Pristine;;;;;0;no_match;;;
GalxS21Ultr5G512Sil-RD-VR-EXD-AU;Samsung Galaxy S21 Ultra 5G (512GB, Silver) - Excellent;;;;;0;no_match;;;
GPXL9PRO128Obs-RD-VR-EXD-AU;Google Pixel 9 Pro (128GB, Obsidian) - Excellent;https://reebelo.com.au/collections/google-pixel-9-pro?skuId=sku-mpwf5p0dmT48VKwlhXq6YWl;128GB, 128 GB;878.99;Google Pixel 9 Pro - 128GB - Porcelain;1;matched;;Very Good;https://reebelo.com.au/collections/google-pixel-9-pro?skuId=sku-mpwf5p0dmT48VKwlhXq6YWl
GalxS21Ultr5GAStck512Tnm-RD-VR-EXD-AU;Samsung Galaxy S21 Ultra 5G (512GB, Titanium) AU - Excellent;;;;;0;no_match;;;
SMGA14128GBBlkAS-VR-ASN-AU;Samsung Galaxy A14 (128GB, Black) AU - Pristine;;;;;0;no_match;;;
GPXL9PRO128Obs-VR-ASN-AU;Google Pixel 9 Pro (128GB, Obsidian) - Pristine;https://reebelo.com.au/collections/google-pixel-9-pro?skuId=sku-mq8biy9qalSGwghJIvIL9fw;128GB, 128 GB;757.99;Google Pixel 9 Pro - 128GB - Porcelain;1;matched;;Like New;https://reebelo.com.au/collections/google-pixel-9-pro?skuId=sku-mq8biy9qalSGwghJIvIL9fw
SMGA1464GBBlkAS-VR-ASN-AU;Samsung Galaxy A14 (64GB, Black) AU - Pristine;;;;;0;no_match;;;
GalxS21Plus5G128GBGld-RD-VR-EXD-AU;Samsung Galaxy S21+ Plus 5G (128GB, Gold) - Excellent;;;;;0;no_match;;;
GPXL9PRO512Obs-RD-VR-EXD-AU;Google Pixel 9 Pro (512GB, Obsidian) - Excellent;;;;;0;no_match;;;
GalxS21Plus5G128GBPnk-RD-VR-EXD-AU;Samsung Galaxy S21+ Plus 5G (128GB, Pink) - Excellent;;;;;0;no_match;;;
SGA20Blck32gb-VR-ASN-AU;Samsung Galaxy A20 (32GB, Black) - Pristine;;;;;0;no_match;;;
SGlxA225G128GryDS-VR-ASN-AU;Samsung Galaxy A22 5G (128GB, Grey) - Pristine;;;;;0;no_match;;;
GalxS21Plus5G128GBRed-RD-VR-EXD-AU;Samsung Galaxy S21+ Plus 5G (128GB, Red) - Excellent;;;;;0;no_match;;;
SGlxA225G128MntDS-VR-ASN-AU;Samsung Galaxy A22 5G (128GB, Mint) - Pristine;;;;;0;no_match;;;
GalxS21Plus128GB5GSilver-RD-VR-EXD-AU;Samsung Galaxy S21+ Plus 5G (128GB, Silver) - Excellent;;;;;0;no_match;;;
SGlxA31128GBBlk-VR-ASN-AU;Samsung Galaxy A31 (128GB, Black) - Pristine;;;;;0;no_match;;;
GPXL9PRO512Obs-VR-ASN-AU;Google Pixel 9 Pro (512GB, Obsidian) - Pristine;;;;;0;no_match;;;
GPxl9PrFL512GBBlk-VR-ASN-AU;Google Pixel 9 Pro Fold (512GB, Black) - Pristine;;;;;0;no_match;;;
SGlxA31128GBBlu-VR-ASN-AU;Samsung Galaxy A31 (128GB, Blue) - Pristine;;;;;0;no_match;;;
SGlxA31128GBRed-VR-ASN-AU;Samsung Galaxy A31 (128GB, Red) - Pristine;;;;;0;no_match;;;
SGlxA31128GBWht-VR-ASN-AU;Samsung Galaxy A31 (128GB, White) - Pristine;;;;;0;no_match;;;
SGlxA32128GBBlk-VR-ASN-AU;Samsung Galaxy A32 (128GB, Black) - Pristine;;;;;0;no_match;;;
SGlxA32128GBAuSBlk-VR-ASN-AU;Samsung Galaxy A32 (128GB, Black) AU - Pristine;;;;;0;no_match;;;
GPix9ProXL128GBBlk-RD-VR-EXD-AU;Google Pixel 9 Pro XL (128GB, Black) - Excellent;;;;;0;no_match;;;
SGlxA32128GBPrp-VR-ASN-AU;Samsung Galaxy A32 (128GB, Purple) - Pristine;;;;;0;no_match;;;
SamGlxS21P256GBVlt-RD-VR-EXD-AU;Samsung Galaxy S21+ Plus 5G (256GB, Violet) - Excellent;;;;;0;no_match;;;
SGlxA32128GBAuSPrp-VR-ASN-AU;Samsung Galaxy A32 (128GB, Purple) AU - Pristine;;;;;0;no_match;;;
GalaxA5Blck32GB2017-ASN-AU;Samsung Galaxy A5 2017 (32GB, Black Sky) - Pristine;;;;;0;no_match;;;
GalA51128GBBlck-VR-ASN-AU;Samsung Galaxy A51 (128GB, Black) - Pristine;;;;;0;no_match;;;
GalA51128GBBlu-VR-ASN-AU;Samsung Galaxy A51 (128GB, Blue) - Pristine;;;;;0;no_match;;;
GalA51128GBPink-VR-ASN-AU;Samsung Galaxy A51 (128GB, Pink) - Pristine;;;;;0;no_match;;;
SGalA52128BG4GBlcK-VR-ASN-AU;Samsung Galaxy A52 (128GB, Black) - Pristine;;;;;0;no_match;;;
SGalA52128BG4GVio-VR-ASN-AU;Samsung Galaxy A52 (128GB, Violet) - Pristine;;;;;0;no_match;;;
SGalxA52Wht128GB-VR-ASN-AU;Samsung Galaxy A52 (128GB, White) - Pristine;;;;;0;no_match;;;
GalS22256BluAS-RD-VR-EXD-AU;Samsung Galaxy S22 (256GB, Blue) AU - Excellent;;;;;0;no_match;;;
GPix9ProXL128GBBlk-VR-ASN-AU;Google Pixel 9 Pro XL (128GB, Black) - Pristine;;;;;0;no_match;;;
SGalA52128GBViol-VR-ASN-AU;Samsung Galaxy A52 5G (128GB, Violet) - Pristine;;;;;0;no_match;;;
SGalA52256GBBlcK-VR-ASN-AU;Samsung Galaxy A52 5G (256GB, Black) - Pristine;;;;;0;no_match;;;
SGalA52256GBVio-VR-ASN-AU;Samsung Galaxy A52 5G (256GB, Violet) - Pristine;;;;;0;no_match;;;
GPxl9PROXL256GB5GBlk-RD-VR-EXD-AU;Google Pixel 9 Pro XL (256GB, Black) - Excellent;;;;;0;no_match;;;
SGlxA52s128GBBlue-VR-ASN-AU;Samsung Galaxy A52s 5G (128GB, Blue) - Pristine;;;;;0;no_match;;;
SGlxA52s128GBPrp-VR-ASN-AU;Samsung Galaxy A52s 5G (128GB, Purple) - Pristine;;;;;0;no_match;;;
SamGlxS225G128GBCrm-RD-VR-EXD-AU;Samsung Galaxy S22 5G (128GB, Cream) - Excellent;;;;;0;no_match;;;
GPxl9PROXL256GB5GBlk-VR-ASN-AU;Google Pixel 9 Pro XL (256GB, Black) - Pristine;;;;;0;no_match;;;
GPix9ProXL256Crm-VR-ASN-AU;Google Pixel 9 Pro XL (256GB, Cream) - Pristine;;;;;0;no_match;;;
GPix9ProXL256GBHzl-RD-VR-EXD-AU;Google Pixel 9 Pro XL (256GB, Hazel) - Excellent;;;;;0;no_match;;;
GPix9ProXL256GBHzl-VR-ASN-AU;Google Pixel 9 Pro XL (256GB, Hazel) - Pristine;;;;;0;no_match;;;
GPxl9PROXL256GB5GQRTZ-VR-ASN-AU;Google Pixel 9 Pro XL (256GB, Rose Quarts) - Pristine;;;;;0;no_match;;;
GalS22128SkBlu-RD-VR-EXD-AU;Samsung Galaxy S22 5G (128GB, Sky Blue) - Excellent;;;;;0;no_match;;;
SamGlxS225G256GBCrm-RD-VR-EXD-AU;Samsung Galaxy S22 5G (256GB, Cream) - Excellent;;;;;0;no_match;;;
GalS22256Grap-RD-VR-EXD-AU;Samsung Galaxy S22 5G (256GB, Graphite) - Excellent;;;;;0;no_match;;;
GPix9ProXL512GBBlk-RD-VR-EXD-AU;Google Pixel 9 Pro XL (512GB, Black) - Excellent;;;;;0;no_match;;;
GPix9ProXL512GBBlk-VR-ASN-AU;Google Pixel 9 PRO XL (512GB, Black) - Pristine;;;;;0;no_match;;;
GPxl9PrXL512GBHzl-RD-VR-EXD-AU;Google Pixel 9 Pro XL (512GB, Hazel) - Excellent;;;;;0;no_match;;;
HMT20128GBblck-RD-VR-EXD-AU;Huawei Mate 20 (128GB, Black) - Excellent;;;;;0;no_match;;;
SamGlxS225G256GBPrp-RD-VR-EXD-AU;Samsung Galaxy S22 5G (256GB, Purple) - Excellent;;;;;0;no_match;;;
GalS22Pls128Blu-RD-VR-EXD-AU;Samsung Galaxy S22 Plus (128GB, Blue) - Excellent;;;;;0;no_match;;;
HuaP30128GBAuro-RD-VR-EXD-AU;Huawei P30 (128GB, Aurora) - Excellent;;;;;0;no_match;;;
McsSrfPro5i58256GBSSDW10T-RD-VR-EXD-AU;Microsoft Surface Pro 5 (i5, 8GB RAM, 256GB, SSD, Win 10 Tablet) - Excellent;https://reebelo.com.au/collections/microsoft-surface-pro-5?skuId=sku-mertntiddsW498sHHtZZHzv;i5 | 8GB, 8 GB | 256GB, 256 GB, 8GB, 8 GB | Silver | WiFi;272.99;Microsoft Surface Pro 5 - 256GB - WiFi - Intel Core i5-7300U 2.6GHz - 8GB RAM - Silver;1;matched;;Very Good;https://reebelo.com.au/collections/microsoft-surface-pro-5?skuId=sku-mertntiddsW498sHHtZZHzv
GalS22Pls128CrmAS-RD-VR-EXD-AU;Samsung Galaxy S22 Plus (128GB, Cream) AU - Excellent;;;;;0;no_match;;;
GalS22Pls128GryAS-RD-VR-EXD-AU;Samsung Galaxy S22 Plus (128GB, Gray) AU - Excellent;;;;;0;no_match;;;
SGlxA53128GB5GWht-VR-ASN-AU;Samsung Galaxy A53 5G (128GB, White) - Pristine;;;;;0;no_match;;;
McSrfPro7i58128GBSSD-RD-VR-EXD-AU;Microsoft Surface Pro 7 (i5, 8GB RAM, 128GB) - Excellent;https://reebelo.com.au/collections/microsoft-surface-pro-7?skuId=sku-mpwcv532oOk16T6lfoUdH1b;i5 | 8GB, 8 GB | 128GB, 128 GB, 8GB, 8 GB | WiFi;605.99;Microsoft Surface Pro 7 - 128GB - WiFi - Intel Core i5-1135G7 2.4GHz - 8GB RAM - Platinum;1;matched;;Very Good;https://reebelo.com.au/collections/microsoft-surface-pro-7?skuId=sku-mpwcv532oOk16T6lfoUdH1b
SMA345G128GRPT-VR-ASN-AU;Samsung Galaxy A54 5G (128GB, Graphite) - Pristine;;;;;0;no_match;;;
OPX2LTE128GBWht-RD-VR-EXD-AU;Oppo Find X2 Lite (128GB, White) - Excellent;;;;;0;no_match;;;
SMA345G128VIO-VR-ASN-AU;Samsung Galaxy A54 5G (128GB, Violet) - Pristine;;;;;0;no_match;;;
OppoFindX2Neo256GBBlck-RD-EXD-AU;Oppo Find X2 NEO (256GB, Black) - Excellent;;;;;0;no_match;;;
GalxA7Blck32GB-ASN-AU;Samsung Galaxy A7 (32GB, Black) - Pristine;;;;;0;no_match;;;
GalS22Pls128VioAS-RD-VR-EXD-AU;Samsung Galaxy S22 Plus (128GB, Violet) AU - Excellent;;;;;0;no_match;;;
SamGalA70128GBBlk-ASN-AU;Samsung Galaxy A70 (128GB, Black) - Pristine;;;;;0;no_match;;;
OPX3LTE5G128GBBlckAS-RD-VR-EXD-AU;Oppo Find X3 Lite 5G (128GB, Black) AU - Excellent;;;;;0;no_match;;;
SGA70Blu128gb-VR-ASN-AU;Samsung Galaxy A70 (128GB, Blue) - Pristine;;;;;0;no_match;;;
GalS22Pls256Blu-RD-VR-EXD-AU;Samsung Galaxy S22 Plus (256GB, Blue) - Excellent;;;;;0;no_match;;;
SGA70Blu128gbAS-VR-ASN-AU;Samsung Galaxy A70 (128GB, Blue) AU - Pristine;;;;;0;no_match;;;
GalS22Pls256Crm-RD-VR-EXD-AU;Samsung Galaxy S22 Plus (256GB, Cream) - Excellent;;;;;0;no_match;;;
SGA70Wht128gb-VR-ASN-AU;Samsung Galaxy A70 (128GB, White) - Pristine;;;;;0;no_match;;;
GalS22Pls256GryAS-RD-VR-EXD-AU;Samsung Galaxy S22 Plus (256GB, Gray) AU - Excellent;;;;;0;no_match;;;
GalxA71Blck128GB-ASN-AU;Samsung Galaxy A71 (128GB, Black) - Pristine;;;;;0;no_match;;;
OX3Pr5G12R256GBBLCK-RD-VR-EXD-AU;Oppo Find X3 Pro 5G (256GB, Black) - Excellent;;;;;0;no_match;;;
SGlxA71128GBAuSBlk-VR-ASN-AU;Samsung Galaxy A71 (128GB, Black) AU - Pristine;;;;;0;no_match;;;
X5256GBblck-RD-VR-EXD-AU;OPPO Find X5 (256GB, Black) - Excellent;;;;;0;no_match;;;
SGlxA71128GBSil-VR-ASN-AU;Samsung Galaxy A71 (128GB, Silver) - Pristine;;;;;0;no_match;;;
X5Lite256GBSblck-RD-VR-EXD-AU;OPPO Find X5 Lite 5G (256GB, 8GB RAM, Starry Black) AU - Excellent;;;;;0;no_match;;;
X5Lite256GBSblck-VR-ASN-AU;OPPO Find X5 Lite 5G (256GB, 8GB RAM, Starry Black) AU - Pristine;;;;;0;no_match;;;
FX5Pro256GBCblack-RD-VR-EXD-AU;Oppo Find X5 Pro 5G (256GB, Ceramic Black) - Excellent;;;;;0;no_match;;;
SGA715G128GBblckAS-VR-ASN-AU;Samsung Galaxy A71 5G (128GB, Black) AU - Pristine;;;;;0;no_match;;;
FX5Pro256GBCblckds-VR-ASN-AU;Oppo Find X5 Pro 5G (256GB, Ceramic Black) - Pristine;;;;;0;no_match;;;
SGlxA73128GBGreen-VR-ASN-AU;Samsung Galaxy A73 (128GB, Green) - Pristine;;;;;0;no_match;;;
SGlxS22Ult1TBBgd-RD-VR-EXD-AU;Samsung Galaxy S22 ULTRA (1TB, Burgundy) - Excellent;;;;;0;no_match;;;
OPRN8PRO256GBBLK-RD-VR-EXD-AU;Oppo Reno 8 Pro 5G (256GB, Glazed Black) - Excellent;;;;;0;no_match;;;
SGlxS22Ult1TBBlk-RD-VR-EXD-AU;Samsung Galaxy S22 ULTRA (1TB, Phantom Black) - Excellent;;;;;0;no_match;;;
SGlxS22Ult1TBWht-RD-VR-EXD-AU;Samsung Galaxy S22 ULTRA (1TB, Phantom White) - Excellent;;;;;0;no_match;;;
OPRN8PRO256GBBLK-VR-ASN-AU;Oppo Reno 8 Pro 5G (256GB, Glazed Black) - Pristine;;;;;0;no_match;;;
SGlxA73128GBGrey-VR-ASN-AU;Samsung Galaxy A73 (128GB, Grey) - Pristine;;;;;0;no_match;;;
S22ASUt5G128GBBlue-RD-VR-EXD-AU;Samsung Galaxy S22 ULTRA 5G (128GB, Blue) AU - Excellent;;;;;0;no_match;;;
GalxNote10AuGlo256GB-ASN-AU;Samsung Galaxy Note 10 (8GB RAM, 256GB, Aura Glow) - Pristine;;;;;0;no_match;;;
SamGlxA12Blck128GB-RD-VR-EXD-AU;Samsung Galaxy A12 (128GB, Black) - Excellent;;;;;0;no_match;;;
GalxNote10Blck256GB-ASN-AU;Samsung Galaxy Note 10 (8GB RAM, 256GB, Black) - Pristine;;;;;0;no_match;;;
S22Ut5G128GBGrpht-RD-VR-EXD-AU;Samsung Galaxy S22 ULTRA 5G (128GB, Graphite) - Excellent;;;;;0;no_match;;;
GalxNote10+256GBAuG-ASN-AU;Samsung Galaxy Note 10+ Plus (12GB RAM, 256GB, Aura Glow) - Pristine;;;;;0;no_match;;;
SGlxA13128GBBlk-RD-VR-EXD-AU;Samsung Galaxy A13 (128GB, Black) - Excellent;;;;;0;no_match;;;
GalxNote10+256GBBlk-ASN-AU;Samsung Galaxy Note 10+ Plus (12GB RAM, 256GB, Black) - Pristine;;;;;0;no_match;;;
S22Ut5G128GBRed-RD-VR-EXD-AU;Samsung Galaxy S22 ULTRA 5G (128GB, Red) - Excellent;;;;;0;no_match;;;
GNT10Plus256GBBlu-VR-ASN-AU;Samsung Galaxy Note 10+ Plus (12GB RAM, 256GB, Blue) - Pristine;;;;;0;no_match;;;
SGlxA14128GBBlk-RD-VR-EXD-AU;Samsung Galaxy A14 (128GB, Black) - Excellent;;;;;0;no_match;;;
GNT10Plus256GBWHT-VR-ASN-AU;Samsung Galaxy Note 10+ Plus (12GB RAM, 256GB, White) - Pristine;;;;;0;no_match;;;
GalxNote10+512GBAuG-ASN-AU;Samsung Galaxy Note 10+ Plus (12GB RAM, 512GB, Aura Glow) - Pristine;;;;;0;no_match;;;
GalxNote10+512GBBlk-ASN-AU;Samsung Galaxy Note 10+ Plus (12GB RAM, 512GB, Black) - Pristine;;;;;0;no_match;;;
GalxNote10+512GBWhte-ASN-AU;Samsung Galaxy Note 10+ Plus (12GB RAM, 512GB, White) - Pristine;;;;;0;no_match;;;
GNT10Plus5G256GBBlck-VR-ASN-AU;Samsung Galaxy Note 10+ Plus 5G (12GB RAM, 256GB, Aura Black) - Pristine;;;;;0;no_match;;;
SGlxA14128GB5GBlk-RD-VR-EXD-AU;Samsung Galaxy A14 5G (128GB, Black) - Excellent;;;;;0;no_match;;;
GNT10Plus5G256GBBlckAS-VR-ASN-AU;Samsung Galaxy Note 10+ Plus 5G (12GB RAM, 256GB, Aura Black) AU - Pristine;;;;;0;no_match;;;
S22ASUt5G256GBBlueDS-RD-VR-EXD-AU;Samsung Galaxy S22 ULTRA 5G (256GB, Blue) - Excellent;;;;;0;no_match;;;
GNT10Plus5G256GBAuG-VR-ASN-AU;Samsung Galaxy Note 10+ Plus 5G (12GB RAM, 256GB, Aura Glow) - Pristine;;;;;0;no_match;;;
SMGA14128GB5GBlkAS-RD-VR-EXD-AU;Samsung Galaxy A14 5G (128GB, Black) AU - Excellent;;;;;0;no_match;;;
GNT10Plus5G256GBAuGAS-VR-ASN-AU;Samsung Galaxy Note 10+ Plus 5G (12GB RAM, 256GB, Aura Glow) AU - Pristine;;;;;0;no_match;;;
S22ASUt5G256GBGrapht-RD-VR-EXD-AU;Samsung Galaxy S22 ULTRA 5G (256GB, Graphite) - Excellent;;;;;0;no_match;;;
GNT10Plus5G256GBBlu-VR-ASN-AU;Samsung Galaxy Note 10+ Plus 5G (12GB RAM, 256GB, Blue) - Pristine;;;;;0;no_match;;;
SMGA14128GB5GBlkAS-VR-ASN-AU;Samsung Galaxy A14 5G (128GB, Black) AU - Pristine;;;;;0;no_match;;;
GNT10Plus5G256GBBluAS-VR-ASN-AU;Samsung Galaxy Note 10+ Plus 5G (12GB RAM, 256GB, Blue) AU - Pristine;;;;;0;no_match;;;
SGA20Blck32gb-RD-VR-EXD-AU;Samsung Galaxy A20 (32GB, Black) - Excellent;;;;;0;no_match;;;
GNT10Plus5G256GBWht-VR-ASN-AU;Samsung Galaxy Note 10+ Plus 5G (12GB RAM, 256GB, White) - Pristine;;;;;0;no_match;;;
SGA20Blu32gb-RD-VR-EXD-AU;Samsung Galaxy A20 (32GB, Blue) - Excellent;;;;;0;no_match;;;
GNT10Plus5G512GBAuG-VR-ASN-AU;Samsung Galaxy Note 10+ Plus 5G (12GB RAM, 512GB, Aura Glow) - Pristine;;;;;0;no_match;;;
SGlxA21S128GBBlk-RD-VR-EXD-AU;Samsung Galaxy A21S (128GB, Black) - Excellent;;;;;0;no_match;;;
GalS22Ult512Blue-RD-VR-EXD-AU;Samsung Galaxy S22 ULTRA 5G (512GB, Blue) - Excellent;;;;;0;no_match;;;
SGlxA21S32GBBlk-RD-VR-EXD-AU;Samsung Galaxy A21S (32GB, Black) - Excellent;;;;;0;no_match;;;
SamGlxA22128GBBlck-RD-VR-EXD-AU;Samsung Galaxy A22 (128GB, Black) - Excellent;;;;;0;no_match;;;
GNT10Plus5G512GBWht-VR-ASN-AU;Samsung Galaxy Note 10+ Plus 5G (12GB RAM, 512GB, White) - Pristine;;;;;0;no_match;;;
GalS22Ult512Grpht-RD-VR-EXD-AU;Samsung Galaxy S22 ULTRA 5G (512GB, Graphite) - Excellent;;;;;0;no_match;;;
SGlxNote20256GBBrnzAS-VR-ASN-AU;Samsung Galaxy Note 20 (256GB, Bronze) AU - Pristine;;;;;0;no_match;;;
SamGalA30Black32GB-RD-EXD-AU;Samsung Galaxy A30 (32GB, Black) - Excellent;;;;;0;no_match;;;
SGlxNote20256GBGrnAS-VR-ASN-AU;Samsung Galaxy Note 20 (256GB, Green) AU - Pristine;;;;;0;no_match;;;
SGlxNote20256GBGryAS-VR-ASN-AU;Samsung Galaxy Note 20 (256GB, Grey) AU - Pristine;;;;;0;no_match;;;
GalS22Ult512RedAstk-RD-VR-EXD-AU;Samsung Galaxy S22 Ultra 5G (512GB, Red) AU - Excellent;;;;;0;no_match;;;
SGlxNote205G128GBBRZAS-VR-ASN-AU;Samsung Galaxy Note 20 5G (128GB, Bronze) AU - Pristine;;;;;0;no_match;;;
SamGlxS22Ult512Wht-RD-VR-EXD-AU;Samsung Galaxy S22 ULTRA 5G (512GB, White) - Excellent;;;;;0;no_match;;;
SGlxNote205G128GBGrn-VR-ASN-AU;Samsung Galaxy Note 20 5G (128GB, Green) - Pristine;;;;;0;no_match;;;
GalS22Ult512WhtAstk-RD-VR-EXD-AU;Samsung Galaxy S22 Ultra 5G (512GB, White) AU - Excellent;;;;;0;no_match;;;
SGlxA32128GBBlk-RD-VR-EXD-AU;Samsung Galaxy A32 (128GB, Black) - Excellent;;;;;0;no_match;;;
SGlxA351285GGBBlu-RD-VR-EXD-AU;Samsung Galaxy A35 5G (128GB, Ice Blue) - Excellent;;;;;0;no_match;;;
SGlxA351285GGBNvy-RD-VR-EXD-AU;Samsung Galaxy A35 5G (128GB, Navy) - Excellent;;;;;0;no_match;;;
SGlxA532GB2017Blk-RD-VR-EXD-AU;Samsung Galaxy A5 2017 (32GB, Black) - Excellent;;;;;0;no_match;;;
SGlxNote205G128GBGry-VR-ASN-AU;Samsung Galaxy Note 20 5G (128GB, Grey) - Pristine;;;;;0;no_match;;;
SGlxNote205G128GBRed-VR-ASN-AU;Samsung Galaxy Note 20 5G (128GB, Red) - Pristine;;;;;0;no_match;;;
Glnt205G256GBlu-VR-ASN-AU;Samsung Galaxy Note 20 5G (256GB, Blue) - Pristine;;;;;0;no_match;;;
S23AS5G128GBGry-RD-VR-EXD-AU;Samsung Galaxy S23 5G (128GB, Grey) AU - Excellent;;;;;0;no_match;;;
Glnt205G256GASBrnz-VR-ASN-AU;Samsung Galaxy Note 20 5G (256GB, Bronze) - Pristine;;;;;0;no_match;;;
Glnt205G256GGrn-VR-ASN-AU;Samsung Galaxy Note 20 5G (256GB, Green) - Pristine;;;;;0;no_match;;;
S23AS5G128GBLme-RD-VR-EXD-AU;Samsung Galaxy S23 5G (128GB, Lime) AU - Excellent;;;;;0;no_match;;;
Glnt205G256GASGry-VR-ASN-AU;Samsung Galaxy Note 20 5G (256GB, Grey) - Pristine;;;;;0;no_match;;;
SGalA52128GBBlcK-VR-ASN-AU;Samsung Galaxy A52 5G (128GB, Black) - Pristine;;;;;0;no_match;;;
SGlxA525G256GBBlk-RD-VR-EXD-AU;Samsung Galaxy A52 5G (256GB, Black) - Excellent;;;;;0;no_match;;;
SamGlxA52s128GBBlk-RD-VR-EXD-AU;Samsung Galaxy A52s 5G (128GB, Black) - Excellent;;;;;0;no_match;;;
SNote20UT256GBBlk-VR-ASN-AU;Samsung Galaxy Note 20 Ultra (256GB, Black) - Pristine;;;;;0;no_match;;;
SGlxA52s128GBBlk-VR-ASN-AU;Samsung Galaxy A52s 5G (128GB, Black) - Pristine;;;;;0;no_match;;;
SNote20UT256GBBrz-VR-ASN-AU;Samsung Galaxy Note 20 Ultra (256GB, Mystic Bronze) - Pristine;;;;;0;no_match;;;
SGlxA53128GB5GBlk-RD-VR-EXD-AU;Samsung Galaxy A53 5G (128GB, Black) - Excellent;;;;;0;no_match;;;
Note20Ultra5G256GBBlk-VR-ASN-AU;Samsung Galaxy Note 20 Ultra 5G (256GB, Black) - Pristine;;;;;0;no_match;;;
SGlxA53128GB5GBlk-VR-ASN-AU;Samsung Galaxy A53 5G (128GB, Black) - Pristine;;;;;0;no_match;;;
Note20Ultra5G256GBBrz-VR-ASN-AU;Samsung Galaxy Note 20 Ultra 5G (256GB, Mystic Bronze) - Pristine;;;;;0;no_match;;;
SGlxA53128GB5GBlu-VR-ASN-AU;Samsung Galaxy A53 5G (128GB, Blue) - Pristine;;;;;0;no_match;;;
Note20Ultra5G256GBwhte-VR-ASN-AU;Samsung Galaxy Note 20 Ultra 5G (256GB, White) - Pristine;;;;;0;no_match;;;
SGlxA54128GB5GGpt-RD-VR-EXD-AU;Samsung Galaxy A54 5G (128GB, Graphite) - Excellent;;;;;0;no_match;;;
SGlxNt20Ult512GBBlk-VR-ASN-AU;Samsung Galaxy Note 20 Ultra 5G (512GB, Black) - Pristine;;;;;0;no_match;;;
SGlxA54128GB5GVio-RD-VR-EXD-AU;Samsung Galaxy A54 5G (128GB, Violet) - Excellent;;;;;0;no_match;;;
SNote864GBBLKVR-ASN-AU;Samsung Galaxy Note 8 (64GB, Black) - Pristine;;;;;0;no_match;;;
SamGaLA70Blck128gb-RD-VR-EXD-AU;Samsung Galaxy A70 (128GB, Black) - Excellent;;;;;0;no_match;;;
SNote864GBGldVR-ASN-AU;Samsung Galaxy Note 8 (64GB, Gold) - Pristine;;;;;0;no_match;;;
GalS23FE5G256iNDAS-RD-VR-EXD-AU;Samsung Galaxy S23 FE (256GB, Indigo) AU - Excellent;;;;;0;no_match;;;
SamNote9Dual128GBBlk-ASN-AU;Samsung Galaxy Note 9 (128GB, Black) - Pristine;;;;;0;no_match;;;
SGlxA71128GBAuSBlk-RD-VR-EXD-AU;Samsung Galaxy A71 (128GB, Black) AU - Excellent;;;;;0;no_match;;;
SmgGlxNote9128GBBlue-ASN-AU;Samsung Galaxy Note 9 (128GB, Blue)- Pristine;;;;;0;no_match;;;
SNote9128GBCopDS-VR-ASN-AU;Samsung Galaxy Note 9 (128GB, Copper) - Pristine;;;;;0;no_match;;;
SGA715G128GBblck-RD-VR-EXD-AU;Samsung Galaxy A71 5G (128GB, Black) - Excellent;;;;;0;no_match;;;
SNote9128GBPurDS-VR-ASN-AU;Samsung Galaxy Note 9 (128GB, Purple) - Pristine;;;;;0;no_match;;;
S23PLSAS5G256GBGrap-RD-VR-EXD-AU;Samsung Galaxy S23 Plus 5G (256GB, Graphite) - Excellent;;;;;0;no_match;;;
SGlxNote9512GBASBlk-VR-ASN-AU;Samsung Galaxy Note 9 (512GB, Black) AU - Pristine;;;;;0;no_match;;;
SGA715G128GBblck-VR-ASN-AU;Samsung Galaxy A71 5G (128GB, Black) - Pristine;;;;;0;no_match;;;
SGlxNote9512GBASBlu-VR-ASN-AU;Samsung Galaxy Note 9 (512GB, Blue) AU - Pristine;;;;;0;no_match;;;
SGlxA73128GBGrey-RD-VR-EXD-AU;Samsung Galaxy A73 (128GB, Grey) - Excellent;;;;;0;no_match;;;
S23PLSAS5G256GBLme-RD-VR-EXD-AU;Samsung Galaxy S23 Plus 5G (256GB, Lime) AU - Excellent;;;;;0;no_match;;;
SGlxNote9512GBASCop-VR-ASN-AU;Samsung Galaxy Note 9 (512GB, Copper) AU - Pristine;;;;;0;no_match;;;
GS10128GBlk-VR-ASN-AU;Samsung Galaxy S10 (128GB, Black) - Pristine;;;;;0;no_match;;;
GalxNote10+512GBBlk-RD-EXD-AU;Samsung Galaxy Note 10+ Plus (12GB RAM, 512GB, Black) - Excellent;;;;;0;no_match;;;
S23PLSAS5G512GBCrem-RD-VR-EXD-AU;Samsung Galaxy S23 Plus 5G (512GB, Cream) - Excellent;;;;;0;no_match;;;
GS10128GBlue-VR-ASN-AU;Samsung Galaxy S10 (128GB, Blue) - Pristine;;;;;0;no_match;;;
GalxNote10+5G512GBBlk-RD-EXD-AU;Samsung Galaxy Note 10+ Plus 5G (12GB RAM, 512GB, Black) - Excellent;;;;;0;no_match;;;
GS10128GGrn-VR-ASN-AU;Samsung Galaxy S10 (128GB, Green) - Pristine;;;;;0;no_match;;;
GNT10Plus5G512GBBlk-VR-ASN-AU;Samsung Galaxy Note 10+ Plus 5G (12GB RAM, 512GB, Black) - Pristine;;;;;0;no_match;;;
GS10128GPink-VR-ASN-AU;Samsung Galaxy S10 (128GB, Pink) - Pristine;;;;;0;no_match;;;
Glnt205G256GRed-VR-ASN-AU;Samsung Galaxy Note 20 5G (256GB, Red) - Pristine;;;;;0;no_match;;;
GS10128GPinkAS-VR-ASN-AU;Samsung Galaxy S10 (128GB, Pink) AU - Pristine;;;;;0;no_match;;;
SamS10128GBGreen-RD-VR-EXD-AU;Samsung Galaxy S10 (128GB, Green) - Excellent;;;;;0;no_match;;;
GS10128GWht-VR-ASN-AU;Samsung Galaxy S10 (128GB, White) - Pristine;;;;;0;no_match;;;
SamS10512GBBlk-VR-ASN-AU;Samsung Galaxy S10 (512GB, Black) - Pristine;;;;;0;no_match;;;
SamS10+128GBBlack-RD-VR-EXD-AU;Samsung Galaxy S10+ Plus (128GB, Black) - Excellent;;;;;0;no_match;;;
S23ASUt5G1TBBlu-RD-VR-EXD-AU;Samsung Galaxy S23 ULTRA 5G (1TB, Blue) AU - Excellent;;;;;0;no_match;;;
SamS10512GBGrn-VR-ASN-AU;Samsung Galaxy S10 (512GB, Green) - Pristine;;;;;0;no_match;;;
SamS10512GBWht-VR-ASN-AU;Samsung Galaxy S10 (512GB, White) - Pristine;;;;;0;no_match;;;
S23ASUt5G1TBCream-RD-VR-EXD-AU;Samsung Galaxy S23 ULTRA 5G (1TB, Cream) - Excellent;;;;;0;no_match;;;
S23ASUt5G1TBGry-RD-VR-EXD-AU;Samsung Galaxy S23 ULTRA 5G (1TB, Gray) AU - Excellent;;;;;0;no_match;;;
SamS10Blck5G256gb-ASN-AU;Samsung Galaxy S10 5G (256GB, Black) - Pristine;;;;;0;no_match;;;
GlaxS10Blu5G256-VR-ASN-AU;Samsung Galaxy S10 5G (256GB, Blue) - Pristine;;;;;0;no_match;;;
S23Ut5G1TBGrn-RD-VR-EXD-AU;Samsung Galaxy S23 ULTRA 5G (1TB, Green) - Excellent;;;;;0;no_match;;;
GlaxS10Blu5G256AS-VR-ASN-AU;Samsung Galaxy S10 5G (256GB, Blue) AU - Pristine;;;;;0;no_match;;;
S23ASUt5G1TBLvnder-RD-VR-EXD-AU;Samsung Galaxy S23 ULTRA 5G (1TB, Lavender) - Excellent;;;;;0;no_match;;;
S23ASUt5G1TBLme-RD-VR-EXD-AU;Samsung Galaxy S23 ULTRA 5G (1TB, Lime) AU - Excellent;;;;;0;no_match;;;
GlaxS10Silv5G256DS-VR-ASN-AU;Samsung Galaxy S10 5G (256GB, Crown Silver) - Pristine;;;;;0;no_match;;;
S23ASUt5G1TBRed-RD-VR-EXD-AU;Samsung Galaxy S23 ULTRA 5G (1TB, Red) AU - Excellent;;;;;0;no_match;;;
SamS10Gold5G256gb-ASN-AU;Samsung Galaxy S10 5G (256GB, Gold) - Pristine;;;;;0;no_match;;;
S23Ut5G256GBBlck-RD-VR-EXD-AU;Samsung Galaxy S23 ULTRA 5G (256GB, Black) - Excellent;;;;;0;no_match;;;
SamS10Wht5G256gb-ASN-AU;Samsung Galaxy S10 5G (256GB, White) - Pristine;;;;;0;no_match;;;
S23ASUt5G256GBBlue-RD-VR-EXD-AU;Samsung Galaxy S23 ULTRA 5G (256GB, Blue) - Excellent;;;;;0;no_match;;;
SamS10Blck5G512gb-ASN-AU;Samsung Galaxy S10 5G (512GB, Black) - Pristine;;;;;0;no_match;;;
S23Ut5G256GBCrm-RD-VR-EXD-AU;Samsung Galaxy S23 ULTRA 5G (256GB, Cream) - Excellent;;;;;0;no_match;;;
GlaxS10Silv5G512-VR-ASN-AU;Samsung Galaxy S10 5G (512GB, Silver) - Pristine;;;;;0;no_match;;;
S23ASUt5G256GBGrp-RD-VR-EXD-AU;Samsung Galaxy S23 ULTRA 5G (256GB, Graphite) AU - Excellent;;;;;0;no_match;;;
GlaxS10Whtv5G512-VR-ASN-AU;Samsung Galaxy S10 5G (512GB, White) - Pristine;;;;;0;no_match;;;
S23Ut5G256GBGrn-RD-VR-EXD-AU;Samsung Galaxy S23 ULTRA 5G (256GB, Green) - Excellent;;;;;0;no_match;;;
SamS10Plus128GBBlk-AN-AU;Samsung Galaxy S10+ Plus (128GB, Black) - Pristine;;;;;0;no_match;;;
S23Ut5G256GBLvndr-RD-VR-EXD-AU;Samsung Galaxy S23 ULTRA 5G (256GB, Lavender) - Excellent;;;;;0;no_match;;;
SamS10Pls128GBBlu-VR-ASN-AU;Samsung Galaxy S10+ Plus (128GB, Blue) - Pristine;;;;;0;no_match;;;
S23ASUt5G256GBRedone-RD-VR-EXD-AU;Samsung Galaxy S23 ULTRA 5G (256GB, Red) - Excellent;;;;;0;no_match;;;
SamS10Pls128GBBluAS-VR-ASN-AU;Samsung Galaxy S10+ Plus (128GB, Blue) AU - Pristine;;;;;0;no_match;;;
S20Pls128GBGrey-RD-VR-EXD-AU;Samsung Galaxy S20+ Plus (128GB, Grey) - Excellent;;;;;0;no_match;;;
SamS10Plus128GBGrn-AN-AU;Samsung Galaxy S10+ Plus (128GB, Green) - Pristine;;;;;0;no_match;;;
S23ASUt5G512GBBlue-RD-VR-EXD-AU;Samsung Galaxy S23 ULTRA 5G (512GB, Blue) - Excellent;;;;;0;no_match;;;
SamS10Pls128GBPnk-VR-ASN-AU;Samsung Galaxy S10+ Plus (128GB, Pink) - Pristine;;;;;0;no_match;;;
GalxS21Grey128GB5G-RD-VR-EXD-AU;Samsung Galaxy S21 5G (128GB, Grey) - Excellent;;;;;0;no_match;;;
SamS10Pls128GBPnkAS-VR-ASN-AU;Samsung Galaxy S10+ Plus (128GB, Pink) AU - Pristine;;;;;0;no_match;;;
GalxS21Pink128GB5G-RD-VR-EXD-AU;Samsung Galaxy S21 5G (128GB, Pink) - Excellent;;;;;0;no_match;;;
SamS10Plus128GBWhi-AN-AU;Samsung Galaxy S10+ Plus (128GB, White) - Pristine;;;;;0;no_match;;;
GalxS21Violet128GB5G-RD-VR-EXD-AU;Samsung Galaxy S21 5G (128GB, Violet) - Excellent;;;;;0;no_match;;;
SamS10PLS1TBWht-VR-ASN-AU;Samsung Galaxy S10+ Plus (1TB, Prism White) - Pristine;;;;;0;no_match;;;
GalxS21White128GB5G-RD-VR-EXD-AU;Samsung Galaxy S21 5G (128GB, White) - Excellent;;;;;0;no_match;;;
SamS10Plus512GBBlk-ASN-AU;Samsung Galaxy S10+ Plus (512GB, Black) - Pristine;;;;;0;no_match;;;
S23ASUt5G512GBLme-RD-VR-EXD-AU;Samsung Galaxy S23 ULTRA 5G (512GB, Lime) AU - Excellent;;;;;0;no_match;;;
SamS10PLS512GBBlueDS-VR-ASN-AU;Samsung Galaxy S10+ Plus (512GB, Blue) - Pristine;;;;;0;no_match;;;
S23ASUt5G512GBRedOne-RD-VR-EXD-AU;Samsung Galaxy S23 ULTRA 5G (512GB, Red) - Excellent;;;;;0;no_match;;;
SamS10PLS512GBBlckDS-VR-ASN-AU;Samsung Galaxy S10+ Plus (512GB, Prism Black) - Pristine;;;;;0;no_match;;;
GalxS21Grey256GB5G-VR-RD-EXD-AU;Samsung Galaxy S21 5G (256GB, Grey) - Excellent;;;;;0;no_match;;;
SamS10PLS512GBWhtDS-VR-ASN-AU;Samsung Galaxy S10+ Plus (512GB, Prism White) - Pristine;;;;;0;no_match;;;
GalxS21Pink256GB5G-VR-RD-EXD-AU;Samsung Galaxy S21 5G (256GB, Pink) - Excellent;;;;;0;no_match;;;
SamS10Plus512GBWht-ASN-AU;Samsung Galaxy S10+ Plus (512GB, White) - Pristine;;;;;0;no_match;;;
GalS248256GrnAS-RD-VR-EXD-AU;Samsung Galaxy S24 5G (256GB, Jade Green) AU - Excellent;;;;;0;no_match;;;
GalxS10e128GBBlack-ASN-AU;Samsung Galaxy S10e (128GB, Black) - Pristine;;;;;0;no_match;;;
GalxS21White256GB5G-VR-RD-EXD-AU;Samsung Galaxy S21 5G (256GB, White) - Excellent;;;;;0;no_match;;;
SamS10e128GBBlue-VR-ASN-AU;Samsung Galaxy S10e (128GB, Blue) - Pristine;;;;;0;no_match;;;
SamGlxS21FE128GBLvn-RD-VR-EXD-AU;Samsung Galaxy S21 FE (128GB, Lavender) - Excellent;;;;;0;no_match;;;
SamS10e128GBBlueAS-VR-ASN-AU;Samsung Galaxy S10e (128GB, Blue) AU - Pristine;;;;;0;no_match;;;
GalS21FE5G6R128Grp-VR-ASN-AU;Samsung Galaxy S21 FE 5G (128GB, Graphite) - Pristine;;;;;0;no_match;;;
GalxS10e128GBGreen-ASN-AU;Samsung Galaxy S10e (128GB, Green) - Pristine;;;;;0;no_match;;;
GalxS21Ultr5G128GBlck-RD-VR-EXD-AU;Samsung Galaxy S21 Ultra 5G (128GB, Black) - Excellent;;;;;0;no_match;;;
SamS10e128GBPink-VR-ASN-AU;Samsung Galaxy S10e (128GB, Pink) - Pristine;;;;;0;no_match;;;
GalxS21Ultr5G128GSilv-RD-VR-EXD-AU;Samsung Galaxy S21 Ultra 5G (128GB, Silver) - Excellent;;;;;0;no_match;;;
SamS10e128GBPinkAS-VR-ASN-AU;Samsung Galaxy S10e (128GB, Pink) AU - Pristine;;;;;0;no_match;;;
GalS248512GrnAS-RD-VR-EXD-AU;Samsung Galaxy S24 5G (512GB, Jade Green) AU - Excellent;;;;;0;no_match;;;
SamS10e128GBRed-VR-ASN-AU;Samsung Galaxy S10e (128GB, Red) - Pristine;;;;;0;no_match;;;
SG21UtR5G256GBBlk-VR-RD-EXD-AU;Samsung Galaxy S21 Ultra 5G (256GB, Black) - Excellent;;;;;0;no_match;;;
SamS10e128GBRedAS-VR-ASN-AU;Samsung Galaxy S10e (128GB, Red) AU - Pristine;;;;;0;no_match;;;
GalxS21Plus128GB5GBlack-RD-VR-EXD-AU;Samsung Galaxy S21+ Plus 5G (128GB, Black) - Excellent;;;;;0;no_match;;;
GalxS10e128GBWhite-ASN-AU;Samsung Galaxy S10e (128GB, White) - Pristine;;;;;0;no_match;;;
GalxS21Plus5G128GBPrpl-VR-ASN-AU;Samsung Galaxy S21+ Plus 5G (128GB, Purple) - Pristine;;;;;0;no_match;;;
GalxS20128GBBlue-VR-ASN-AU;Samsung Galaxy S20 (8GB RAM, 128GB, Blue) - Pristine;;;;;0;no_match;;;
GalS24FE8256Blu-RD-VR-EXD-AU;Samsung Galaxy S24 FE 5G (256GB, Blue) - Excellent;;;;;0;no_match;;;
GalxS20128GBGrey-VR-ASN-AU;Samsung Galaxy S20 (8GB RAM, 128GB, Grey) - Pristine;;;;;0;no_match;;;
GalxS21Plus128GB5GViolet-RD-VR-EXD-AU;Samsung Galaxy S21+ Plus 5G (128GB, Violet) - Excellent;;;;;0;no_match;;;
GalxS20128GBPink-VR-ASN-AU;Samsung Galaxy S20 (8GB RAM, 128GB, Pink) - Pristine;;;;;0;no_match;;;
SamGlxS21P256GBBlk-RD-VR-EXD-AU;Samsung Galaxy S21+ Plus 5G (256GB, Black) - Excellent;;;;;0;no_match;;;
GalxS205G128GBBlue-VR-ASN-AU;Samsung Galaxy S20 5G (12GB RAM, 128GB, Blue) - Pristine;;;;;0;no_match;;;
GalS24Pls256Grn-RD-VR-EXD-AU;Samsung Galaxy S24 Plus 5G (256GB, Jade Green) - Excellent;;;;;0;no_match;;;
GalxS205G128GBWht-VR-ASN-AU;Samsung Galaxy S20 5G (12GB RAM, 128GB, Cloud White) - Pristine;;;;;0;no_match;;;
SamGlxS21P256GBSlv-RD-VR-EXD-AU;Samsung Galaxy S21+ Plus 5G (256GB, Silver) - Excellent;;;;;0;no_match;;;
GalxS205G128GBGrey-VR-ASN-AU;Samsung Galaxy S20 5G (12GB RAM, 128GB, Grey) - Pristine;;;;;0;no_match;;;
GalS22128Blk-VR-ASN-AU;Samsung Galaxy S22 (128GB, Phantom Black) - Pristine;;;;;0;no_match;;;
GalxS205G128GBPink-VR-ASN-AU;Samsung Galaxy S20 5G (12GB RAM, 128GB, Pink) - Pristine;;;;;0;no_match;;;
GalS24Pls256Org-RD-VR-EXD-AU;Samsung Galaxy S24 Plus 5G (256GB, Sandstone Orange) - Excellent;;;;;0;no_match;;;
S204G128GBLvnder-VR-ASN-AU;Samsung Galaxy S20 FE (128GB, Lavender) - Pristine;;;;;0;no_match;;;
GalS22128Pnk-VR-ASN-AU;Samsung Galaxy S22 (128GB, Pink) - Pristine;;;;;0;no_match;;;
S204G128GBMint-VR-ASN-AU;Samsung Galaxy S20 FE (128GB, Mint) - Pristine;;;;;0;no_match;;;
GalS22256Grn-VR-ASN-AU;Samsung Galaxy S22 (256GB, Green) - Pristine;;;;;0;no_match;;;
S204G128GBNavy-VR-ASN-AU;Samsung Galaxy S20 FE (128GB, Navy) - Pristine;https://reebelo.com.au/collections/samsung-galaxy-s20-fe?skuId=sku-mq8ch29myYWhHaUEeg6YUw2;6GB, 6 GB | 128GB, 128 GB, 6GB, 6 GB;286.71;Galaxy S20 FE - 128GB - 6GB RAM - 1 Physical SIM - Cloud Navy;1;matched;;Like New;https://reebelo.com.au/collections/samsung-galaxy-s20-fe?skuId=sku-mq8ch29myYWhHaUEeg6YUw2
GalS22256Wht-VR-ASN-AU;Samsung Galaxy S22 (256GB, Phantom White) - Pristine;;;;;0;no_match;;;
S204G128GBOrge-VR-ASN-AU;Samsung Galaxy S20 FE (128GB, Orange) - Pristine;;;;;0;no_match;;;
GalS22256WhtAS-VR-ASN-AU;Samsung Galaxy S22 (256GB, Phantom White) AU - Pristine;;;;;0;no_match;;;
S204G128GB6GBPnk-VR-ASN-AU;Samsung Galaxy S20 FE (128GB, Pink) AU - Pristine;;;;;0;no_match;;;
GalS22256Pnk-VR-ASN-AU;Samsung Galaxy S22 (256GB, Pink) - Pristine;;;;;0;no_match;;;
S204G128GBRed-VR-ASN-AU;Samsung Galaxy S20 FE (128GB, Red) - Pristine;;;;;0;no_match;;;
SamGlxS225G128GBGrn-RD-VR-EXD-AU;Samsung Galaxy S22 5G (128GB, Green) - Excellent;;;;;0;no_match;;;
S204G128GBWhite-VR-ASN-AU;Samsung Galaxy S20 FE (128GB, White) - Pristine;;;;;0;no_match;;;
SamGlxS225G128GBBlk-RD-VR-EXD-AU;Samsung Galaxy S22 5G (128GB, Phantom Black) - Excellent;;;;;0;no_match;;;
SMS20FE5G265GBNavy-VR-ASN-AU;Samsung Galaxy S20 FE 5G (265GB, Navy) - Pristine;;;;;0;no_match;;;
SamGlxS225G128GBWht-RD-VR-EXD-AU;Samsung Galaxy S22 5G (128GB, Phantom White) - Excellent;;;;;0;no_match;;;
GalS20FE5G128GB8GBLvnder-VR-ASN-AU;Samsung Galaxy S20 FE 5G (6GB RAM, 128GB, Lavender) - Pristine;;;;;0;no_match;;;
SamGlxS225G128GBPnk-RD-VR-EXD-AU;Samsung Galaxy S22 5G (128GB, Pink Gold) - Excellent;;;;;0;no_match;;;
GalS20FE5G128GB8GBMint-VR-ASN-AU;Samsung Galaxy S20 FE 5G (6GB RAM, 128GB, Mint) - Pristine;;;;;0;no_match;;;
SamGlxS225G128GBPrp-RD-VR-EXD-AU;Samsung Galaxy S22 5G (128GB, Purple) - Excellent;;;;;0;no_match;;;
GalS20FE5G128GB8GBNavy-VR-ASN-AU;Samsung Galaxy S20 FE 5G (6GB RAM, 128GB, Navy) - Pristine;https://reebelo.com.au/collections/samsung-galaxy-s20-fe?skuId=sku-mnowpdaidJh2mS2hA4Rufzb;6GB, 6 GB | 128GB, 128 GB, 6GB, 6 GB;233.08;Galaxy S20 FE - 128GB - 6GB RAM - 1 Physical SIM - Cloud Navy;1;matched;;Like New;https://reebelo.com.au/collections/samsung-galaxy-s20-fe?skuId=sku-mnowpdaidJh2mS2hA4Rufzb
SamGlxS225G256GBGrn-RD-VR-EXD-AU;Samsung Galaxy S22 5G (256GB, Green) - Excellent;;;;;0;no_match;;;
GalS20FE5G128GB8GBOrange-VR-ASN-AU;Samsung Galaxy S20 FE 5G (6GB RAM, 128GB, Orange) - Pristine;;;;;0;no_match;;;
SamGlxS225G256GBBlk-RD-VR-EXD-AU;Samsung Galaxy S22 5G (256GB, Phantom Black) - Excellent;;;;;0;no_match;;;
GalS20FE5G128GB8GBRed-VR-ASN-AU;Samsung Galaxy S20 FE 5G (6GB RAM, 128GB, Red) - Pristine;;;;;0;no_match;;;
SamGlxS225G256GBWht-RD-VR-EXD-AU;Samsung Galaxy S22 5G (256GB, Phantom White) - Excellent;;;;;0;no_match;;;
GalS20FE5G128GB8GBWhite-VR-ASN-AU;Samsung Galaxy S20 FE 5G (6GB RAM, 128GB, White) - Pristine;;;;;0;no_match;;;
SamGlxS225G256GBPnk-RD-VR-EXD-AU;Samsung Galaxy S22 5G (256GB, Pink Gold) - Excellent;;;;;0;no_match;;;
GalxS20Ultra128GBBlk-VR-ASN-AU;Samsung Galaxy S20 Ultra 5G (128GB, Black) - Pristine;;;;;0;no_match;;;
GalS22Pls128Grn-RD-VR-EXD-AU;Samsung Galaxy S22 Plus (128GB, Green) - Excellent;;;;;0;no_match;;;
GalxS20Ultra128GBBlu-VR-ASN-AU;Samsung Galaxy S20 Ultra 5G (128GB, Blue) - Pristine;;;;;0;no_match;;;
GalS22Pls128Blk-RD-VR-EXD-AU;Samsung Galaxy S22 Plus (128GB, Phantom Black) - Excellent;;;;;0;no_match;;;
GalxS20Ultra128GBGrey-VR-ASN-AU;Samsung Galaxy S20 Ultra 5G (128GB, Grey) - Pristine;;;;;0;no_match;;;
GalS22Pls128Blk-VR-ASN-AU;Samsung Galaxy S22 Plus (128GB, Phantom Black) - Pristine;;;;;0;no_match;;;
GalxS20Ultra128GBWhtAS-VR-ASN-AU;Samsung Galaxy S20 Ultra 5G (128GB, White) AU - Pristine;;;;;0;no_match;;;
GalS22Pls128Pnkgld-RD-VR-EXD-AU;Samsung Galaxy S22 Plus (128GB, Pink Gold) - Excellent;;;;;0;no_match;;;
S20Pls128GBBlack-VR-ASN-AU;Samsung Galaxy S20+ Plus (128GB, Black) - Pristine;;;;;0;no_match;;;
GalS22Pls128Pnkgld-VR-ASN-AU;Samsung Galaxy S22 Plus (128GB, Pink Gold) - Pristine;;;;;0;no_match;;;
S20Pls128GBBlue-VR-ASN-AU;Samsung Galaxy S20+ Plus (128GB, Blue) - Pristine;;;;;0;no_match;;;
GalS22Pls128Wht-RD-VR-EXD-AU;Samsung Galaxy S22 Plus (128GB, White) - Excellent;;;;;0;no_match;;;
S20Pls128GBGrey-VR-ASN-AU;Samsung Galaxy S20+ Plus (128GB, Grey) - Pristine;;;;;0;no_match;;;
GalS22Pls256Grn-RD-VR-EXD-AU;Samsung Galaxy S22 Plus (256GB, Green) - Excellent;;;;;0;no_match;;;
GalS20Pls512GBGry-VR-ASN-AU;Samsung Galaxy S20+ Plus (12GB RAM, 512GB, Grey) - Pristine;;;;;0;no_match;;;
GalS22Pls256Grn-VR-ASN-AU;Samsung Galaxy S22 Plus (256GB, Green) - Pristine;;;;;0;no_match;;;
GalxS20Plus128GBBlack-VR-ASN-AU;Samsung Galaxy S20+ Plus 5G (128GB, Black) - Pristine;;;;;0;no_match;;;
GalS22Pls256Blk-RD-VR-EXD-AU;Samsung Galaxy S22 Plus (256GB, Phantom Black) - Excellent;;;;;0;no_match;;;
GalxS20Plus128GBBlue-VR-ASN-AU;Samsung Galaxy S20+ Plus 5G (128GB, Blue) - Pristine;;;;;0;no_match;;;
GalS22Pls256Pnkgld-RD-VR-EXD-AU;Samsung Galaxy S22 Plus (256GB, Pink Gold) - Excellent;;;;;0;no_match;;;
GalxS20Plus128GBGrey-VR-ASN-AU;Samsung Galaxy S20+ Plus 5G (128GB, Grey) - Pristine;;;;;0;no_match;;;
GalS22Pls256Vio-RD-VR-EXD-AU;Samsung Galaxy S22 Plus (256GB, Violet) - Excellent;;;;;0;no_match;;;
GalxS20Plus128GBPnk-VR-ASN-AU;Samsung Galaxy S20+ Plus 5G (128GB, Pink) - Pristine;;;;;0;no_match;;;
GalS22Pls256Wht-RD-VR-EXD-AU;Samsung Galaxy S22 Plus (256GB, White) - Excellent;;;;;0;no_match;;;
GalxS20Plus128GBRedAuStok-VR-ASN-AU;Samsung Galaxy S20+ Plus 5G (128GB, Red) AU - Pristine;;;;;0;no_match;;;
SGalS5LTE16GBBlk-RD-VR-EXD-AU;Samsung Galaxy S5 (16GB, Black) - Excellent;;;;;0;no_match;;;
GalxS21Grey128GB5GDS-VR-ASN-AU;Samsung Galaxy S21 5G (128GB, Grey) - Pristine;;;;;0;no_match;;;
SamS732GBBlk-RD-VR-EXD-AU;Samsung Galaxy S7 (32GB, Black) - Excellent;;;;;0;no_match;;;
GalxS21Pink128GB5GDS-VR-ASN-AU;Samsung Galaxy S21 5G (128GB, Pink) - Pristine;;;;;0;no_match;;;
SamS732GBGld-RD-VR-EXD-AU;Samsung Galaxy S7 (32GB, Gold) - Excellent;;;;;0;no_match;;;
GalxS21Vio128GB5GDS-VR-ASN-AU;Samsung Galaxy S21 5G (128GB, Violet) - Pristine;;;;;0;no_match;;;
SamS732GBSil-RD-VR-EXD-AU;Samsung Galaxy S7 (32GB, Silver) - Excellent;;;;;0;no_match;;;
GalxS21White128GB5GDS-VR-ASN-AU;Samsung Galaxy S21 5G (128GB, White) - Pristine;;;;;0;no_match;;;
GalxS21Grey256GB5GDS-VR-ASN-AU;Samsung Galaxy S21 5G (256GB, Grey) - Pristine;;;;;0;no_match;;;
SGlxS7EDG32GBBlk-RD-VR-EXD-AU;Samsung Galaxy S7 EDGE SM-G935F (32GB, Black) - Excellent;;;;;0;no_match;;;
SGlxS7EDG32GBGld-RD-VR-EXD-AU;Samsung Galaxy S7 EDGE SM-G935F (32GB, Gold) - Excellent;;;;;0;no_match;;;
SGlxS7EDG32GBSlv-RD-VR-EXD-AU;Samsung Galaxy S7 EDGE SM-G935F (32GB, Silver) - Excellent;;;;;0;no_match;;;
GalxS21Pink256GB5GDS-VR-ASN-AU;Samsung Galaxy S21 5G (256GB, Pink) - Pristine;;;;;0;no_match;;;
SamS864GBAuStockBlk-RD-EXD-AU;Samsung Galaxy S8 (64GB, Black) AU - Excellent;;;;;0;no_match;;;
GalxS21Vio256GB5GDS-VR-ASN-AU;Samsung Galaxy S21 5G (256GB, Violet) - Pristine;;;;;0;no_match;;;
SamS864GBBlu-RD-VR-EXD-AU;Samsung Galaxy S8 (64GB, Coral Blue) - Excellent;;;;;0;no_match;;;
GalxS21White256GB5GDS-VR-ASN-AU;Samsung Galaxy S21 5G (256GB, White) - Pristine;;;;;0;no_match;;;
SamS864GBGld-RD-VR-EXD-AU;Samsung Galaxy S8 (64GB, Maple Gold) - Excellent;;;;;0;no_match;;;
SGlxS22Ult1TBGrn-RD-VR-EXD-AU;Samsung Galaxy S22 ULTRA (1TB, Green) - Excellent;;;;;0;no_match;;;
S22Ut5G128GBBlck-RD-VR-EXD-AU;Samsung Galaxy S22 ULTRA 5G (128GB, Black) - Excellent;;;;;0;no_match;;;
SamS864GBGry-RD-VR-EXD-AU;Samsung Galaxy S8 (64GB, Orchid Gray) - Excellent;;;;;0;no_match;;;
GalS21FE5G6R128Lav-VR-ASN-AU;Samsung Galaxy S21 FE 5G (128GB, Lavender) - Pristine;;;;;0;no_match;;;
SamS8Plus64GBGld-RD-VR-EXD-AU;Samsung Galaxy S8+ Plus (64GB, Maple Gold) - Excellent;;;;;0;no_match;;;
GalS21FE5G6R128Oli-VR-ASN-AU;Samsung Galaxy S21 FE 5G (128GB, Olive) - Pristine;;;;;0;no_match;;;
SamS8Plus64GBBlk-RD-VR-EXD-AU;Samsung Galaxy S8+ Plus (64GB, Midnight Black) - Excellent;;;;;0;no_match;;;
GalS21FE5G6R128Wht-VR-ASN-AU;Samsung Galaxy S21 FE 5G (128GB, White) - Pristine;;;;;0;no_match;;;
SamS8Plus64GBGry-RD-VR-EXD-AU;Samsung Galaxy S8+ Plus (64GB, Orchid Gray) - Excellent;;;;;0;no_match;;;
GalS21FE5G6R256Grp-VR-ASN-AU;Samsung Galaxy S21 FE 5G (256GB, Graphite) - Pristine;;;;;0;no_match;;;
GalS21FE5G6R256Lav-VR-ASN-AU;Samsung Galaxy S21 FE 5G (256GB, Lavender) - Pristine;;;;;0;no_match;;;
GalS21FE5G6R256Oli-VR-ASN-AU;Samsung Galaxy S21 FE 5G (256GB, Olive) - Pristine;;;;;0;no_match;;;
GalS21FE5G6R256Wht-VR-ASN-AU;Samsung Galaxy S21 FE 5G (256GB, White) - Pristine;;;;;0;no_match;;;
SamS9256GBBlue-RD-VR-EXD-AU;Samsung Galaxy S9 (256GB, Coral Blue) - Excellent;;;;;0;no_match;;;
SamS9256GBPurple-RD-VR-EXD-AU;Samsung Galaxy S9 (256GB, Lilac Purple) - Excellent;;;;;0;no_match;;;
SamS9256GBBlk-RD-VR-EXD-AU;Samsung Galaxy S9 (256GB, Midnight Black) - Excellent;;;;;0;no_match;;;
GalxS21Ultr5G128GBlck-VR-ASN-AU;Samsung Galaxy S21 Ultra 5G (128GB, Black) - Pristine;;;;;0;no_match;;;
S22Ut5G128GBBgd-RD-VR-EXD-AU;Samsung Galaxy S22 Ultra 5G (128GB, Burgundy) - Excellent;;;;;0;no_match;;;
GalxS21Ultr5GAuStock128GBrwn-VR-ASN-AU;Samsung Galaxy S21 Ultra 5G (128GB, Brown) AU - Pristine;;;;;0;no_match;;;
GalxS21Ultr5GAuStock128GNav-VR-ASN-AU;Samsung Galaxy S21 Ultra 5G (128GB, Navy) AU - Pristine;;;;;0;no_match;;;
SamS964GBBlue-RD-VR-EXD-AU;Samsung Galaxy S9 (64GB, Coral Blue) - Excellent;;;;;0;no_match;;;
S22Ut5G128GBBrgn-VR-ASN-AU;Samsung Galaxy S22 ULTRA 5G (128GB, Burgundy) - Pristine;;;;;0;no_match;;;
GalxS21Ultr5G128GSilv-VR-ASN-AU;Samsung Galaxy S21 Ultra 5G (128GB, Silver) - Pristine;;;;;0;no_match;;;
S22Ut5G128GBGrn-RD-VR-EXD-AU;Samsung Galaxy S22 ULTRA 5G (128GB, Green) - Excellent;;;;;0;no_match;;;
GalxS21Ultr5GAuStock128GBTitan-VR-ASN-AU;Samsung Galaxy S21 Ultra 5G (128GB, Titanium) AU - Pristine;;;;;0;no_match;;;
GalxS21Ultr5G256GBlack-VR-ASN-AU;Samsung Galaxy S21 Ultra 5G (256GB, Black) - Pristine;;;;;0;no_match;;;
GalxS21Ultr5G256GBBrnz-VR-ASN-AU;Samsung Galaxy S21 Ultra 5G (256GB, Bronze) - Pristine;;;;;0;no_match;;;
SamS9Plus256GBBlue-RD-VR-EXD-AU;Samsung Galaxy S9+ Plus (256GB, Coral Blue) - Excellent;;;;;0;no_match;;;
S9Plus256GBGld-RD-VR-EXD-AU;Samsung Galaxy S9+ Plus (256GB, Gold) - Excellent;;;;;0;no_match;;;
GalxS21Ultr5G256GBBrwn-VR-ASN-AU;Samsung Galaxy S21 Ultra 5G (256GB, Brown) - Pristine;;;;;0;no_match;;;
SamS9Plus256GBBlk-RD-VR-EXD-AU;Samsung Galaxy S9+ Plus (256GB, Midnight Black) - Excellent;;;;;0;no_match;;;
SamS9Plus256GBPur-RD-VR-EXD-AU;Samsung Galaxy S9+ Plus (256GB, Purple) - Excellent;;;;;0;no_match;;;
GalxS21Ultr5G256GBNav-VR-ASN-AU;Samsung Galaxy S21 Ultra 5G (256GB, Navy) - Pristine;;;;;0;no_match;;;
GalxS21Ultr5G256GBSIlv-VR-ASN-AU;Samsung Galaxy S21 Ultra 5G (256GB, Silver) - Pristine;;;;;0;no_match;;;
GalxS21Ultr5G256GBTitan-VR-ASN-AU;Samsung Galaxy S21 Ultra 5G (256GB, Titanium) - Pristine;;;;;0;no_match;;;
SamS9Plus64GBGld-RD-VR-EXD-AU;Samsung Galaxy S9+ Plus (64GB, Gold) - Excellent;;;;;0;no_match;;;
GalxS21Ultr5G512GBlck-VR-ASN-AU;Samsung Galaxy S21 Ultra 5G (512GB, Black) - Pristine;;;;;0;no_match;;;
GalxS21Ultr5G512Brwn-VR-ASN-AU;Samsung Galaxy S21 Ultra 5G (512GB, Brown) - Pristine;;;;;0;no_match;;;
S22Ut5G128GBWht-RD-VR-EXD-AU;Samsung Galaxy S22 ULTRA 5G (128GB, White) - Excellent;;;;;0;no_match;;;
SamS9Plus64GBPur-RD-VR-EXD-AU;Samsung Galaxy S9+ Plus (64GB, Purple) - Excellent;;;;;0;no_match;;;
S22Ut5G256GBBlck-RD-VR-EXD-AU;Samsung Galaxy S22 ULTRA 5G (256GB, Black) - Excellent;;;;;0;no_match;;;
TABS7FE64GBBLK-RD-VR-EXD-AU;"Samsung Galaxy Tab S7 FE 12.4"" Wifi (64GB, Black) - Excellent";;;;;0;no_match;;;
TABS7FE64GBSIL-RD-VR-EXD-AU;"Samsung Galaxy Tab S7 FE 12.4"" Wifi (64GB, Silver) - Excellent";;;;;0;no_match;;;
SGlxTabS7Pl128GBBlk-RD-VR-EXD-AU;"Samsung Galaxy Tab S7 Plus SM-T970 12.4"" 5G (128GB, Black) - Excellent";;;;;0;no_match;;;
S22Ut5G256GBBlck-VR-ASN-AU;Samsung Galaxy S22 ULTRA 5G (256GB, Black) - Pristine;;;;;0;no_match;;;
TABS7FEPLS256GBBLK-RD-VR-EXD-AU;"Samsung Galaxy Tab S7 Plus SM-T970 12.4"" 5G (256GB, Black) - Excellent";;;;;0;no_match;;;
S22Ut5G256GBBgd-RD-VR-EXD-AU;Samsung Galaxy S22 ULTRA 5G (256GB, Burgundy) - Excellent;;;;;0;no_match;;;
TABS7PLS128GBWFBRZ-RD-VR-EXD-AU;"Samsung Galaxy Tab S7 Plus SM-T970 12.4"" Wifi (128GB, Bronze) - Excellent";;;;;0;no_match;;;
TABS7PLS128GBWFSIL-RD-VR-EXD-AU;"Samsung Galaxy Tab S7 Plus SM-T970 12.4"" Wifi (128GB, Silver) - Excellent";;;;;0;no_match;;;
TABS7FEPLS256GBWFBLK-RD-VR-EXD-AU;"Samsung Galaxy Tab S7 Plus SM-T970 12.4"" Wifi (256GB, Black) - Excellent";;;;;0;no_match;;;
TABS7FEPLS256GBWFSIL-RD-VR-EXD-AU;"Samsung Galaxy Tab S7 Plus SM-T970 12.4"" Wifi (256GB, Silver) - Excellent";;;;;0;no_match;;;
SMTABS818GBWFGPTAS-RD-VR-EXD-AU;"Samsung Galaxy Tab S8 11"" Wifi (128GB, Graphite) AU - Excellent";;;;;0;no_match;;;
SMTABS818GBWFPGLAS-RD-VR-EXD-AU;"Samsung Galaxy Tab S8 11"" Wifi (128GB, Pink Gold) AU - Excellent";;;;;0;no_match;;;
S22Ut5G256GBBrgn-VR-ASN-AU;Samsung Galaxy S22 ULTRA 5G (256GB, Burgundy) - Pristine;;;;;0;no_match;;;
S22Ut5G256GBGrn-RD-VR-EXD-AU;Samsung Galaxy S22 ULTRA 5G (256GB, Green) - Excellent;;;;;0;no_match;;;
SGlxTabS8Ps124128Slv-RD-VR-EXD-AU;"Samsung Galaxy Tab S8 PLUS 12.4"" Wifi (128GB, Silver) - Excellent";;;;;0;no_match;;;
S22ASUt5G256GBRedDS-RD-VR-EXD-AU;Samsung Galaxy S22 ULTRA 5G (256GB, Red) - Excellent;;;;;0;no_match;;;
SGlxTabS8Ps124256Slv-RD-VR-EXD-AU;"Samsung Galaxy Tab S8 PLUS 12.4"" Wifi (256GB, Silver) - Excellent";;;;;0;no_match;;;
GalxS21Ultr5G512Gry-VR-ASN-AU;Samsung Galaxy S21 Ultra 5G (512GB, Grey) - Pristine;;;;;0;no_match;;;
GalxS21Ultr5G512Navy-VR-ASN-AU;Samsung Galaxy S21 Ultra 5G (512GB, Navy) - Pristine;;;;;0;no_match;;;
GalxS21Ultr5G512Sil-VR-ASN-AU;Samsung Galaxy S21 Ultra 5G (512GB, Silver) - Pristine;;;;;0;no_match;;;
GalxS21Ultr5GAStck512Tnm-VR-ASN-AU;Samsung Galaxy S21 Ultra 5G (512GB, Titanium) AU - Pristine;;;;;0;no_match;;;
GalxS21Plus5G128GBBlck-VR-ASN-AU;Samsung Galaxy S21+ Plus 5G (128GB, Black) - Pristine;;;;;0;no_match;;;
GalxS21Plus5G128GBGld-VR-ASN-AU;Samsung Galaxy S21+ Plus 5G (128GB, Gold) - Pristine;;;;;0;no_match;;;
S22Ut5G256GBWht-RD-VR-EXD-AU;Samsung Galaxy S22 ULTRA 5G (256GB, White) - Excellent;;;;;0;no_match;;;
SamGalWtch4Bth44MMGrn-RD-VR-EXD-AU;Samsung Galaxy Watch 4 (44MM, Green, Bluetooth) - Excellent;;;;;0;no_match;;;
S22Ut5G256GBWht-VR-ASN-AU;Samsung Galaxy S22 ULTRA 5G (256GB, White) - Pristine;;;;;0;no_match;;;
SamGlxS22Ult512Blk-RD-VR-EXD-AU;Samsung Galaxy S22 ULTRA 5G (512GB, Black) - Excellent;;;;;0;no_match;;;
SGlxWtch446MMCCelBlk-RD-VR-EXD-AU;Samsung Galaxy Watch 4 Cellular (46MM, Black) - Excellent;;;;;0;no_match;;;
GalxS21Plus5G128GBPnk-VR-ASN-AU;Samsung Galaxy S21+ Plus 5G (128GB, Pink) - Pristine;;;;;0;no_match;;;
SWTCH544MMGrptAS-RD-VR-EXD-AU;Samsung Galaxy Watch 5 (44MM, Graphite, Aluminum) AU - Excellent;;;;;0;no_match;;;
GalS22Ult512Bur-RD-VR-EXD-AU;Samsung Galaxy S22 ULTRA 5G (512GB, Burgundy) - Excellent;;;;;0;no_match;;;
SamGlxS22Ult512Grn-RD-VR-EXD-AU;Samsung Galaxy S22 ULTRA 5G (512GB, Green) - Excellent;;;;;0;no_match;;;
GalxS21Plus5G128GBRed-VR-ASN-AU;Samsung Galaxy S21+ Plus 5G (128GB, Red) - Pristine;;;;;0;no_match;;;
GalxS21Plus5G128GBSlvr-VR-ASN-AU;Samsung Galaxy S21+ Plus 5G (128GB, Silver) - Pristine;;;;;0;no_match;;;
SGlxW5ProCel45MMSlvAS-RD-VR-EXD-AU;Samsung Galaxy Watch 5 Pro Cellular (45MM, Silver) AU - Excellent;;;;;0;no_match;;;
GalS22Ult512Blk-VR-ASN-AU;Samsung Galaxy S22 Ultra 5G (512GB, Phantom Black) - Pristine;;;;;0;no_match;;;
S235G128GBBlck-RD-VR-EXD-AU;Samsung Galaxy S23 (128GB, Black) - Excellent;;;;;0;no_match;;;
S23AS5G128GBCrmDS-RD-VR-EXD-AU;Samsung Galaxy S23 (128GB, Cream) - Excellent;;;;;0;no_match;;;
S23AS5G128GBGren-RD-VR-EXD-AU;Samsung Galaxy S23 (128GB, Green) - Excellent;;;;;0;no_match;;;
S235G128GBLvndr-RD-VR-EXD-AU;Samsung Galaxy S23 (128GB, Lavender) - Excellent;;;;;0;no_match;;;
S235G128GBBlck-VR-ASN-AU;Samsung Galaxy S23 5G (128GB, Black) - Pristine;;;;;0;no_match;;;
GalxS21Plus5G256GBBlck-VR-ASN-AU;Samsung Galaxy S21+ Plus 5G (256GB, Black) - Pristine;;;;;0;no_match;;;
S23AS5G128GBCrmDS-VR-ASN-AU;Samsung Galaxy S23 5G (128GB, Cream) - Pristine;;;;;0;no_match;;;
GalxS21Plus5G256GBGld-VR-ASN-AU;Samsung Galaxy S21+ Plus 5G (256GB, Gold) - Pristine;;;;;0;no_match;;;
S23AS5G128GBLvnDS-VR-ASN-AU;Samsung Galaxy S23 5G (128GB, Lavender) - Pristine;;;;;0;no_match;;;
GalxS21Plus5G256GBPnk-VR-ASN-AU;Samsung Galaxy S21+ Plus 5G (256GB, Pink) - Pristine;;;;;0;no_match;;;
GalxS21Plus5G256GBPrpl-VR-ASN-AU;Samsung Galaxy S21+ Plus 5G (256GB, Purple) - Pristine;;;;;0;no_match;;;
GalxS21Plus5G256GBRed-VR-ASN-AU;Samsung Galaxy S21+ Plus 5G (256GB, Red) - Pristine;;;;;0;no_match;;;
GlxWAct240MMBthBlk-RD-VR-EXD-AU;Samsung Galaxy Watch Active2 (40MM, Black) - Excellent;;;;;0;no_match;;;
GlxWAct240MMBthGld-RD-VR-EXD-AU;Samsung Galaxy Watch Active2 (40MM, Gold) - Excellent;;;;;0;no_match;;;
GlxWAct244MMBthBlk-RD-VR-EXD-AU;Samsung Galaxy Watch Active2 (44MM, Black) - Excellent;;;;;0;no_match;;;
GlxWAct244MMBthGld-RD-VR-EXD-AU;Samsung Galaxy Watch Active2 (44MM, Gold) - Excellent;;;;;0;no_match;;;
GlxWAct240MMCelBlk-RD-VR-EXD-AU;Samsung Galaxy Watch Active2 Cellular (40MM, Black) - Excellent;;;;;0;no_match;;;
GlxWAct240MMCelGld-RD-VR-EXD-AU;Samsung Galaxy Watch Active2 Cellular (40MM, Gold) - Excellent;;;;;0;no_match;;;
SGlxWGrS346MMBlkAS-RD-VR-EXD-AU;Samsung Galaxy Watch Gear S3 (46MM, Black) AU - Excellent;;;;;0;no_match;;;
GalxS21Plus5G256GBSlvr-VR-ASN-AU;Samsung Galaxy S21+ Plus 5G (256GB, Silver) - Pristine;;;;;0;no_match;;;
SGlxW540MMALPnkAS-RD-VR-EXD-AU;Samsung Galaxy Watch Series 5 Aluminum (40mm, Pink Gold) AU - Excellent;;;;;0;no_match;;;
GalS22128Crm-VR-ASN-AU;Samsung Galaxy S22 (128GB, Cream) - Pristine;;;;;0;no_match;;;
SGlxW540MMALSlvAS-RD-VR-EXD-AU;Samsung Galaxy Watch Series 5 Aluminum (40MM, Silver) AU - Excellent;;;;;0;no_match;;;
GalS22128Grn-VR-ASN-AU;Samsung Galaxy S22 (128GB, Green) - Pristine;;;;;0;no_match;;;
SGlxW640MMASBlk-RD-VR-EXD-AU;Samsung Galaxy Watch Series 6 Alumunium (40MM, Graphite Black) AU - Excellent;;;;;0;no_match;;;
S235G256GBBlck-RD-VR-EXD-AU;Samsung Galaxy S23 5G (256GB, Black) - Excellent;;;;;0;no_match;;;
SGlxW640MMASSlv-RD-VR-EXD-AU;Samsung Galaxy Watch Series 6 Alumunium (40MM, Silver) AU - Excellent;;;;;0;no_match;;;
GalS22128Wht-VR-ASN-AU;Samsung Galaxy S22 (128GB, Phantom White) - Pristine;;;;;0;no_match;;;
S23AS5G256GBCrmDS-RD-VR-EXD-AU;Samsung Galaxy S23 5G (256GB, Cream) - Excellent;;;;;0;no_match;;;
GalS22128Purp-VR-ASN-AU;Samsung Galaxy S22 (128GB, Purple) - Pristine;;;;;0;no_match;;;
SGlxW46MMStnSlvAS-RD-VR-EXD-AU;Samsung Galaxy Watch Stainless Steel (46MM, Silver) AU - Excellent;;;;;0;no_match;;;
GalS22128SkBluAS-VR-ASN-AU;Samsung Galaxy S22 (128GB, Sky Blue) AU - Pristine;;;;;0;no_match;;;
SW3STNCel41MMBlckAS-RD-VR-EXD-AU;Samsung Galaxy Watch3 Cellular Stainless Steel (41MM, Black) AU - Excellent;;;;;0;no_match;;;
GalS22256Blck-VR-ASN-AU;Samsung Galaxy S22 (256GB, Black) - Pristine;;;;;0;no_match;;;
S23AS5G256GBCrmDS-VR-ASN-AU;Samsung Galaxy S23 5G (256GB, Cream) - Pristine;;;;;0;no_match;;;
GalS22256BluAS-VR-ASN-AU;Samsung Galaxy S22 (256GB, Blue) AU - Pristine;;;;;0;no_match;;;
SGlxW345MMSTNBlkAS-RD-VR-EXD-AU;Samsung Galaxy Watch3 Stainless Steel (45MM, Black) AU - Excellent;;;;;0;no_match;;;
GalS22256Grap-VR-ASN-AU;Samsung Galaxy S22 (256GB, Graphite) - Pristine;;;;;0;no_match;;;
S235G256GBGrn-RD-VR-EXD-AU;Samsung Galaxy S23 5G (256GB, Green) - Excellent;;;;;0;no_match;;;
SGlxWtch4Bth40MMPnk-RD-VR-EXD-AU;Samsung Galaxy Watch4 (40MM, Bluetooth, Pink) - Excellent;;;;;0;no_match;;;
S23AS5G256GBGry-RD-VR-EXD-AU;Samsung Galaxy S23 5G (256GB, Grey) AU - Excellent;;;;;0;no_match;;;
S23AS5G256GBLvnDS-RD-VR-EXD-AU;Samsung Galaxy S23 5G (256GB, Lavender) - Excellent;;;;;0;no_match;;;
SGlxWtch442MMCBthSlv-RD-VR-EXD-AU;Samsung Galaxy Watch4 (42MM, Silver) - Excellent;;;;;0;no_match;;;
SWATCH444MMAuSGrn-RD-VR-EXD-AU;Samsung Galaxy Watch4 Aluminum (44mm, Green) AU - Excellent;;;;;0;no_match;;;
SGlxWtch4Cel40MMBlk-RD-VR-EXD-AU;Samsung Galaxy Watch4 Cellular (40MM, Black) - Excellent;;;;;0;no_match;;;
SGlxWtch4Cel40MMGld-RD-VR-EXD-AU;Samsung Galaxy Watch4 Cellular (40MM, Gold) - Excellent;;;;;0;no_match;;;
GalS23FE5G128Crm-VR-ASN-AU;Samsung Galaxy S23 FE (128GB, Cream) - Pristine;;;;;0;no_match;;;
SGlxWtch4Cel40MMSlv-RD-VR-EXD-AU;Samsung Galaxy Watch4 Cellular (40MM, Silver) - Excellent;;;;;0;no_match;;;
SGlxWtch442MMCCelBlk-RD-VR-EXD-AU;Samsung Galaxy Watch4 Cellular (42MM, Black) - Excellent;;;;;0;no_match;;;
SGlxWtch442MMCCelSlv-RD-VR-EXD-AU;Samsung Galaxy Watch4 Cellular (42MM, Silver) - Excellent;;;;;0;no_match;;;
GalS23FE5G128Grp-RD-VR-EXD-AU;Samsung Galaxy S23 FE (128GB, Graphite) - Excellent;;;;;0;no_match;;;
GalS23FE5G128Grp-VR-ASN-AU;Samsung Galaxy S23 FE (128GB, Graphite) - Pristine;;;;;0;no_match;;;
SGlxW4Cel44MMGrn-RD-VR-EXD-AU;Samsung Galaxy Watch4 Cellular (44MM, Green) AU - Excellent;;;;;0;no_match;;;
GalS23FE5G128Indg-RD-VR-EXD-AU;Samsung Galaxy S23 FE (128GB, Indigo) - Excellent;;;;;0;no_match;;;
SGlxWtch4Cel44MMSlv-RD-VR-EXD-AU;Samsung Galaxy Watch4 Cellular (44MM, Silver) - Excellent;;;;;0;no_match;;;
SGlxWatch4Cls42MMBthBlk-RD-VR-EXD-AU;Samsung Galaxy Watch4 Classic (42MM, Black) - Excellent;;;;;0;no_match;;;
GalS23FE5G128Indg-VR-ASN-AU;Samsung Galaxy S23 FE (128GB, Indigo) - Pristine;;;;;0;no_match;;;
SGlxWatch4Cls42MMSlv-RD-VR-EXD-AU;Samsung Galaxy Watch4 Classic (42MM, Silver) - Excellent;;;;;0;no_match;;;
GalS22256Purp-VR-ASN-AU;Samsung Galaxy S22 (256GB, Purple) - Pristine;;;;;0;no_match;;;
SGlxWatch4Cls46MMLTESlv-RD-VR-EXD-AU;Samsung Galaxy Watch4 Classic LTE Cellular (46MM, Silver) - Excellent;;;;;0;no_match;;;
GalS23FE5G128Mnt-RD-VR-EXD-AU;Samsung Galaxy S23 FE (128GB, Mint) - Excellent;;;;;0;no_match;;;
SGlxWtch540MMPnk-RD-VR-EXD-AU;Samsung Galaxy Watch5 (40MM, Pink Gold) - Excellent;;;;;0;no_match;;;
SGlxWtch540MMSlv-RD-VR-EXD-AU;Samsung Galaxy Watch5 (40MM, Silver) - Excellent;;;;;0;no_match;;;
SGlxWtch544MMBlk-RD-VR-EXD-AU;Samsung Galaxy Watch5 (44MM, Black Graphite) - Excellent;;;;;0;no_match;;;
GalS23FE5G128Mnt-VR-ASN-AU;Samsung Galaxy S23 FE (128GB, Mint) - Pristine;;;;;0;no_match;;;
GalS23FE5G128Purp-RD-VR-EXD-AU;Samsung Galaxy S23 FE (128GB, Purple) - Excellent;;;;;0;no_match;;;
GalS23FE5G128Purp-VR-ASN-AU;Samsung Galaxy S23 FE (128GB, Purple) - Pristine;;;;;0;no_match;;;
SGlxWtch540MMLTEPnk-RD-VR-EXD-AU;Samsung Galaxy Watch5 LTE (40MM, Pink Gold) - Excellent;;;;;0;no_match;;;
SGlxWtch540MMLTESlv-RD-VR-EXD-AU;Samsung Galaxy Watch5 LTE (40MM, Silver) - Excellent;;;;;0;no_match;;;
SGlxWtch544MMLTEBlu-RD-VR-EXD-AU;Samsung Galaxy Watch5 LTE (44MM, Blue Sapphire) - Excellent;;;;;0;no_match;;;
SGlxWtch544MMLTEGpt-RD-VR-EXD-AU;Samsung Galaxy Watch5 LTE (44MM, Graphite) - Excellent;;;;;0;no_match;;;
SGlxS23FE256GBGpt-RD-VR-EXD-AU;Samsung Galaxy S23 FE (256GB, Graphite) - Excellent;;;;;0;no_match;;;
SGlxW5Pro45MMBlk-RD-VR-EXD-AU;Samsung Galaxy Watch5 Pro Titanium (45MM, Black) - Excellent;;;;;0;no_match;;;
GalS22Pls128Blu-VR-ASN-AU;Samsung Galaxy S22 Plus (128GB, Blue) - Pristine;;;;;0;no_match;;;
SGlxW5Pro45MMGRY-RD-VR-EXD-AU;Samsung Galaxy Watch5 Pro Titanium (45MM, Gray) - Excellent;;;;;0;no_match;;;
GalS22Pls128Crm-VR-ASN-AU;Samsung Galaxy S22 Plus (128GB, Cream) - Pristine;;;;;0;no_match;;;
SamgalZflp256GBblck-RD-EXD-AU;Samsung Galaxy Z Flip (256GB, Black) - Excellent;;;;;0;no_match;;;
GalS22Pls128GryAS-VR-ASN-AU;Samsung Galaxy S22 Plus (128GB, Gray) AU - Pristine;;;;;0;no_match;;;
GalZF256Purp-RD-VR-EXD-AU;Samsung Galaxy Z Flip (256GB, Purple) - Excellent;;;;;0;no_match;;;
GalS22Pls128Grn-VR-ASN-AU;Samsung Galaxy S22 Plus (128GB, Green) - Pristine;;;;;0;no_match;;;
GalZF3128Blk-RD-VR-EXD-AU;Samsung Galaxy Z Flip 3 5G (128GB, Black) - Excellent;;;;;0;no_match;;;
GalZF3128Crm-RD-VR-EXD-AU;Samsung Galaxy Z Flip 3 5G (128GB, Cream) - Excellent;;;;;0;no_match;;;
GalS23FE5G256Grp-VR-ASN-AU;Samsung Galaxy S23 FE (256GB, Graphite) - Pristine;;;;;0;no_match;;;
GalZF3128Grn-RD-VR-EXD-AU;Samsung Galaxy Z Flip 3 5G (128GB, Green) - Excellent;;;;;0;no_match;;;
GalS23FE5G256iND-VR-ASN-AU;Samsung Galaxy S23 FE (256GB, Indigo) - Pristine;;;;;0;no_match;;;
GalZF3128Lvndr-RD-VR-EXD-AU;Samsung Galaxy Z Flip 3 5G (128GB, Lavender) - Excellent;;;;;0;no_match;;;
GalS22Pls128VioAS-VR-ASN-AU;Samsung Galaxy S22 Plus (128GB, Violet) AU - Pristine;;;;;0;no_match;;;
GalS22Pls128Wht-VR-ASN-AU;Samsung Galaxy S22 Plus (128GB, White) - Pristine;;;;;0;no_match;;;
GalZF3128Pink-RD-VR-EXD-AU;Samsung Galaxy Z Flip 3 5G (128GB, Pink) - Excellent;;;;;0;no_match;;;
GalS22Pls256Blu-VR-ASN-AU;Samsung Galaxy S22 Plus (256GB, Blue) - Pristine;;;;;0;no_match;;;
GalZF3256BLWT-RD-VR-EXD-AU;Samsung Galaxy Z Flip 3 5G (256GB, Blue White) - Excellent;;;;;0;no_match;;;
GalS22Pls256Crm-VR-ASN-AU;Samsung Galaxy S22 Plus (256GB, Cream) - Pristine;;;;;0;no_match;;;
GalZF3256Cswd-RD-VR-EXD-AU;Samsung Galaxy Z Flip 3 5G (256GB, Cream Silver White) - Excellent;;;;;0;no_match;;;
GalS22Pls256GryAS-VR-ASN-AU;Samsung Galaxy S22 Plus (256GB, Gray) AU - Pristine;;;;;0;no_match;;;
GalZF3256Crm-RD-VR-EXD-AU;Samsung Galaxy Z Flip 3 5G (256GB, Cream) - Excellent;;;;;0;no_match;;;
GalS23FE5G256Mnt-VR-ASN-AU;Samsung Galaxy S23 FE (256GB, Mint) - Pristine;;;;;0;no_match;;;
GalS23FE5G256MntAS-RD-VR-EXD-AU;Samsung Galaxy S23 FE (256GB, Mint) AU - Excellent;;;;;0;no_match;;;
GalS22Pls256Blk-VR-ASN-AU;Samsung Galaxy S22 Plus (256GB, Phantom Black) - Pristine;;;;;0;error;"page.goto: Timeout 30000ms exceeded.
Call log:
  - navigating to ""https://reebelo.com.au/collections/galaxy-s22-5g?skuId=sku-mnpqv7khK4UH1PAt9ScnFiF"", waiting until ""domcontentloaded""
";;
SGlxS23FE256GBPrp-RD-VR-EXD-AU;Samsung Galaxy S23 FE (256GB, Purple) - Excellent;;;;;0;no_match;;;
GalS22Pls256Pnkgld-VR-ASN-AU;Samsung Galaxy S22 Plus (256GB, Pink Gold) - Pristine;;;;;0;no_match;;;
GalZF3256Grn-RD-VR-EXD-AU;Samsung Galaxy Z Flip 3 5G (256GB, Phantom Green) - Excellent;;;;;0;no_match;;;
GalS22Pls256Vio-VR-ASN-AU;Samsung Galaxy S22 Plus (256GB, Violet) - Pristine;;;;;0;no_match;;;
GalZF3256Pslv-RD-VR-EXD-AU;Samsung Galaxy Z Flip 3 5G (256GB, Pink Silver) - Excellent;;;;;0;no_match;;;
GalS22Pls256Wht-VR-ASN-AU;Samsung Galaxy S22 Plus (256GB, White) - Pristine;;;;;0;no_match;;;
SamGlxZFlip45G128GBBlu-RD-VR-EXD-AU;Samsung Galaxy Z Flip 4 5G (128GB, Blue) - Excellent;;;;;0;no_match;;;
S22Ut5G128GBBlck-VR-ASN-AU;Samsung Galaxy S22 ULTRA 5G (128GB, Black) - Pristine;;;;;0;no_match;;;
SamGlxZFlip45G128GBPrp-RD-VR-EXD-AU;Samsung Galaxy Z Flip 4 5G (128GB, Bora Purple) - Excellent;;;;;0;no_match;;;
SamGlxZFlip45G128GBGpt-RD-VR-EXD-AU;Samsung Galaxy Z Flip 4 5G (128GB, Graphite) - Excellent;;;;;0;no_match;;;
S22ASUt5G128GBBlue-VR-ASN-AU;Samsung Galaxy S22 ULTRA 5G (128GB, Blue) AU - Pristine;;;;;0;no_match;;;
SamGlxZFlip45G128GBPnk-RD-VR-EXD-AU;Samsung Galaxy Z Flip 4 5G (128GB, Pink Gold) - Excellent;;;;;0;no_match;;;
S23PLS5G256GBCrm-VR-ASN-AU;Samsung Galaxy S23 Plus 5G (256GB, Cream)  - Pristine;;;;;0;no_match;;;
S22Ut5G128GBGrpht-VR-ASN-AU;Samsung Galaxy S22 ULTRA 5G (128GB, Graphite) - Pristine;;;;;0;no_match;;;
SamGlxZFlip45G256GBBlu-RD-VR-EXD-AU;Samsung Galaxy Z Flip 4 5G (256GB, Blue) - Excellent;;;;;0;no_match;;;
S22Ut5G128GBGrn-VR-ASN-AU;Samsung Galaxy S22 ULTRA 5G (128GB, Green) - Pristine;;;;;0;no_match;;;
SamGlxZFlip45G256GBPrp-RD-VR-EXD-AU;Samsung Galaxy Z Flip 4 5G (256GB, Bora Purple) - Excellent;;;;;0;no_match;;;
S22Ut5G128GBRed-VR-ASN-AU;Samsung Galaxy S22 ULTRA 5G (128GB, Red) - Pristine;;;;;0;no_match;;;
SamGlxZFlip45G256GBGpt-RD-VR-EXD-AU;Samsung Galaxy Z Flip 4 5G (256GB, Graphite) - Excellent;;;;;0;no_match;;;
S22Ut5G128GBWht-VR-ASN-AU;Samsung Galaxy S22 ULTRA 5G (128GB, White) - Pristine;;;;;0;no_match;;;
SamGlxZFlip45G256GBPnk-RD-VR-EXD-AU;Samsung Galaxy Z Flip 4 5G (256GB, Pink Gold) - Excellent;;;;;0;no_match;;;
S22Ut5G1TBBrgn-VR-ASN-AU;Samsung Galaxy S22 ULTRA 5G (1TB, Burgundy) - Pristine;;;;;0;no_match;;;
SGZFlip45G256GBWht-RD-VR-EXD-AU;Samsung Galaxy Z Flip 4 5G (256GB, White) - Excellent;;;;;0;no_match;;;
S22ASUt5G1TBBrgn-VR-ASN-AU;Samsung Galaxy S22 ULTRA 5G (1TB, Burgundy) AU - Pristine;;;;;0;no_match;;;
SamGlxZFlip4512GBBlu-RD-VR-EXD-AU;Samsung Galaxy Z Flip 4 5G (512GB, Blue) - Excellent;;;;;0;no_match;;;
S22Ut5G1TBGrpt-VR-ASN-AU;Samsung Galaxy S22 ULTRA 5G (1TB, Graphite) - Pristine;;;;;0;no_match;;;
SamGlxZFlip4512GBPrp-RD-VR-EXD-AU;Samsung Galaxy Z Flip 4 5G (512GB, Bora Purple) - Excellent;;;;;0;no_match;;;
S22Ut5G1TBGrn-VR-ASN-AU;Samsung Galaxy S22 ULTRA 5G (1TB, Green) - Pristine;;;;;0;no_match;;;
SamGlxZFlip4512GBGrp-RD-VR-EXD-AU;Samsung Galaxy Z Flip 4 5G (512GB, Graphite) - Excellent;;;;;0;no_match;;;
S22ASUt5G1TBGrn-VR-ASN-AU;Samsung Galaxy S22 ULTRA 5G (1TB, Green) AU - Pristine;;;;;0;no_match;;;
S23PLSAS5G256GBCrem-RD-VR-EXD-AU;Samsung Galaxy S23 Plus 5G (256GB, Cream) - Excellent;;;;;0;no_match;;;
S22Ut5G1TBBlk-VR-ASN-AU;Samsung Galaxy S22 ULTRA 5G (1TB, Phantom Black) - Pristine;;;;;0;no_match;;;
SGlxZFlip5256GBBlu-RD-VR-EXD-AU;Samsung Galaxy Z Flip 5 5G (256GB, Blue) - Excellent;;;;;0;no_match;;;
S22ASUt5G1TBBlk-VR-ASN-AU;Samsung Galaxy S22 ULTRA 5G (1TB, Phantom Black) AU - Pristine;;;;;0;no_match;;;
SGlxZFlip5256GBCRM-RD-VR-EXD-AU;Samsung Galaxy Z Flip 5 5G (256GB, Cream) - Excellent;;;;;0;no_match;;;
S22Ut5G1TBWht-VR-ASN-AU;Samsung Galaxy S22 ULTRA 5G (1TB, White) - Pristine;;;;;0;no_match;;;
SGlxZFlip5256GBCrmAS-RD-VR-EXD-AU;Samsung Galaxy Z Flip 5 5G (256GB, Cream) AU - Excellent;;;;;0;no_match;;;
S22ASUt5G1TBWht-VR-ASN-AU;Samsung Galaxy S22 ULTRA 5G (1TB, White) AU - Pristine;;;;;0;no_match;;;
S23PLS5G256GBGrn-VR-ASN-AU;Samsung Galaxy S23 Plus 5G (256GB, Green)  - Pristine;;;;;0;no_match;;;
S23PLS5G256GBGrn-RD-VR-EXD-AU;Samsung Galaxy S23 Plus 5G (256GB, Green) - Excellent;;;;;0;no_match;;;
S23PLS5G256GBLvndr-VR-ASN-AU;Samsung Galaxy S23 Plus 5G (256GB, Lavender)  - Pristine;;;;;0;no_match;;;
S22Ut5G256GBBlue-VR-ASN-AU;Samsung Galaxy S22 ULTRA 5G (256GB, Blue) - Pristine;;;;;0;no_match;;;
S23PLSAS5G256GBLvendr-RD-VR-EXD-AU;Samsung Galaxy S23 Plus 5G (256GB, Lavender) - Excellent;;;;;0;no_match;;;
S23PLS5G256GBBlck-VR-ASN-AU;Samsung Galaxy S23 Plus 5G (256GB, Phantom Black)  - Pristine;;;;;0;no_match;;;
S23PLS5G256GBBlck-RD-VR-EXD-AU;Samsung Galaxy S23 Plus 5G (256GB, Phantom Black) - Excellent;;;;;0;no_match;;;
S22Ut5G256GBGrpht-VR-ASN-AU;Samsung Galaxy S22 ULTRA 5G (256GB, Graphite) - Pristine;;;;;0;no_match;;;
S23PLSAS5G512GBGpt-RD-VR-EXD-AU;Samsung Galaxy S23 Plus 5G (512GB, Graphite) AU - Excellent;;;;;0;no_match;;;
S22Ut5G256GBGrn-VR-ASN-AU;Samsung Galaxy S22 ULTRA 5G (256GB, Green) - Pristine;;;;;0;no_match;;;
S23PLSAS5G512GBGren-RD-VR-EXD-AU;Samsung Galaxy S23 Plus 5G (512GB, Green) - Excellent;;;;;0;no_match;;;
S22Ut5G256GBRed-VR-ASN-AU;Samsung Galaxy S22 ULTRA 5G (256GB, Red) - Pristine;;;;;0;no_match;;;
S23PLSAS5G512GBLavndr-RD-VR-EXD-AU;Samsung Galaxy S23 Plus 5G (512GB, Lavender) - Excellent;;;;;0;no_match;;;
S23PLS5G512GBLvndr-VR-ASN-AU;Samsung Galaxy S23 Plus 5G (512GB, Lavender) - Pristine;;;;;0;no_match;;;
S23PLSAS5G512GBBlack-RD-VR-EXD-AU;Samsung Galaxy S23 Plus 5G (512GB, Phantom Black) - Excellent;;;;;0;no_match;;;
GalS22Ult512Blue-VR-ASN-AU;Samsung Galaxy S22 Ultra 5G (512GB, Blue) - Pristine;;;;;0;no_match;;;
S23Ut5G1TBBlck-RD-VR-EXD-AU;Samsung Galaxy S23 ULTRA 5G (1TB, Black) - Excellent;;;;;0;no_match;;;
GalS22Ult512Bur-VR-ASN-AU;Samsung Galaxy S22 Ultra 5G (512GB, Burgundy) - Pristine;;;;;0;no_match;;;
S23Ut5G1TBLvndr-VR-ASN-AU;Samsung Galaxy S23 ULTRA 5G (1TB, Lavender)  - Pristine;;;;;0;no_match;;;
GalS22Ult512Grpht-VR-ASN-AU;Samsung Galaxy S22 Ultra 5G (512GB, Graphite) - Pristine;;;;;0;no_match;;;
S23ASUt5G256GBBlcak-VR-ASN-AU;Samsung Galaxy S23 ULTRA 5G (256GB, Black) - Pristine;;;;;0;no_match;;;
GalS22Ult512Grn-VR-ASN-AU;Samsung Galaxy S22 Ultra 5G (512GB, Green) - Pristine;;;;;0;no_match;;;
S23ASUt5G256GBCrem-VR-ASN-AU;Samsung Galaxy S23 ULTRA 5G (256GB, Cream) - Pristine;;;;;0;no_match;;;
S23ASUt5G256GBGrp-VR-ASN-AU;Samsung Galaxy S23 ULTRA 5G (256GB, Graphite) AU - Pristine;;;;;0;no_match;;;
S23ASUt5G256GBGren-VR-ASN-AU;Samsung Galaxy S23 ULTRA 5G (256GB, Green) - Pristine;;;;;0;no_match;;;
S23ASUt5G256GBLvendr-VR-ASN-AU;Samsung Galaxy S23 ULTRA 5G (256GB, Lavender) - Pristine;;;;;0;no_match;;;
S23Ut5G512GBBlck-RD-VR-EXD-AU;Samsung Galaxy S23 ULTRA 5G (512GB, Black) - Excellent;;;;;0;no_match;;;
GalS22Ult512RedAstk-VR-ASN-AU;Samsung Galaxy S22 Ultra 5G (512GB, Red) AU - Pristine;;;;;0;no_match;;;
GalS22Ult512Wht-VR-ASN-AU;Samsung Galaxy S22 Ultra 5G (512GB, White) - Pristine;;;;;0;no_match;;;
S23ASUt5G512GBBlack-VR-ASN-AU;Samsung Galaxy S23 ULTRA 5G (512GB, Black) - Pristine;;;;;0;no_match;;;
S23ASUt5G512GBBlue-VR-ASN-AU;Samsung Galaxy S23 ULTRA 5G (512GB, Blue) - Pristine;;;;;0;no_match;;;
S23AS5G128GBGptDS-VR-ASN-AU;Samsung Galaxy S23 5G (128GB, Graphite) - Pristine;;;;;0;no_match;;;
S235G128GBGrn-VR-ASN-AU;Samsung Galaxy S23 5G (128GB, Green) - Pristine;;;;;0;no_match;;;
S23AS5G128GBGry-VR-ASN-AU;Samsung Galaxy S23 5G (128GB, Grey) AU - Pristine;;;;;0;no_match;;;
S23ASUt5G512GBCrem-RD-VR-EXD-AU;Samsung Galaxy S23 ULTRA 5G (512GB, Cream) - Excellent;;;;;0;no_match;;;
S23AS5G128GBLme-VR-ASN-AU;Samsung Galaxy S23 5G (128GB, Lime) AU - Pristine;;;;;0;no_match;;;
S235G256GBBlck-VR-ASN-AU;Samsung Galaxy S23 5G (256GB, Black)  - Pristine;;;;;0;no_match;;;
S23ASUt5G512GBCrem-VR-ASN-AU;Samsung Galaxy S23 ULTRA 5G (512GB, Cream) - Pristine;;;;;0;no_match;;;
SGZFold25G256GBBlck-RD-VR-EXD-AU;Samsung Galaxy Z Fold 2 5G (256GB, Black) - Excellent;;;;;0;no_match;;;
S235G256GBGrn-VR-ASN-AU;Samsung Galaxy S23 5G (256GB, Green) - Pristine;;;;;0;no_match;;;
SGZFold25G256GBBrnz-RD-VR-EXD-AU;Samsung Galaxy Z Fold 2 5G (256GB, Bronze) - Excellent;;;;;0;no_match;;;
S23AS5G256GBGry-VR-ASN-AU;Samsung Galaxy S23 5G (256GB, Grey) AU - Pristine;;;;;0;no_match;;;
S23AS5G256GBLvnDS-VR-ASN-AU;Samsung Galaxy S23 5G (256GB, Lavender) - Pristine;;;;;0;no_match;;;
Zfld35G256GBBlk-RD-VR-EXD-AU;Samsung Galaxy Z Fold 3 5G (256GB, Black) - Excellent;;;;;0;no_match;;;
Zfld35G256GBGrn-RD-VR-EXD-AU;Samsung Galaxy Z Fold 3 5G (256GB, Green) - Excellent;;;;;0;no_match;;;
S23ASUt5G512GBGpt-RD-VR-EXD-AU;Samsung Galaxy S23 ULTRA 5G (512GB, Graphite) AU - Excellent;;;;;0;no_match;;;
S23ASUt5G512GBGren-RD-VR-EXD-AU;Samsung Galaxy S23 ULTRA 5G (512GB, Green) - Excellent;;;;;0;no_match;;;
S23ASUt5G512GBGren-VR-ASN-AU;Samsung Galaxy S23 ULTRA 5G (512GB, Green) - Pristine;;;;;0;no_match;;;
Zfld35G256GBSil-RD-VR-EXD-AU;Samsung Galaxy Z Fold 3 5G (256GB, Silver) - Excellent;;;;;0;no_match;;;
S23Ut5G512GBLvndr-RD-VR-EXD-AU;Samsung Galaxy S23 ULTRA 5G (512GB, Lavender) - Excellent;;;;;0;no_match;;;
S23ASUt5G512GBLvendr-VR-ASN-AU;Samsung Galaxy S23 ULTRA 5G (512GB, Lavender) - Pristine;;;;;0;no_match;;;
GalS248256Ylw-RD-VR-EXD-AU;Samsung Galaxy S24 5G (256GB, Amber Yellow) - Excellent;;;;;0;no_match;;;
GalS248256Ylw-VR-ASN-AU;Samsung Galaxy S24 5G (256GB, Amber Yellow) - Pristine;;;;;0;no_match;;;
GalS23FE5G128Tng-VR-ASN-AU;Samsung Galaxy S23 FE (128GB, Tangerine) - Pristine;;;;;0;no_match;;;
ZFld3512GBSil-RD-VR-EXD-AU;Samsung Galaxy Z Fold 3 5G (512GB, Silver) - Excellent;;;;;0;no_match;;;
GalS248256Vio-RD-VR-EXD-AU;Samsung Galaxy S24 5G (256GB, Cobalt Violet) - Excellent;;;;;0;no_match;;;
GalS23FE5G256Crm-VR-ASN-AU;Samsung Galaxy S23 FE (256GB, Cream) - Pristine;;;;;0;no_match;;;
SamGlxZFold45G1TBGrn-RD-VR-EXD-AU;Samsung Galaxy Z Fold 4 5G (1TB, Graygreen) - Excellent;;;;;0;no_match;;;
GalS248256Vio-VR-ASN-AU;Samsung Galaxy S24 5G (256GB, Cobalt Violet) - Pristine;;;;;0;no_match;;;
SamGlxZFold45G1TBBlk-RD-VR-EXD-AU;Samsung Galaxy Z Fold 4 5G (1TB, Phantom Black) - Excellent;;;;;0;no_match;;;
GalS23FE5G256GrpAS-VR-ASN-AU;Samsung Galaxy S23 FE (256GB, Graphite) AU - Pristine;;;;;0;no_match;;;
SamGlxZFold45G256GBBei-RD-VR-EXD-AU;Samsung Galaxy Z Fold 4 5G (256GB, Beige) - Excellent;https://reebelo.com.au/collections/samsung-galaxy-z-fold-4?skuId=sku-mnqydgp6fT217ZF90JgVDVe;256GB, 256 GB | Phantom Black;677.99;Galaxy Z Fold4 - 256GB - Phantom Black;1;matched;;Very Good;https://reebelo.com.au/collections/samsung-galaxy-z-fold-4?skuId=sku-mnqydgp6fT217ZF90JgVDVe
GalS248256Gry-RD-VR-EXD-AU;Samsung Galaxy S24 5G (256GB, Marble Grey) - Excellent;;;;;0;no_match;;;
SamGlxZFold45G256GBBGNAS-RD-VR-EXD-AU;Samsung Galaxy Z Fold 4 5G (256GB, Burgundy) AU - Excellent;https://reebelo.com.au/collections/samsung-galaxy-z-fold-4?skuId=sku-mnqydgp6fT217ZF90JgVDVe;256GB, 256 GB | Phantom Black;677.99;Galaxy Z Fold4 - 256GB - Phantom Black;1;matched;;Very Good;https://reebelo.com.au/collections/samsung-galaxy-z-fold-4?skuId=sku-mnqydgp6fT217ZF90JgVDVe
GalS23FE5G256iNDAS-VR-ASN-AU;Samsung Galaxy S23 FE (256GB, Indigo) AU - Pristine;;;;;0;no_match;;;
GalS248256Gry-VR-ASN-AU;Samsung Galaxy S24 5G (256GB, Marble Grey) - Pristine;;;;;0;no_match;;;
SamGlxZFold45G256GBGrn-RD-VR-EXD-AU;Samsung Galaxy Z Fold 4 5G (256GB, Green) - Excellent;;;;;0;no_match;;;
GalS248256Blk-RD-VR-EXD-AU;Samsung Galaxy S24 5G (256GB, Onyx Black) - Excellent;;;;;0;no_match;;;
GalS23FE5G256MntAS-VR-ASN-AU;Samsung Galaxy S23 FE (256GB, Mint) AU - Pristine;;;;;0;no_match;;;
SamGlxZFold45G512GBbEI-RD-VR-EXD-AU;Samsung Galaxy Z Fold 4 5G (512GB, Beige) - Excellent;;;;;0;no_match;;;
GalS23FE5G256Purp-VR-ASN-AU;Samsung Galaxy S23 FE (256GB, Purple) - Pristine;;;;;0;no_match;;;
SamGlxZFold45G512GBBur-RD-VR-EXD-AU;Samsung Galaxy Z Fold 4 5G (512GB, Burgundy) - Excellent;;;;;0;no_match;;;
GalS23FE5G256Tang-VR-ASN-AU;Samsung Galaxy S23 FE (256GB, Tangerine) - Pristine;;;;;0;no_match;;;
GalS248256Blk-VR-ASN-AU;Samsung Galaxy S24 5G (256GB, Onyx Black) - Pristine;;;;;0;no_match;;;
SamGlxZFold45G512GBGrn-RD-VR-EXD-AU;Samsung Galaxy Z Fold 4 5G (512GB, Green) - Excellent;;;;;0;no_match;;;
SamGlxZFold45G512GBBlk-RD-VR-EXD-AU;Samsung Galaxy Z Fold 4 5G (512GB, Phantom Black) - Excellent;;;;;0;no_match;;;
S23PLS5G256GBGrp-VR-ASN-AU;Samsung Galaxy S23 Plus 5G (256GB, Graphite)  - Pristine;;;;;0;no_match;;;
SGlxZFld51TBBlu-RD-VR-EXD-AU;Samsung Galaxy Z Fold 5 (1TB, Blue) - Excellent;;;;;0;no_match;;;
SGlxZFld51TBCrm-RD-VR-EXD-AU;Samsung Galaxy Z Fold 5 (1TB, Cream) - Excellent;;;;;0;no_match;;;
SGlxZFld51TBGry-RD-VR-EXD-AU;Samsung Galaxy Z Fold 5 (1TB, Grey) - Excellent;;;;;0;no_match;;;
SGalxS24Org256GB-RD-VR-EXD-AU;Samsung Galaxy S24 5G (256GB, Sandstone Orange) - Excellent;;;;;0;no_match;;;
SGalxS24Org256GB-VR-ASN-AU;Samsung Galaxy S24 5G (256GB, Sandstone Orange) - Pristine;;;;;0;no_match;;;
SMZFold5256GBBlu-RD-VR-EXD-AU;Samsung Galaxy Z Fold 5 (256GB, Blue) - Excellent;;;;;0;no_match;;;
GalS248256BLUAS-RD-VR-EXD-AU;Samsung Galaxy S24 5G (256GB, Sapphire Blue) AU - Excellent;;;;;0;no_match;;;
SMZFold5256GBCrm-RD-VR-EXD-AU;Samsung Galaxy Z Fold 5 (256GB, Cream) - Excellent;;;;;0;no_match;;;
S23PLSAS5G256GBLme-VR-ASN-AU;Samsung Galaxy S23 Plus 5G (256GB, Lime) AU - Pristine;;;;;0;no_match;;;
GalS248256BLUAS-VR-ASN-AU;Samsung Galaxy S24 5G (256GB, Sapphire Blue) AU - Pristine;;;;;0;no_match;;;
GalS248512Ylw-RD-VR-EXD-AU;Samsung Galaxy S24 5G (512GB, Amber Yellow) - Excellent;;;;;0;no_match;;;
SMZFold5256GBiBlu-RD-VR-EXD-AU;Samsung Galaxy Z Fold 5 (256GB, Ice Blue) - Excellent;;;;;0;no_match;;;
S23PLS5G512GBCrm-VR-ASN-AU;Samsung Galaxy S23 Plus 5G (512GB, Cream) - Pristine;;;;;0;no_match;;;
GalS248512Ylw-VR-ASN-AU;Samsung Galaxy S24 5G (512GB, Amber Yellow) - Pristine;;;;;0;no_match;;;
S23PLSAS5G512GBGpt-VR-ASN-AU;Samsung Galaxy S23 Plus 5G (512GB, Graphite) AU - Pristine;;;;;0;no_match;;;
GalS248512Vio-RD-VR-EXD-AU;Samsung Galaxy S24 5G (512GB, Cobalt Violet) - Excellent;;;;;0;no_match;;;
S23PLS5G512GBGrn-VR-ASN-AU;Samsung Galaxy S23 Plus 5G (512GB, Green) - Pristine;;;;;0;no_match;;;
GalS248512Vio-VR-ASN-AU;Samsung Galaxy S24 5G (512GB, Cobalt Violet) - Pristine;;;;;0;no_match;;;
GalS248512Gry-RD-VR-EXD-AU;Samsung Galaxy S24 5G (512GB, Marble Grey) - Excellent;;;;;0;no_match;;;
SMZFold5512GBGryAS-RD-VR-EXD-AU;Samsung Galaxy Z Fold 5 (512GB, Grey) AU - Excellent;;;;;0;no_match;;;
S23PLS5G512GBBlck-VR-ASN-AU;Samsung Galaxy S23 Plus 5G (512GB, Phantom Black) - Pristine;;;;;0;no_match;;;
GalS248512Gry-VR-ASN-AU;Samsung Galaxy S24 5G (512GB, Marble Grey) - Pristine;;;;;0;no_match;;;
S23Ut5G1TBBlck-VR-ASN-AU;Samsung Galaxy S23 ULTRA 5G (1TB, Black)  - Pristine;;;;;0;no_match;;;
GalS248512Blk-RD-VR-EXD-AU;Samsung Galaxy S24 5G (512GB, Onyx Black) - Excellent;;;;;0;no_match;;;
S23ASUt5G1TBBlu-VR-ASN-AU;Samsung Galaxy S23 ULTRA 5G (1TB, Blue) AU - Pristine;;;;;0;no_match;;;
S23Ut5G1TBCrm-VR-ASN-AU;Samsung Galaxy S23 ULTRA 5G (1TB, Cream)  - Pristine;;;;;0;no_match;;;
S23ASUt5G1TBGry-VR-ASN-AU;Samsung Galaxy S23 ULTRA 5G (1TB, Gray) AU - Pristine;;;;;0;no_match;;;
S23Ut5G1TBGrn-VR-ASN-AU;Samsung Galaxy S23 ULTRA 5G (1TB, Green)  - Pristine;;;;;0;no_match;;;
GalS248512Blk-VR-ASN-AU;Samsung Galaxy S24 5G (512GB, Onyx Black) - Pristine;;;;;0;no_match;;;
GalS248512Blu-RD-VR-EXD-AU;Samsung Galaxy S24 5G (512GB, Sapphire Blue) - Excellent;;;;;0;no_match;;;
SMFLD61TBBlk-RD-VR-EXD-AU;Samsung Galaxy Z Fold 6 (1TB, Black) - Excellent;;;;;0;no_match;;;
S23ASUt5G1TBLme-VR-ASN-AU;Samsung Galaxy S23 ULTRA 5G (1TB, Lime) AU - Pristine;;;;;0;no_match;;;
SMFLD61TBNvy-RD-VR-EXD-AU;Samsung Galaxy Z Fold 6 (1TB, Navy) - Excellent;;;;;0;no_match;;;
S23ASUt5G1TBRed-VR-ASN-AU;Samsung Galaxy S23 ULTRA 5G (1TB, Red) AU - Pristine;;;;;0;no_match;;;
SMFLD61TBPnk-RD-VR-EXD-AU;Samsung Galaxy Z Fold 6 (1TB, Pink) - Excellent;;;;;0;no_match;;;
GalS248512Blu-VR-ASN-AU;Samsung Galaxy S24 5G (512GB, Sapphire Blue) - Pristine;;;;;0;no_match;;;
SMFLD61TBSlv-RD-VR-EXD-AU;Samsung Galaxy Z Fold 6 (1TB, Silver) - Excellent;;;;;0;no_match;;;
S23ASUt5G256GBBlue-VR-ASN-AU;Samsung Galaxy S23 ULTRA 5G (256GB, Blue) - Pristine;;;;;0;no_match;;;
GalS24FE128Blue-RD-VR-EXD-AU;Samsung Galaxy S24 FE 5G (128GB, Blue) - Excellent;;;;;0;no_match;;;
GalS24FE128Blue-VR-ASN-AU;Samsung Galaxy S24 FE 5G (128GB, Blue) - Pristine;;;;;0;no_match;;;
GalS24FE128Grap-RD-VR-EXD-AU;Samsung Galaxy S24 FE 5G (128GB, Graphite) - Excellent;;;;;0;no_match;;;
GalS24FE128Grap-VR-ASN-AU;Samsung Galaxy S24 FE 5G (128GB, Graphite) - Pristine;;;;;0;no_match;;;
GalS24FE128Mint-RD-VR-EXD-AU;Samsung Galaxy S24 FE 5G (128GB, Mint) - Excellent;;;;;0;no_match;;;
GalS24FE128Mint-VR-ASN-AU;Samsung Galaxy S24 FE 5G (128GB, Mint) - Pristine;;;;;0;no_match;;;
GalS24FE256Grap-RD-VR-EXD-AU;Samsung Galaxy S24 FE 5G (256GB, Graphite) - Excellent;;;;;0;no_match;;;
GalS24FE256Grap-VR-ASN-AU;Samsung Galaxy S24 FE 5G (256GB, Graphite) - Pristine;;;;;0;no_match;;;
GalS24FE256Mint-RD-VR-EXD-AU;Samsung Galaxy S24 FE 5G (256GB, Mint) - Excellent;;;;;0;no_match;;;
S23ASUt5G256GBRedd-VR-ASN-AU;Samsung Galaxy S23 ULTRA 5G (256GB, Red) - Pristine;;;;;0;no_match;;;
GalS24Pls2566Ylw-RD-VR-EXD-AU;Samsung Galaxy S24 Plus 5G (256GB, Amber Yellow) - Excellent;;;;;0;no_match;;;
GalS24Pls2566Ylw-VR-ASN-AU;Samsung Galaxy S24 Plus 5G (256GB, Amber Yellow) - Pristine;;;;;0;no_match;;;
SGlxZFold6512GBPnk-RD-VR-EXD-AU;Samsung Galaxy Z Fold 6 (512GB, Pink) - Excellent;;;;;0;no_match;;;
GalS24Pls256Vio-RD-VR-EXD-AU;Samsung Galaxy S24 Plus 5G (256GB, Cobalt Violet) - Excellent;;;;;0;no_match;;;
GalS24Pls256Vio-VR-ASN-AU;Samsung Galaxy S24 Plus 5G (256GB, Cobalt Violet) - Pristine;;;;;0;no_match;;;
GalS24Pls256Grn-VR-ASN-AU;Samsung Galaxy S24 Plus 5G (256GB, Jade Green) - Pristine;;;;;0;no_match;;;
AplWtchSE40GPSGld-RD-VR-EXD-AU;Apple Watch SE GPS (40MM, Gold) - Excellent;;;;;0;no_match;;;
AplWtchSE40GPSSlv-RD-VR-EXD-AU;Apple Watch SE GPS (40MM, Silver) - Excellent;;;;;0;no_match;;;
AplWtchSE40GPSSpG-RD-VR-EXD-AU;Apple Watch SE GPS (40MM, Space Grey) - Excellent;;;;;0;no_match;;;
AplWtchSE40CelSlv-RD-VR-EXD-AU;Apple Watch SE Cellular (40MM, Silver) - Excellent;;;;;0;no_match;;;
GalS24Pls256Gry-RD-VR-EXD-AU;Samsung Galaxy S24 Plus 5G (256GB, Marble Grey) - Excellent;;;;;0;no_match;;;
S23ASUt5G512GBGpt-VR-ASN-AU;Samsung Galaxy S23 ULTRA 5G (512GB, Graphite) AU - Pristine;;;;;0;no_match;;;
GalS24Pls256Gry-VR-ASN-AU;Samsung Galaxy S24 Plus 5G (256GB, Marble Grey) - Pristine;;;;;0;no_match;;;
GPxl8PRO256GB5GPor-RD-VR-EXD-AU;Google Pixel 8 Pro (256GB, Porcelain) - Excellent;;;;;0;no_match;;;
GalS24Pls256Blk-RD-VR-EXD-AU;Samsung Galaxy S24 Plus 5G (256GB, Onyx Black) - Excellent;;;;;0;error;page.evaluate: Execution context was destroyed, most likely because of a navigation;;
GalS24Pls256Blk-VR-ASN-AU;Samsung Galaxy S24 Plus 5G (256GB, Onyx Black) - Pristine;;;;;0;no_match;;;
GPxl8PRO512GB5GPor-RD-VR-EXD-AU;Google Pixel 8 Pro (512GB, Porcelain) - Excellent;;;;;0;no_match;;;
S23ASUt5G512GBLme-VR-ASN-AU;Samsung Galaxy S23 ULTRA 5G (512GB, Lime) AU - Pristine;;;;;0;no_match;;;
S23ASUt5G512GBRedd-VR-ASN-AU;Samsung Galaxy S23 ULTRA 5G (512GB, Red) - Pristine;;;;;0;no_match;;;
iPRO5th129Wf256GBGry-RD-VR-EXD-AU;"Apple iPad PRO 12.9"" 5th Gen Cellular (256GB, Space Grey) - Excellent";;;;;0;no_match;;;
GalS24Pls256Blu-VR-ASN-AU;Samsung Galaxy S24 Plus 5G (256GB, Sapphire Blue) - Pristine;;;;;0;no_match;;;
iPRO5th129Wf256GBGryAS-RD-VR-EXD-AU;"Apple iPad PRO 12.9"" 5th Gen Cellular (256GB, Space Grey) AU - Excellent";;;;;0;no_match;;;
iMac20218256GB7CGPU24PnRAU-RD-VR-EXD-AU;Apple iMac 2021 (M1, 8GB RAM, 256GB, 7 Core GPU, Pink Red, 24inc) AU - Excellent;;;;;0;no_match;;;
ApliMac2421M182567CSlvAU-RD-VR-EXD-AU;Apple iMac 2021 (M1, 8GB RAM, 256GB, 7 Core GPU, Silver, 24inc) AU - Excellent;;;;;0;no_match;;;
AplMac2021M18256GBBlue824AU-RD-VR-EXD-AU;Apple iMac 2021 (M1, 8GB RAM, 256GB, 8 Core GPU, Blue, 24inc) AU - Excellent;;;;;0;no_match;;;
AplMac2021M18512GBBlue824AU-RD-VR-EXD-AU;Apple iMac 2021 (M1, 8GB RAM, 512GB, 8 Core GPU, Blue, 24inc) AU - Excellent;;;;;0;no_match;;;
iMac21520174Ki73681TBSSDAU-RD-VR-EXD-AU;"Apple iMac 21.5"" 2017 4K (i7 3.6Ghz, 8GB RAM, 1TB) AU - Excellent";;;;;0;no_match;;;
iMac21520174Ki7368256GBSSDAU-RD-VR-EXD-AU;"Apple iMac 21.5"" 2017 4K (i7 3.6Ghz, 8GB RAM, 256GB) AU - Excellent";;;;;0;no_match;;;
GalS24Pls256BluAS-RD-VR-EXD-AU;Samsung Galaxy S24 Plus 5G (256GB, Sapphire Blue) AU - Excellent;;;;;0;no_match;;;
iMac21520194Ki3368256GBSSDAU-RD-VR-EXD-AU;"Apple iMac 21.5"" 2019 4K (i3 3.6Ghz, 8GB RAM, 256GB) AU - Excellent";;;;;0;no_match;;;
GalS24Pls256BluAS-VR-ASN-AU;Samsung Galaxy S24 Plus 5G (256GB, Sapphire Blue) AU - Pristine;;;;;0;no_match;;;
GalS248256GrnAS-VR-ASN-AU;Samsung Galaxy S24 5G (256GB, Jade Green) AU - Pristine;;;;;0;no_match;;;
iPad4128GBCellBlkAS-RD-VR-EXD-AU;Apple iPad 4 Cellular (128GB, Black) AU - Excellent;;;;;0;no_match;;;
GalS24Pls5126Ylw-RD-VR-EXD-AU;Samsung Galaxy S24 Plus 5G (512GB, Amber Yellow) - Excellent;;;;;0;no_match;;;
iPadAirCel16SpG-RD-VR-EXD-AU;Apple iPad AIR CELLULAR (16GB, Space Grey) - Excellent;;;;;0;no_match;;;
iPMNi5Wf64GBSilv-RD-VR-EXD-AU;Apple iPad Mini 5 (64GB, Silver) - Excellent;;;;;0;no_match;;;
iPMNi5Wf64GBSilvAS-RD-VR-EXD-AU;Apple iPad Mini 5 (64GB, Silver) AU - Excellent;;;;;0;no_match;;;
ipadPRO105Cell256GrGldAS-RD-VR-EXD-AU;"Apple iPad PRO 10.5"" Cellular (256GB, Rose Gold) AU - Excellent";;;;;0;no_match;;;
GalS24Pls5126Ylw-VR-ASN-AU;Samsung Galaxy S24 Plus 5G (512GB, Amber Yellow) - Pristine;;;;;0;no_match;;;
ipPro105WfCRsG256G-RD-EXD-AU;"Apple iPad PRO 10.5"" Cellular (256GB, Rose Gold) - Excellent";;;;;0;no_match;;;
GalS24Pls512Vio-RD-VR-EXD-AU;Samsung Galaxy S24 Plus 5G (512GB, Cobalt Violet) - Excellent;;;;;0;no_match;;;
SamS10Pls128GBBlu-RD-VR-EXD-AU;Samsung Galaxy S10+ Plus (128GB, Blue) - Excellent;;;;;0;no_match;;;
SamS10Pls128GBPnk-RD-VR-EXD-AU;Samsung Galaxy S10+ Plus (128GB, Pink) - Excellent;;;;;0;no_match;;;
GalS24Pls512Vio-VR-ASN-AU;Samsung Galaxy S24 Plus 5G (512GB, Cobalt Violet) - Pristine;;;;;0;no_match;;;
GalS24Pls512Grn-RD-VR-EXD-AU;Samsung Galaxy S24 Plus 5G (512GB, Jade Green) - Excellent;;;;;0;no_match;;;
SamS10PLS1TBWht-RD-VR-EXD-AU;Samsung Galaxy S10+ Plus (1TB, Prism White) - Excellent;;;;;0;no_match;;;
GalS24Pls512Gry-RD-VR-EXD-AU;Samsung Galaxy S24 Plus 5G (512GB, Marble Grey) - Excellent;;;;;0;no_match;;;
GalS248512GrnAS-VR-ASN-AU;Samsung Galaxy S24 5G (512GB, Jade Green) AU - Pristine;;;;;0;no_match;;;
iPh13prMX1TBBlu-RD-VR-EXD-AU;Apple iPhone 13 PRO MAX (1TB, Blue) - Excellent;;;;;0;no_match;;;
SGlxZFold6512GBWht-RD-VR-EXD-AU;Samsung Galaxy Z Fold 6 (512GB, White) - Excellent;;;;;0;no_match;;;
GalS24Pls512Gry-VR-ASN-AU;Samsung Galaxy S24 Plus 5G (512GB, Marble Grey) - Pristine;;;;;0;no_match;;;
GalS24Pls512Blk-RD-VR-EXD-AU;Samsung Galaxy S24 Plus 5G (512GB, Onyx Black) - Excellent;;;;;0;no_match;;;
GalS24Pls512Org-RD-VR-EXD-AU;Samsung Galaxy S24 Plus 5G (512GB, Sandstone Orange) - Excellent;;;;;0;no_match;;;
GPix4XL4G128GBorg-RD-VR-EXD-AU;Google Pixel 4XL (128GB, Orange) - Excellent;;;;;0;no_match;;;
GalS24Ult12R1TBBlk-RD-VR-EXD-AU;Samsung Galaxy S24 Ultra 5G (1TB, Black) - Excellent;;;;;0;no_match;;;
GalS24Ult12R1TBGry-RD-VR-EXD-AU;Samsung Galaxy S24 Ultra 5G (1TB, Grey) - Excellent;;;;;0;no_match;;;
GalS24Ult12R1TBBlu-VR-ASN-AU;Samsung Galaxy S24 Ultra 5G (1TB, Titanium Blue) - Pristine;;;;;0;no_match;;;
GalS24Ult12R1TBBluAS-RD-VR-EXD-AU;Samsung Galaxy S24 Ultra 5G (1TB, Titanium Blue) AU - Excellent;;;;;0;no_match;;;
GalS24Ult12R1TBBluAS-VR-ASN-AU;Samsung Galaxy S24 Ultra 5G (1TB, Titanium Blue) AU - Pristine;;;;;0;no_match;;;
GalS24Ult12R1TBGrnAS-RD-VR-EXD-AU;Samsung Galaxy S24 Ultra 5G (1TB, Titanium Green) AU - Excellent;;;;;0;no_match;;;
GalS24Ult12R1TBVio-RD-VR-EXD-AU;Samsung Galaxy S24 Ultra 5G (1TB, Violet) - Excellent;;;;;0;no_match;;;
GalS24FE8256Blu-VR-ASN-AU;Samsung Galaxy S24 FE 5G (256GB, Blue) - Pristine;;;;;0;no_match;;;
GalS24Ult12R1TBVio-VR-ASN-AU;Samsung Galaxy S24 Ultra 5G (1TB, Violet) - Pristine;;;;;0;no_match;;;
GalS24FE256Mint-VR-ASN-AU;Samsung Galaxy S24 FE 5G (256GB, Mint) - Pristine;;;;;0;no_match;;;
GalS24Ult12R1TBYlw-RD-VR-EXD-AU;Samsung Galaxy S24 Ultra 5G (1TB, Yellow) - Excellent;;;;;0;no_match;;;
GalS24Ult12R1TBYlw-VR-ASN-AU;Samsung Galaxy S24 Ultra 5G (1TB, Yellow) - Pristine;;;;;0;no_match;;;
GPxl9PROXL256GB5GQRTZ-RD-VR-EXD-AU;Google Pixel 9 Pro XL (256GB, Rose Quarts) - Excellent;;;;;0;no_match;;;
GalS24Ult12R256GBBlk-RD-VR-EXD-AU;Samsung Galaxy S24 Ultra 5G (256GB, Black) - Excellent;;;;;0;no_match;;;
GalS24Ult12R256GBBlk-VR-ASN-AU;Samsung Galaxy S24 Ultra 5G (256GB, Black) - Pristine;;;;;0;no_match;;;
GalS24Ult12R256GBGry-RD-VR-EXD-AU;Samsung Galaxy S24 Ultra 5G (256GB, Grey) - Excellent;;;;;0;no_match;;;
GalS24Ult12R256GBGry-VR-ASN-AU;Samsung Galaxy S24 Ultra 5G (256GB, Grey) - Pristine;;;;;0;no_match;;;
GalS24Ult12R256GBBluAS-RD-VR-EXD-AU;Samsung Galaxy S24 Ultra 5G (256GB, Titanium Blue) AU - Excellent;;;;;0;no_match;;;
GalS24Ult12R256GBBluAS-VR-ASN-AU;Samsung Galaxy S24 Ultra 5G (256GB, Titanium Blue) AU - Pristine;;;;;0;no_match;;;
GalS24Ult12R256GBGrnAS-RD-VR-EXD-AU;Samsung Galaxy S24 Ultra 5G (256GB, Titanium Green) AU - Excellent;;;;;0;no_match;;;
GalS24Ult12R256GBGrnAS-VR-ASN-AU;Samsung Galaxy S24 Ultra 5G (256GB, Titanium Green) AU - Pristine;;;;;0;no_match;;;
GalS24Pls256Org-VR-ASN-AU;Samsung Galaxy S24 Plus 5G (256GB, Sandstone Orange) - Pristine;;;;;0;no_match;;;
GPxl9PrFL256GBBlk-RD-VR-EXD-AU;Google Pixel 9 Pro Fold (256GB, Black) - Excellent;;;;;0;no_match;;;
GalS24Ult12R256GBVio-RD-VR-EXD-AU;Samsung Galaxy S24 Ultra 5G (256GB, Violet) - Excellent;;;;;0;no_match;;;
GPxl9PrFL512GBBlk-RD-VR-EXD-AU;Google Pixel 9 Pro Fold (512GB, Black) - Excellent;;;;;0;no_match;;;
GalS24Ult12R256GBVio-VR-ASN-AU;Samsung Galaxy S24 Ultra 5G (256GB, Violet) - Pristine;;;;;0;no_match;;;
GPxl9PrFL512GBWht-RD-VR-EXD-AU;Google Pixel 9 Pro Fold (512GB, White) - Excellent;;;;;0;no_match;;;
GalS24Pls256Slv-VR-ASN-AU;Samsung Galaxy S24 Plus 5G (256GB, Silver) - Pristine;;;;;0;no_match;;;
GPxl9PrFL256GBCrm-RD-VR-EXD-AU;Google Pixel 9 Pro Fold (256GB, Cream) - Excellent;;;;;0;no_match;;;
GPxl9PrFL512GBCrm-RD-VR-EXD-AU;Google Pixel 9 Pro Fold (512GB, Cream) - Excellent;;;;;0;no_match;;;
GalS24Ult12R256GBYlw-RD-VR-EXD-AU;Samsung Galaxy S24 Ultra 5G (256GB, Yellow) - Excellent;;;;;0;no_match;;;
GalS24Ult12R256GBYlw-VR-ASN-AU;Samsung Galaxy S24 Ultra 5G (256GB, Yellow) - Pristine;;;;;0;no_match;;;
GalS24Ult12R512GBBlk-RD-VR-EXD-AU;Samsung Galaxy S24 Ultra 5G (512GB, Black) - Excellent;;;;;0;no_match;;;
GalS24Ult12R512GBBlk-VR-ASN-AU;Samsung Galaxy S24 Ultra 5G (512GB, Black) - Pristine;;;;;0;no_match;;;
GalS24Pls512Grn-VR-ASN-AU;Samsung Galaxy S24 Plus 5G (512GB, Jade Green) - Pristine;;;;;0;no_match;;;
GalS24Ult12R512GBGry-RD-VR-EXD-AU;Samsung Galaxy S24 Ultra 5G (512GB, Grey) - Excellent;;;;;0;no_match;;;
GalS24Ult12R512GBGry-VR-ASN-AU;Samsung Galaxy S24 Ultra 5G (512GB, Grey) - Pristine;;;;;0;no_match;;;
GPxl9256GBPnk-RD-VR-EXD-AU;Google Pixel 9 (256GB, Pink)  - Excellent;;;;;0;no_match;;;
GalS24Pls512Blk-VR-ASN-AU;Samsung Galaxy S24 Plus 5G (512GB, Onyx Black) - Pristine;;;;;0;no_match;;;
GalS24Pls512Org-VR-ASN-AU;Samsung Galaxy S24 Plus 5G (512GB, Sandstone Orange) - Pristine;;;;;0;no_match;;;
GalS24Ult12R512GBBluAS-RD-VR-EXD-AU;Samsung Galaxy S24 Ultra 5G (512GB, Titanium Blue) AU - Excellent;;;;;0;no_match;;;
GPxl8PRO512GB5GObs-RD-VR-EXD-AU;Google Pixel 8 Pro (512GB, Obsidian) - Excellent;;;;;0;no_match;;;
GalS24Ult12R1TBBlk-VR-ASN-AU;Samsung Galaxy S24 Ultra 5G (1TB, Black) - Pristine;;;;;0;no_match;;;
GalS24Ult12R1TBGry-VR-ASN-AU;Samsung Galaxy S24 Ultra 5G (1TB, Grey) - Pristine;;;;;0;no_match;;;
GalS24Ult12R1TBOrg-VR-ASN-AU;Samsung Galaxy S24 Ultra 5G (1TB, Orange) - Pristine;;;;;0;no_match;;;
GPxl8PRO512GB5GBay-RD-VR-EXD-AU;Google Pixel 8 Pro (512GB, Bay) - Excellent;;;;;0;no_match;;;
GalS24Ult12R512GBBluAS-VR-ASN-AU;Samsung Galaxy S24 Ultra 5G (512GB, Titanium Blue) AU - Pristine;;;;;0;no_match;;;
GalS24Ult12R512GBGrnAS-RD-VR-EXD-AU;Samsung Galaxy S24 Ultra 5G (512GB, Titanium Green) AU - Excellent;;;;;0;no_match;;;
GalS24Ult12R512GBGrnAS-VR-ASN-AU;Samsung Galaxy S24 Ultra 5G (512GB, Titanium Green) AU - Pristine;;;;;0;no_match;;;
GalS24Ult12R512GBOrgAS-RD-VR-EXD-AU;Samsung Galaxy S24 Ultra 5G (512GB, Titanium Orange) AU - Excellent;;;;;0;no_match;;;
GPxl8A256GB5GObs-RD-VR-EXD-AU;Google Pixel 8a 5G (256GB, Obsidian) - Excellent;;;;;0;no_match;;;
GalS24Ult12R1TBGrn-VR-ASN-AU;Samsung Galaxy S24 Ultra 5G (1TB, Titanium Green) - Pristine;;;;;0;no_match;;;
GPxl8A128GB5GAloe-RD-VR-EXD-AU;Google Pixel 8a 5G (128GB, Aloe) - Excellent;;;;;0;no_match;;;
GalS24Ult12R1TBGrnAS-VR-ASN-AU;Samsung Galaxy S24 Ultra 5G (1TB, Titanium Green) AU - Pristine;;;;;0;no_match;;;
GPxl8A128GB5GBay-RD-VR-EXD-AU;Google Pixel 8a 5G (128GB, Bay) - Excellent;;;;;0;no_match;;;
GalS24Ult12R512GBOrgAS-VR-ASN-AU;Samsung Galaxy S24 Ultra 5G (512GB, Titanium Orange) AU - Pristine;;;;;0;no_match;;;
GPxl4aBlu128GB-RD-VR-EXD-AU;Google Pixel 4a (128GB, Blue) - Excellent;;;;;0;no_match;;;
GalS24Ult12R512GBVio-RD-VR-EXD-AU;Samsung Galaxy S24 Ultra 5G (512GB, Violet) - Excellent;;;;;0;no_match;;;
GalS24Ult12R512GBVio-VR-ASN-AU;Samsung Galaxy S24 Ultra 5G (512GB, Violet) - Pristine;;;;;0;no_match;;;
SamS10e128GBBlue-RD-VR-EXD-AU;Samsung Galaxy S10e (128GB, Blue) - Excellent;;;;;0;no_match;;;
SamS10e128GBRed-RD-VR-EXD-AU;Samsung Galaxy S10e (128GB, Red) - Excellent;;;;;0;no_match;;;
SamS10e128GBPink-RD-VR-EXD-AU;Samsung Galaxy S10e (128GB, Pink) - Excellent;;;;;0;no_match;;;
GalS24Ult12R512GBYlw-RD-VR-EXD-AU;Samsung Galaxy S24 Ultra 5G (512GB, Yellow) - Excellent;;;;;0;no_match;;;
GalS24Ult12R512GBYlw-VR-ASN-AU;Samsung Galaxy S24 Ultra 5G (512GB, Yellow) - Pristine;;;;;0;no_match;;;
SM25PLS256GBNav-VR-ASN-AU;Samsung Galaxy S25 Plus 5G (256GB, Navy) - Pristine;;;;;0;no_match;;;
GlaxS10Blu5G256-RD-VR-EXD-AU;Samsung Galaxy S10 5G (256GB, Blue) - Excellent;;;;;0;no_match;;;
SM25PLS256GBSil-VR-ASN-AU;Samsung Galaxy S25 Plus 5G (256GB, Silver Shadow) - Pristine;;;;;0;no_match;;;
GS10128GPink-RD-VR-EXD-AU;Samsung Galaxy S10 (128GB, Pink) - Excellent;;;;;0;no_match;;;
SamS864GBBlk-RD-VR-EXD-AU;Samsung Galaxy S8 (64GB, Midnight Black) - Excellent;;;;;0;no_match;;;
ipadPRO129Cell1Gld128-RD-VR-EXD-AU;"Apple iPad PRO 12.9"" 1st Gen Cellular (128GB, Gold) - Excellent";;;;;0;no_match;;;
ipadPRO129Cell1SpG128-RD-VR-EXD-AU;"Apple iPad PRO 12.9"" 1st Gen Cellular (128GB, Space Grey) - Excellent";;;;;0;no_match;;;
ipDPro129Wf128GB1St-RD-VR-EXD-AU;"Apple iPad PRO 12.9"" 1st Gen Wifi (128GB, Gold) - Excellent";;;;;0;no_match;;;
ip1Pro129SpG128GbWf-RD-VR-EXD-AU;"Apple iPad PRO 12.9"" 1st Gen Wifi (128GB, Space Grey) - Excellent";;;;;0;no_match;;;
ipadPRO129Wf256GBGld-RD-VR-EXD-AU;"Apple iPad PRO 12.9"" 1st Gen Wifi (256GB, Gold) - Excellent";;;;;0;no_match;;;
ipadPRO129Wf256GSil-RD-VR-EXD-AU;"Apple iPad PRO 12.9"" 1st Gen Wifi (256GB, Silver) - Excellent";;;;;0;no_match;;;
ipadPRO129Wf256GBGry-RD-VR-EXD-AU;"Apple iPad PRO 12.9"" 1st Gen Wifi (256GB, Space Grey) - Excellent";;;;;0;no_match;;;
ipadPRO129Wf32GBGld-RD-VR-EXD-AU;"Apple iPad PRO 12.9"" 1st Gen Wifi (32GB, Gold) - Excellent";;;;;0;no_match;;;
ipadPRO129Wf32GBSlv-RD-VR-EXD-AU;"Apple iPad PRO 12.9"" 1st Gen Wifi (32GB, Silver) - Excellent";;;;;0;no_match;;;
ipadPRO129Wf32GBSpG-RD-VR-EXD-AU;"Apple iPad PRO 12.9"" 1st Gen Wifi (32GB, Space Grey) - Excellent";;;;;0;no_match;;;
S9Plus64GBRed-RD-VR-EXD-AU;Samsung Galaxy S9+ Plus (64GB, Red) - Excellent;;;;;0;no_match;;;
SamS964GBBlk-RD-VR-EXD-AU;Samsung Galaxy S9 (64GB, Black) - Excellent;;;;;0;no_match;;;
S9Plus128GBPrp-RD-VR-EXD-AU;Samsung Galaxy S9+ Plus (128GB, Purple) - Excellent;;;;;0;no_match;;;
SamS964GBGold-RD-VR-EXD-AU;Samsung Galaxy S9 (64GB, Gold) - Excellent;;;;;0;no_match;;;
S9Plus128GBBlu-RD-VR-EXD-AU;Samsung Galaxy S9+ Plus (128GB, Blue) - Excellent;;;;;0;no_match;;;
SamS964GBPurple-RD-VR-EXD-AU;Samsung Galaxy S9 (64GB, Lilac Purple) - Excellent;;;;;0;no_match;;;
SamS8Plus128GBGry-RD-VR-EXD-AU;Samsung Galaxy S8+ Plus (128GB, Orchid Grey) - Excellent;;;;;0;no_match;;;
SamS9Plus64GBBlk-RD-VR-EXD-AU;Samsung Galaxy S9+ Plus (64GB, Midnight Black) - Excellent;;;;;0;no_match;;;
GPix9ProXL256Crm-RD-VR-EXD-AU;Google Pixel 9 Pro XL (256GB, Cream) - Excellent;;;;;0;no_match;;;
SamS9Plus64GBBlue-RD-VR-EXD-AU;Samsung Galaxy S9+ Plus (64GB,Coral Blue) - Excellent;;;;;0;no_match;;;
SGlxTabS7Pl128GBSlv-RD-VR-EXD-AU;"Samsung Galaxy Tab S7 Plus SM-T970 12.4"" 5G (128GB, Silver) - Excellent";;;;;0;no_match;;;
TABS7FEPLS256GBSIL-RD-VR-EXD-AU;"Samsung Galaxy Tab S7 Plus SM-T970 12.4"" 5G (256GB, Silver) - Excellent";;;;;0;no_match;;;
SamS864GBPnk-RD-VR-EXD-AU;Samsung Galaxy S8 (64GB, Pink) - Excellent;;;;;0;no_match;;;
SMTABS818GBWFSILAS-RD-VR-EXD-AU;"Samsung Galaxy Tab S8 11"" Wifi (128GB, Silver) AU - Excellent";;;;;0;no_match;;;
SGlxTabS8Ps124128Gpt-RD-VR-EXD-AU;"Samsung Galaxy Tab S8 PLUS 12.4"" Wifi (128GB, Graphite) - Excellent";;;;;0;no_match;;;
SGlxTabS8Ps124256Gpt-RD-VR-EXD-AU;"Samsung Galaxy Tab S8 PLUS 12.4"" Wifi (256GB, Graphite) - Excellent";;;;;0;no_match;;;
SGlxZFlip6256GBPch-RD-VR-EXD-AU;Samsung Galaxy Z Flip 6 (256GB, Peach) - Excellent;https://reebelo.com.au/collections/samsung-galaxy-z-flip-5-5g?skuId=sku-mjwy5qkiY6trCPwPQltv5t0;256GB, 256 GB | Graphite | 5G;474.99;Galaxy Z Flip5 (5G) - 256GB - Graphite;1;matched;;Very Good;https://reebelo.com.au/collections/samsung-galaxy-z-flip-5-5g?skuId=sku-mjwy5qkiY6trCPwPQltv5t0
SGlxWtch4Bth40MMBlk-VR-ASN-AU;Samsung Galaxy Watch 4 (40MM, Bluetooth, Black) - Pristine;;;;;0;no_match;;;
SGlxWtch4Bth40MMSlv-VR-ASN-AU;Samsung Galaxy Watch 4 (40MM, Bluetooth, Silver) - Pristine;;;;;0;no_match;;;
SamGalWtch4Bth44MMBlck-RD-VR-EXD-AU;Samsung Galaxy Watch 4 (44MM, Black, Bluetooth) - Excellent;;;;;0;no_match;;;
SamGalWtch4CBth46MMBlck-RD-VR-EXD-AU;Samsung Galaxy Watch 4 (46MM, Black, Classic Bluetooth) - Excellent;;;;;0;no_match;;;
SamGalWtch4CBth46MMSlv-RD-VR-EXD-AU;Samsung Galaxy Watch 4 (46MM, Silver, Classic Bluetooth) - Excellent;;;;;0;no_match;;;
SWTCH544MMSlvAS-RD-VR-EXD-AU;Samsung Galaxy Watch 5 (44MM, Silver, Aluminum) AU - Excellent;;;;;0;no_match;;;
SGalS5LTE16GBBlk-VR-ASN-AU;Samsung Galaxy S5 (16GB, Black) - Pristine;;;;;0;no_match;;;
SamS732GBBlk-ASN-AU;Samsung Galaxy S7 (32GB, Black) - Pristine;;;;;0;no_match;;;
SamS732GBGld-ASN-AU;Samsung Galaxy S7 (32GB, Gold) - Pristine;;;;;0;no_match;;;
SGlxW5ProCel45MMBlkAS-VR-ASN-AU;Samsung Galaxy Watch 5 Pro Cellular (45MM, Black) AU - Pristine;;;;;0;no_match;;;
SGlxW5Pro45MMCelBlkTtn-RD-VR-EXD-AU;Samsung Galaxy Watch 5 Pro Titanium (45MM, LTE, Black) - Excellent;;;;;0;no_match;;;
SamS732GBSil-ASN-AU;Samsung Galaxy S7 (32GB, Silver) - Pristine;;;;;0;no_match;;;
SGlxS7Edg32GBSlvAS-VR-ASN-AU;Samsung Galaxy S7 Edge (32GB, Silver) AU - Pristine;;;;;0;no_match;;;
SGlxW5Pro45MMCelGryTtn-RD-VR-EXD-AU;Samsung Galaxy Watch 5 Pro Titanium (45MM, LTE, Grey) - Excellent;;;;;0;no_match;;;
SamS864GBBlk-VR-ASN-AU;Samsung Galaxy S8 (64GB, Black) - Pristine;;;;;0;no_match;;;
SMWCL5Pro45MMBlk-VR-ASN-AU;Samsung Galaxy Watch 5 Pro Titanium Cellular (45MM, Black) - Pristine;;;;;0;no_match;;;
SamS864GBBlu-VR-ASN-AU;Samsung Galaxy S8 (64GB, Blue) - Pristine;;;;;0;no_match;;;
GPix7256GBLmnGr-VGC-AU;Google Pixel 7 (256GB, Lemongrass) - Very Good;;;;;0;no_match;;;
SMWCL5Pro45MMGRY-VR-ASN-AU;Samsung Galaxy Watch 5 Pro Titanium Cellular (45MM, Gray) - Pristine;;;;;0;no_match;;;
SamS864GBBluAS-VR-ASN-AU;Samsung Galaxy S8 (64GB, Blue) AU - Pristine;;;;;0;no_match;;;
ipadPR129WfC128GBSlv-RD-VR-EXD-AU;"Apple iPad PRO 12.9"" 1st Gen Cellular (128GB, Silver) - Excellent";;;;;0;no_match;;;
SamS864GBGry-VR-ASN-AU;Samsung Galaxy S8 (64GB, Grey) - Pristine;;;;;0;no_match;;;
SamS864GBGld-VR-ASN-AU;Samsung Galaxy S8 (64GB, Maple Gold) - Pristine;;;;;0;no_match;;;
SGlxA71128GBBlk-RD-VR-EXD-AU;Samsung Galaxy A71 (128GB, Black) - Excellent;;;;;0;no_match;;;
SGlxA71128GBSil-RD-VR-EXD-AU;Samsung Galaxy A71 (128GB, Silver) - Excellent;;;;;0;no_match;;;
SamS864GBPnk-VR-ASN-AU;Samsung Galaxy S8 (64GB, Pink) - Pristine;;;;;0;no_match;;;
SGA70Blu128gb-RD-VR-EXD-AU;Samsung Galaxy A70 (128GB, Blue) - Excellent;;;;;0;no_match;;;
SamS8Plus128GBGry-VR-ASN-AU;Samsung Galaxy S8+ Plus (128GB, Orchid Grey) - Pristine;;;;;0;no_match;;;
SGlxW644MMCelBlk-RD-VR-EXD-AU;Samsung Galaxy Watch 6 Cellular (44MM, Graphite Black) - Excellent;;;;;0;no_match;;;
SamS8Plus64GBBlue-ASN-AU;Samsung Galaxy S8+ Plus (64GB, Blue) - Pristine;;;;;0;no_match;;;
SGlxW644MMCelSlv-RD-VR-EXD-AU;Samsung Galaxy Watch 6 Cellular (44MM, Silver) - Excellent;;;;;0;no_match;;;
SGlxW6Cls43MMBlk-RD-VR-RXD-AU;Samsung Galaxy Watch 6 Classic (43MM, Black) - Excellent;;;;;0;no_match;;;
SGlxW6Cls47MMBlkAS-RD-VR-RXD-AU;Samsung Galaxy Watch 6 Classic Stainless (47MM, Black) AU - Excellent;;;;;0;no_match;;;
SGlxW6Cls47MMSlvAS-RD-VR-RXD-AU;Samsung Galaxy Watch 6 Classic Stainless (47MM, Silver) AU - Excellent;;;;;0;no_match;;;
SamS8Plus64GBMapGold-ASN-AU;Samsung Galaxy S8+ Plus (64GB, Maple Gold) - Pristine;;;;;0;no_match;;;
SamS8Plus64GBMidBlack-ASN-AU;Samsung Galaxy S8+ Plus (64GB, Midnight Black) - Pristine;;;;;0;no_match;;;
SamS8Plus64GBGry-ASN-AU;Samsung Galaxy S8+ Plus (64GB, Orchid Grey) - Pristine;;;;;0;no_match;;;
GlaxS9LilPurp128GB-ASN-AU;Samsung Galaxy S9 (128GB, Lilac Purple) - Pristine;;;;;0;no_match;;;
SamS9Plus256GBBlk-ASN-AU;Samsung Galaxy S9 (256GB, Black) - Pristine;;;;;0;no_match;;;
GPix8Hzl256GB-RD-VR-EXD-AU;Google Pixel 8 (256GB, Hazel) - Excellent;;;;;0;no_match;;;
SamS9256GBBlu-VR-ASN-AU;Samsung Galaxy S9 (256GB, Blue) - Pristine;;;;;0;no_match;;;
ApWtS9Al45MMCellGrp-RD-VR-EXD-AU;Apple Watch Series 9 Aluminium (45MM, Celullar, Graphite) - Excellent;;;;;0;no_match;;;
ApWtS9Al45MMCellGrpAS-RD-VR-EXD-AU;Apple Watch Series 9 Aluminium (45MM, Celullar, Graphite) AU - Excellent;;;;;0;no_match;;;
SamS9256GBBluAstck-VR-ASN-AU;Samsung Galaxy S9 (256GB, Blue) AU - Pristine;;;;;0;no_match;;;
GalxS9256GBPurpl-ASN-AU;Samsung Galaxy S9 (256GB, Purple) - Pristine;;;;;0;no_match;;;
SWTC6c47MMCellBlkAS-RD-VR-RXD-AU;Samsung Galaxy Watch 6 Classic Stainless Cellular (47MM, Black) AU - Excellent;;;;;0;no_match;;;
SGlxWAct244MMBlkAS-VR-ASN-AU;Samsung Galaxy Watch Active 2 (44MM, Black) AU - Pristine;;;;;0;no_match;;;
SamS964GBBlck-ASN-AU;Samsung Galaxy S9 (64GB, Black) - Pristine;;;;;0;no_match;;;
SamS964GBBlu-ASN-AU;Samsung Galaxy S9 (64GB, Blue) - Pristine;;;;;0;no_match;;;
SGlxW540MMALPnkAS-VR-ASN-AU;Samsung Galaxy Watch Series 5 Aluminum (40mm, Pink Gold) AU - Pristine;;;;;0;no_match;;;
SamS964GBGld-ASN-AU;Samsung Galaxy S9 (64GB, Gold) - Pristine;;;;;0;no_match;;;
FX8Pro512GBsblck-RD-VR-EXD-AU;Oppo Find X8 Pro 5G (512GB, Space Black) - Excellent;;;;;0;no_match;;;
FX8Pro512GBpWht-RD-VR-EXD-AU;Oppo Find X8 Pro 5G (512GB, Pearl White) - Excellent;;;;;0;no_match;;;
SamS964GBPurple-ASN-AU;Samsung Galaxy S9 (64GB, Lilac Purple) - Pristine;;;;;0;no_match;;;
S9Plus128GBBlu-VR-ASN-AU;Samsung Galaxy S9+ Plus (128GB, Blue) - Pristine;;;;;0;no_match;;;
SGlxWS5Cel40MMGpt-VR-ASN-AU;Samsung Galaxy Watch Series 5 Celullar (40MM, Graphite) - Pristine;;;;;0;no_match;;;
SW3STNCel41MMSlvAS-RD-VR-EXD-AU;Samsung Galaxy Watch3 Cellular Stainless Steel (41MM, Silver) AU - Excellent;;;;;0;no_match;;;
SGlxWtch4Bth40MMBlk-RD-VR-EXD-AU;Samsung Galaxy Watch4 (40MM, Black) - Excellent;;;;;0;no_match;;;
SGlxWtch4Bth40MMGld-RD-VR-EXD-AU;Samsung Galaxy Watch4 (40MM, Gold) - Excellent;;;;;0;no_match;;;
S9Plus128GBPrp-VR-ASN-AU;Samsung Galaxy S9+ Plus (128GB, Purple) - Pristine;;;;;0;no_match;;;
S9Plus256GBBlk-VR-ASN-AU;Samsung Galaxy S9+ Plus (256GB, Black) - Pristine;;;;;0;no_match;;;
S9Plus256GBBlu-VR-ASN-AU;Samsung Galaxy S9+ Plus (256GB, Blue) - Pristine;;;;;0;no_match;;;
S9Plus256GBGld-VR-ASN-AU;Samsung Galaxy S9+ Plus (256GB, Gold) - Pristine;;;;;0;no_match;;;
SGlxWtch4Bth40MMSlv-RD-VR-EXD-AU;Samsung Galaxy Watch4 (40MM, Silver) - Excellent;;;;;0;no_match;;;
S9Plus256GBPrp-VR-ASN-AU;Samsung Galaxy S9+ Plus (256GB, Purple) - Pristine;;;;;0;no_match;;;
SGlxWtch4Cel44MMBlk-RD-VR-EXD-AU;Samsung Galaxy Watch4 Cellular (44MM, Black) - Excellent;;;;;0;no_match;;;
SamS9Plus64GBBlack-ASN-AU;Samsung Galaxy S9+ Plus (64GB, Black) - Pristine;;;;;0;no_match;;;
SGlxWtch540MMBlk-RD-VR-EXD-AU;Samsung Galaxy Watch5 (40MM, Black Graphite) - Excellent;;;;;0;no_match;;;
GalxS9Plus64GBBlue-ASN-AU;Samsung Galaxy S9+ Plus (64GB, Blue) - Pristine;;;;;0;no_match;;;
S9Plus64GBGld-VR-ASN-AU;Samsung Galaxy S9+ Plus (64GB, Gold) - Pristine;;;;;0;no_match;;;
SamS9Plus64GBPurple-ASN-AU;Samsung Galaxy S9+ Plus (64GB, Lilac Purple) - Pristine;;;;;0;no_match;;;
S9Plus64GBRed-VR-ASN-AU;Samsung Galaxy S9+ Plus (64GB, Red) - Pristine;;;;;0;no_match;;;
SGlxWtch544MMBlu-RD-VR-EXD-AU;Samsung Galaxy Watch5 (44MM, Blue Sapphire) - Excellent;;;;;0;no_match;;;
SGlxWtch4Bth40MMPnk-VR-ASN-AU;Samsung Galaxy Watch 4 (40MM, Bluetooth, Pink) - Pristine;;;;;0;no_match;;;
SGlxWtch544MMSlv-RD-VR-EXD-AU;Samsung Galaxy Watch5 (44MM, Silver) - Excellent;;;;;0;no_match;;;
SWATCH444MMBlk-VR-ASN-AU;Samsung Galaxy Watch 4 (44mm, Aluminum, Black) - Pristine;;;;;0;no_match;;;
SWATCH444MMGrn-VR-ASN-AU;Samsung Galaxy Watch 4 (44mm, Aluminum, Green) - Pristine;;;;;0;no_match;;;
Ipadmini264wifiBlk-RD-EXD-AU;Apple iPad Mini 2 Wifi (64GB, Black) - Excellent;;;;;0;no_match;;;
ipDPro105Wf512GBSpGr-RD-EXD-AU;"Apple iPad PRO 10.5"" Wifi (512GB, Space Grey) - Excellent";;;;;0;no_match;;;
AppleiPadAir128GB4GBlk-RD-EXD-AU;Apple iPad AIR Cellular (128GB, Space Grey) - Excellent;;;;;0;no_match;;;
SGlxWtch540MMLTEGpt-RD-VR-EXD-AU;Samsung Galaxy Watch5 LTE (40MM, Graphite) - Excellent;;;;;0;no_match;;;
SGlxWtch544MMLTESlv-RD-VR-EXD-AU;Samsung Galaxy Watch5 LTE (44MM, Silver) - Excellent;;;;;0;no_match;;;
SWATCH444MMSil-VR-ASN-AU;Samsung Galaxy Watch 4 (44mm, Aluminum, Silver) - Pristine;;;;;0;no_match;;;
SWTCH544MMBluAS-VR-ASN-AU;Samsung Galaxy Watch 5 (44MM, Blue Sapphire, Aluminum) AU - Pristine;;;;;0;no_match;;;
GalZF3256Lvnd-RD-VR-EXD-AU;Samsung Galaxy Z Flip 3 5G (256GB, Lavender) - Excellent;;;;;0;no_match;;;
SWTCH544MMGrptAS-VR-ASN-AU;Samsung Galaxy Watch 5 (44MM, Graphite, Aluminum) AU - Pristine;;;;;0;no_match;;;
GalZF3256Blk-RD-VR-EXD-AU;Samsung Galaxy Z Flip 3 5G (256GB, Phantom Black) - Excellent;;;;;0;no_match;;;
SGZFlip45G512GBPink-RD-VR-EXD-AU;Samsung Galaxy Z Flip 4 5G (512GB, Pink) - Excellent;;;;;0;no_match;;;
iPadAirCel16Slv-RD-VR-EXD-AU;Apple iPad AIR CELLULAR (16GB, Silver) - Excellent;;;;;0;no_match;;;
iPadAirWifi16SpG-RD-VR-EXD-AU;Apple iPad AIR Wifi (16GB, Space Grey) - Excellent;;;;;0;no_match;;;
iPadAirWifi16Slv-RD-VR-EXD-AU;Apple iPad AIR Wifi (16GB, Silver) - Excellent;;;;;0;no_match;;;
SWTCH544MMSlvAS-VR-ASN-AU;Samsung Galaxy Watch 5 (44MM, Silver, Aluminum) AU - Pristine;;;;;0;no_match;;;
SGlxZFlip5256GBGpt-RD-VR-EXD-AU;Samsung Galaxy Z Flip 5 5G (256GB, Graphite) - Excellent;;;;;0;no_match;;;
SGlxZFlip5256GBGrn-RD-VR-EXD-AU;Samsung Galaxy Z Flip 5 5G (256GB, Green) - Excellent;;;;;0;no_match;;;
SGlxZFlip5256GBLvn-RD-VR-EXD-AU;Samsung Galaxy Z Flip 5 5G (256GB, Lavender) - Excellent;;;;;0;no_match;;;
MacPro21Slv32GB512GB14M1-RD-VR-EXD-AU;"Apple Macbook Pro 14"" 2021 (M1 PRO, 32GB RAM, 512GB, Silver) - Excellent";;;;;0;no_match;;;
SGlxW6Cls47MMBlkAS-VR-ASN-AU;Samsung Galaxy Watch 6 Classic Stainless (47MM, Black) AU - Pristine;;;;;0;no_match;;;
MacPro21Slv32GB512GB16M1-RD-VR-EXD-AU;"Apple Macbook Pro 16"" 2021 (M1 PRO, 32GB RAM, 512GB, Silver) - Excellent";;;;;0;no_match;;;
SGlxW6Cls47MMSlvAS-VR-ASN-AU;Samsung Galaxy Watch 6 Classic Stainless (47MM, Silver) AU - Pristine;;;;;0;no_match;;;
SGlxZFlip5256GBMnt-RD-VR-EXD-AU;Samsung Galaxy Z Flip 5 5G (256GB, Mint) - Excellent;;;;;0;no_match;;;
SGlxZFlip5256GBYlw-RD-VR-EXD-AU;Samsung Galaxy Z Flip 5 5G (256GB, Yellow) - Excellent;;;;;0;no_match;;;
SGlxZFlip5512GBBlu-RD-VR-EXD-AU;Samsung Galaxy Z Flip 5 5G (512GB, Blue) - Excellent;;;;;0;no_match;;;
SGlxZFlip5512GBCrm-RD-VR-EXD-AU;Samsung Galaxy Z Flip 5 5G (512GB, Cream) - Excellent;;;;;0;no_match;;;
SGlxZFlip5512GBGpt-RD-VR-EXD-AU;Samsung Galaxy Z Flip 5 5G (512GB, Graphite) - Excellent;;;;;0;no_match;;;
MicSurPro10BUlt58R256BlkAS-AU;Microsoft Surface Pro 10 (i5, 8GB RAM, 256GB, Black) AU - Brand New;;;;;0;no_match;;;
MicSurPro10BUlt58R256PltAS-AU;Microsoft Surface Pro 10 (i5, 8GB RAM, 256GB, Platinum) AU - Brand New;https://reebelo.com.au/collections/microsoft-surface-pro-7?skuId=sku-mpwcv532oOk16T6lfoUdH1b;i5 | 8GB, 8 GB | 128GB, 128 GB, 8GB, 8 GB | WiFi;605.99;Microsoft Surface Pro 7 - 128GB - WiFi - Intel Core i5-1135G7 2.4GHz - 8GB RAM - Platinum;1;matched;;Refurbished;https://reebelo.com.au/collections/microsoft-surface-pro-7?skuId=sku-mpwcv532oOk16T6lfoUdH1b
MicSurPro10BUlt516R256PltAS-AU;Microsoft Surface Pro 10 (i5, 16GB RAM, 256GB, Platinum) AU - Brand New;;;;;0;no_match;;;
MicSurPro10BUlt516R512PltAS-AU;Microsoft Surface Pro 10 (i5, 16GB RAM, 512GB, Platinum) AU - Brand New;;;;;0;no_match;;;
MicSurPro10BUlt716R256Plt-AU;Microsoft Surface Pro 10 (i7, 16GB RAM, 256GB, Platinum) AU - Brand New;https://reebelo.com.au/collections/microsoft-surface-pro-7?skuId=sku-mfdkzz4ePzWUZ1bJ2bqNa3P;i7 | 16GB, 16 GB | 256GB, 256 GB, 16GB, 16 GB | WiFi;605.99;Microsoft Surface Pro 7 - 256GB - WiFi - Intel Core i7-1065G7 1.3GHz - 16GB RAM - Platinum;1;matched;;Refurbished;https://reebelo.com.au/collections/microsoft-surface-pro-7?skuId=sku-mfdkzz4ePzWUZ1bJ2bqNa3P
MicSurPro10BUlt5G716R256PltAS-AU;Microsoft Surface Pro 10 5G (i7, 16GB RAM, 256GB, Platinum) AU - Brand New;;;;;0;no_match;;;
SWTC6c47MMCellBlkAS-VR-ASN-AU;Samsung Galaxy Watch 6 Classic Stainless Cellular (47MM, Black) AU - Pristine;;;;;0;no_match;;;
SGlxWAct240MMGldAS-VR-ASN-AU;Samsung Galaxy Watch Active 2 (40MM, Gold) AU - Pristine;;;;;0;no_match;;;
SGlxZFlip5512GBGrn-RD-VR-EXD-AU;Samsung Galaxy Z Flip 5 5G (512GB, Green) - Excellent;;;;;0;no_match;;;
SGlxWGrS346MMBlkAS-VR-ASN-AU;Samsung Galaxy Watch Gear S3 (46MM, Black) AU - Pristine;;;;;0;no_match;;;
SGlxZFlip525Gry-RD-VR-EXD-AU;Samsung Galaxy Z Flip 5 5G (512GB, Grey) - Excellent;;;;;0;no_match;;;
iPdPro1293rd201864CelSpG-RD-VR-EXD-AU;"Apple iPad Pro 12.9"" 3rd Gen 2018 Cellular (64GB, Space Grey) - Excellent";;;;;0;no_match;;;
ipadPRO2Cell256GBSpG-RD-EXD-AU;"Apple iPad PRO 2 12.9"" Cellular (256GB, Space Grey) - Excellent";;;;;0;no_match;;;
ip2Pro129Slv256GbWfCl-RD-EXD-AU;"Apple iPad PRO 2 12.9"" Cellular (256GB, Silver) - Excellent";;;;;0;no_match;;;
ipadPRO2Cell256GBGld-RD-EXD-AU;"Apple iPad PRO 2 12.9"" Cellular (256GB, Gold) - Excellent";;;;;0;no_match;;;
ipadPRO2Cell512GBSpG-RD-EXD-AU;"Apple iPad PRO 2 12.9"" Cellular (512GB, Space Grey) - Excellent";;;;;0;no_match;;;
SGlxW540MMALSlvAS-VR-ASN-AU;Samsung Galaxy Watch Series 5 Aluminum (40MM, Silver) AU - Pristine;;;;;0;no_match;;;
SGlxZFlip5512GBLvn-RD-VR-EXD-AU;Samsung Galaxy Z Flip 5 5G (512GB, Lavender) - Excellent;;;;;0;no_match;;;
SGlxZFlip5512GBMnt-RD-VR-EXD-AU;Samsung Galaxy Z Flip 5 5G (512GB, Mint) - Excellent;;;;;0;no_match;;;
SGlxZFlip5512GBYlw-RD-VR-EXD-AU;Samsung Galaxy Z Flip 5 5G (512GB, Yellow) - Excellent;;;;;0;no_match;;;
SGlxZFlip6256GBBlk-RD-VR-EXD-AU;Samsung Galaxy Z Flip 6 (256GB, Black) - Excellent;;;;;0;no_match;;;
SGlxZFlip6256GBBlu-RD-VR-EXD-AU;Samsung Galaxy Z Flip 6 (256GB, Blue) - Excellent;;;;;0;no_match;;;
SGlxWS5Cel40MMPnk-VR-ASN-AU;Samsung Galaxy Watch Series 5 Celullar (40MM, Pink Gold) - Pristine;;;;;0;no_match;;;
SGlxWS5Cel40MMSil-VR-ASN-AU;Samsung Galaxy Watch Series 5 Celullar (40MM, Silver) - Pristine;;;;;0;no_match;;;
SGlxW640MMASBlk-VR-ASN-AU;Samsung Galaxy Watch Series 6 Alumunium (40MM, Graphite Black) AU - Pristine;;;;;0;no_match;;;
SGlxW640MMASSlv-VR-ASN-AU;Samsung Galaxy Watch Series 6 Alumunium (40MM, Silver) AU - Pristine;;;;;0;no_match;;;
iPd5Mn64GBCelSil-RD-EXD-AU;Apple iPad Mini 5 Cellular (64GB, Silver) - Excellent;;;;;0;no_match;;;
ipadMini5Cell64GBGold-RD-EXD-AU;Apple iPad Mini 5 Cellular (64GB, Gold) - Excellent;;;;;0;no_match;;;
SGlxZFlip6256GBMnt-RD-VR-EXD-AU;Samsung Galaxy Z Flip 6 (256GB, Mint) - Excellent;;;;;0;no_match;;;
SGlxW644MMASCelBlk-VR-ASN-AU;Samsung Galaxy Watch Series 6 Cellular Alumunium (44MM, Graphite Black) AU - Pristine;;;;;0;no_match;;;
SGlxW644MMASCelSlv-VR-ASN-AU;Samsung Galaxy Watch Series 6 Cellular Alumunium (44MM, Silver) AU - Pristine;;;;;0;no_match;;;
SGlxW46MMStnSlvAS-VR-ASN-AU;Samsung Galaxy Watch Stainless Steel (46MM, Silver) AU - Pristine;;;;;0;no_match;;;
SW3STNCel41MMBlckAS-VR-ASN-AU;Samsung Galaxy Watch3 Cellular Stainless Steel (41MM, Black) AU - Pristine;;;;;0;no_match;;;
iPd7Cell128GBRsGld-RD-VR-EXD-AU;Apple iPad 7 Cellular (128GB, Rose Gold) - Excellent;;;;;0;no_match;;;
SW3STNCel41MMSlvAS-VR-ASN-AU;Samsung Galaxy Watch3 Cellular Stainless Steel (41MM, Silver) AU - Pristine;;;;;0;no_match;;;
SGlxW345MMSTNBlkAS-VR-ASN-AU;Samsung Galaxy Watch3 Stainless Steel (45MM, Black) AU - Pristine;;;;;0;no_match;;;
SGlxW4Cel40MMGld-VR-ASN-AU;Samsung Galaxy Watch4 Cellular (40MM, Gold) AU - Pristine;;;;;0;no_match;;;
SGlxZFlip6256GBSlv-RD-VR-EXD-AU;Samsung Galaxy Z Flip 6 (256GB, Silver) - Excellent;;;;;0;no_match;;;
SGlxW4Cel44MMBlk-VR-ASN-AU;Samsung Galaxy Watch4 Cellular (44MM, Black) AU - Pristine;;;;;0;no_match;;;
SGlxZFlip6256GBWht-RD-VR-EXD-AU;Samsung Galaxy Z Flip 6 (256GB, White) - Excellent;;;;;0;no_match;;;
ZFld3512GBblck-RD-VR-EXD-AU;Samsung Galaxy Z Fold 3 5G (512GB, Black) - Excellent;;;;;0;no_match;;;
AplWS841MMCelGrpht-RD-VR-EXD-AU;Apple Watch Series 8 Cellular (41MM, Graphite) - Excellent;;;;;0;no_match;;;
AplWS841MMCelMidnht-RD-VR-EXD-AU;Apple Watch Series 8 Cellular (41MM, Midnight) - Excellent;;;;;0;no_match;;;
SGlxW4Cel44MMGrn-VR-ASN-AU;Samsung Galaxy Watch4 Cellular (44MM, Green) AU - Pristine;;;;;0;no_match;;;
SGlxW4CLS42MMBlk-VR-ASN-AU;Samsung Galaxy Watch4 Classic (42MM, Black) AU - Pristine;;;;;0;no_match;;;
SGlxW4CLS46MMCelSlv-VR-ASN-AU;Samsung Galaxy Watch4 Classic (46MM, Cellular, Silver) AU - Pristine;;;;;0;no_match;;;
ZFld3512GBGrn-RD-VR-EXD-AU;Samsung Galaxy Z Fold 3 5G (512GB, Green) - Excellent;;;;;0;no_match;;;
SamGlxZFold45G1TBBei-RD-VR-EXD-AU;Samsung Galaxy Z Fold 4 5G (1TB, Beige) - Excellent;;;;;0;no_match;;;
SamGlxZFold45G256GBBlk-RD-VR-EXD-AU;Samsung Galaxy Z Fold 4 5G (256GB, Phantom Black) - Excellent;;;;;0;no_match;;;
SMZFold5256GBBlk-RD-VR-EXD-AU;Samsung Galaxy Z Fold 5 (256GB, Black) - Excellent;;;;;0;no_match;;;
SMZFold5256GBGryAS-RD-VR-EXD-AU;Samsung Galaxy Z Fold 5 (256GB, Grey) AU - Excellent;;;;;0;no_match;;;
SMZFold5512GBBlk-RD-VR-EXD-AU;Samsung Galaxy Z Fold 5 (512GB, Black) - Excellent;;;;;0;no_match;;;
SGlxW5Pro45MMBlk-VR-ASN-AU;Samsung Galaxy Watch5 Pro Titanium (45MM, Black) - Pristine;;;;;0;no_match;;;
SGlxW5Pro45MMGRY-VR-ASN-AU;Samsung Galaxy Watch5 Pro Titanium (45MM, Gray) - Pristine;;;;;0;no_match;;;
GalZF256BlkAs-VR-ASN-AU;Samsung Galaxy Z Flip (256GB, Black) AU - Pristine;;;;;0;no_match;;;
GalZF256PurpAs-VR-ASN-AU;Samsung Galaxy Z Flip (256GB, Purple) AU - Pristine;;;;;0;no_match;;;
GalZF3128Cream-VR-ASN-AU;Samsung Galaxy Z Flip 3 5G (128GB, Cream) - Pristine;;;;;0;no_match;;;
GalZF3128Grn-VR-ASN-AU;Samsung Galaxy Z Flip 3 5G (128GB, Green) - Pristine;;;;;0;no_match;;;
GalZF3128Lvndr-VR-ASN-AU;Samsung Galaxy Z Flip 3 5G (128GB, Lavender) - Pristine;;;;;0;no_match;;;
SMZFold5512GBBlu-RD-VR-EXD-AU;Samsung Galaxy Z Fold 5 (512GB, Blue) - Excellent;;;;;0;no_match;;;
GalZF3128Blk-VR-ASN-AU;Samsung Galaxy Z Flip 3 5G (128GB, Phantom Black) - Pristine;;;;;0;no_match;;;
AMAir20M1A2337GLD256-RD-VR-EXD-AU;"Apple Macbook Air M1 2020 13"" A2337 (256GB, 8GB RAM, Rose Gold) - Excellent";;;;;0;no_match;;;
GalZF3128Pink-VR-ASN-AU;Samsung Galaxy Z Flip 3 5G (128GB, Pink) - Pristine;;;;;0;no_match;;;
SMZFold5512GBCrm-RD-VR-EXD-AU;Samsung Galaxy Z Fold 5 (512GB, Cream) - Excellent;;;;;0;no_match;;;
GalZF3256BLWT-VR-ASN-AU;Samsung Galaxy Z Flip 3 5G (256GB, Blue White) - Pristine;;;;;0;no_match;;;
SGlxZFld5512GBIBluAS-RD-VR-EXD-AU;Samsung Galaxy Z Fold 5 (512GB, Icy Blue) AU - Excellent;;;;;0;no_match;;;
GalZF3256Cswd-VR-ASN-AU;Samsung Galaxy Z Flip 3 5G (256GB, Cream Silver White) - Pristine;;;;;0;no_match;;;
ipDPro1293rd256GBGry-RD-VR-EXD-AU;"Apple iPad Pro 12.9"" 3rd Gen (256GB, Grey) - Excellent";;;;;0;no_match;;;
ipDPro1293rd256GBSil-RD-VR-EXD-AU;"Apple iPad Pro 12.9"" 3rd Gen (256GB, Silver) - Excellent";;;;;0;no_match;;;
GalZF3256Crm-VR-ASN-AU;Samsung Galaxy Z Flip 3 5G (256GB, Cream) - Pristine;;;;;0;no_match;;;
GalZF3256Lvnd-VR-ASN-AU;Samsung Galaxy Z Flip 3 5G (256GB, Lavender) - Pristine;;;;;0;no_match;;;
GalZF3256Blk-VR-ASN-AU;Samsung Galaxy Z Flip 3 5G (256GB, Phantom Black) - Pristine;;;;;0;no_match;;;
iPro3rd1TBCell1TBGry-RD-VR-EXD-AU;"Apple iPad Pro 12.9"" 3rd Gen Cellular (1TB, Grey) - Excellent";;;;;0;no_match;;;
GalZF3256Grn-VR-ASN-AU;Samsung Galaxy Z Flip 3 5G (256GB, Phantom Green) - Pristine;;;;;0;no_match;;;
GalxS20Ultra128GBBlu-RD-VR-EXD-AU;Samsung Galaxy S20 Ultra 5G (128GB, Blue) - Excellent;;;;;0;no_match;;;
GalZF3256Pslv-VR-ASN-AU;Samsung Galaxy Z Flip 3 5G (256GB, Pink Silver) - Pristine;;;;;0;no_match;;;
SGlxZFld51TBBlkAS-RD-VR-EXD-AU;Samsung Galaxy Z Fold 5 5G (1TB, Black) AU - Excellent;;;;;0;no_match;;;
GalZF3256Yelbl-VR-ASN-AU;Samsung Galaxy Z Flip 3 5G (256GB, Yellow Blue) - Pristine;;;;;0;no_match;;;
SamGlxA225G128GBMnt-RD-VR-EXD-AU;Samsung Galaxy A22 5G (128GB, Mint) - Excellent;;;;;0;no_match;;;
SGZFlip45G128GBBlue-VR-ASN-AU;Samsung Galaxy Z Flip 4 5G (128GB, Blue) - Pristine;;;;;0;no_match;;;
SGZFlip45G128GBGrpt-VR-ASN-AU;Samsung Galaxy Z Flip 4 5G (128GB, Graphite) - Pristine;;;;;0;no_match;;;
SGZFlip45G128GBPnk-VR-ASN-AU;Samsung Galaxy Z Flip 4 5G (128GB, Pink Gold) - Pristine;;;;;0;no_match;;;
SGlxA31128GBWht-RD-VR-EXD-AU;Samsung Galaxy A31 (128GB, White) - Excellent;;;;;0;no_match;;;
SGlxA31128GBBlu-RD-VR-EXD-AU;Samsung Galaxy A31 (128GB, Blue) - Excellent;;;;;0;no_match;;;
SGZFlip45G128GBPurp-VR-ASN-AU;Samsung Galaxy Z Flip 4 5G (128GB, Purple) - Pristine;;;;;0;no_match;;;
SGZFlip45G256GBBlue-VR-ASN-AU;Samsung Galaxy Z Flip 4 5G (256GB, Blue) - Pristine;;;;;0;no_match;;;
SGlxZFld51TBIBluAS-RD-VR-EXD-AU;Samsung Galaxy Z Fold 5 5G (1TB, Icy Blue) AU - Excellent;;;;;0;no_match;;;
SGlxZFold6256GBBlk-RD-VR-EXD-AU;Samsung Galaxy Z Fold 6 (256GB, Black) - Excellent;;;;;0;no_match;;;
SGZFlip45G256GBPrp-VR-ASN-AU;Samsung Galaxy Z Flip 4 5G (256GB, Bora Purple) - Pristine;;;;;0;no_match;;;
iPDMICELl64GBSpG-RD-VR-EXD-AU;Apple iPad Mini 6 Cellular (64GB, Space Grey) - Excellent;;;;;0;no_match;;;
SGZFlip45G256GBGrpt-VR-ASN-AU;Samsung Galaxy Z Flip 4 5G (256GB, Graphite) - Pristine;;;;;0;no_match;;;
SGlxZFold6256GBNvy-RD-VR-EXD-AU;Samsung Galaxy Z Fold 6 (256GB, Navy) - Excellent;https://reebelo.com.au/collections/samsung-galaxy-z-fold-4?skuId=sku-mnqydgp6fT217ZF90JgVDVe;256GB, 256 GB | Phantom Black;677.99;Galaxy Z Fold4 - 256GB - Phantom Black;1;matched;;Very Good;https://reebelo.com.au/collections/samsung-galaxy-z-fold-4?skuId=sku-mnqydgp6fT217ZF90JgVDVe
SGZFlip45G256GBPnk-VR-ASN-AU;Samsung Galaxy Z Flip 4 5G (256GB, Pink Gold) - Pristine;;;;;0;no_match;;;
SMFLD61TBWht-RD-VR-EXD-AU;Samsung Galaxy Z Fold 6 (1TB, White) - Excellent;;;;;0;no_match;;;
SGZFlip45G256GBWht-VR-ASN-AU;Samsung Galaxy Z Flip 4 5G (256GB, White) - Pristine;;;;;0;no_match;;;
GalZF3256YLBL-RD-VR-EXD-AU;Samsung Galaxy Z Flip 3 5G (256GB, Yellow Blue) - Excellent;;;;;0;no_match;;;
SGZFlip45G512GBBlue-VR-ASN-AU;Samsung Galaxy Z Flip 4 5G (512GB, Blue) - Pristine;;;;;0;no_match;;;
SGlxZFold6256GBPnk-RD-VR-EXD-AU;Samsung Galaxy Z Fold 6 (256GB, Pink) - Excellent;;;;;0;no_match;;;
SGlxZFold6256GBSlv-RD-VR-EXD-AU;Samsung Galaxy Z Fold 6 (256GB, Silver) - Excellent;;;;;0;no_match;;;
SGZFlip45G512GBPrp-VR-ASN-AU;Samsung Galaxy Z Flip 4 5G (512GB, Bora Purple) - Pristine;;;;;0;no_match;;;
SGZFlip45G512GBGrpht-VR-ASN-AU;Samsung Galaxy Z Flip 4 5G (512GB, Graphite) - Pristine;;;;;0;no_match;;;
SGlxZFold6256GBWht-RD-VR-EXD-AU;Samsung Galaxy Z Fold 6 (256GB, White) - Excellent;;;;;0;no_match;;;
SGlxZFold6512GBBlk-RD-VR-EXD-AU;Samsung Galaxy Z Fold 6 (512GB, Black) - Excellent;;;;;0;no_match;;;
SGlxZFold6512GBNvy-RD-VR-EXD-AU;Samsung Galaxy Z Fold 6 (512GB, Navy) - Excellent;;;;;0;no_match;;;
SGZFlip45G512GBPink-VR-ASN-AU;Samsung Galaxy Z Flip 4 5G (512GB, Pink) - Pristine;;;;;0;no_match;;;
SGlxZFlip5256GBBlu-VR-ASN-AU;Samsung Galaxy Z Flip 5 5G (256GB, Blue) - Pristine;;;;;0;no_match;;;
SGlxZFlip5256GBCRM-VR-ASN-AU;Samsung Galaxy Z Flip 5 5G (256GB, Cream) - Pristine;;;;;0;no_match;;;
SGlxZFlip5256GBCrmAS-VR-ASN-AU;Samsung Galaxy Z Flip 5 5G (256GB, Cream) AU - Pristine;;;;;0;no_match;;;
SGlxZFold6512GBSlv-RD-VR-EXD-AU;Samsung Galaxy Z Fold 6 (512GB, Silver) - Excellent;;;;;0;no_match;;;
SGlxZFlip5256GBGpt-VR-ASN-AU;Samsung Galaxy Z Flip 5 5G (256GB, Graphite) - Pristine;;;;;0;no_match;;;
SGlxZFlip5256GBGrn-VR-ASN-AU;Samsung Galaxy Z Flip 5 5G (256GB, Green) - Pristine;;;;;0;no_match;;;
SGlxZFlip6512GBWht-RD-VR-EXD-AU;Samsung Galaxy Z Flip 6 5G (512GB, White) - Excellent;;;;;0;no_match;;;
SGlxZFlip6512GBBlu-RD-VR-EXD-AU;Samsung Galaxy Z Flip 6 5G (512GB, Blue) - Excellent;;;;;0;no_match;;;
SGlxZFlip6512GBMnt-RD-VR-EXD-AU;Samsung Galaxy Z Flip 6 5G (512GB, Mint) - Excellent;;;;;0;no_match;;;
SGlxZFlip6512GBYLw-RD-VR-EXD-AU;Samsung Galaxy Z Flip 6 5G (512GB, Yellow) - Excellent;;;;;0;no_match;;;
SGlxZFlip6512GBPch-RD-VR-EXD-AU;Samsung Galaxy Z Flip 6 5G (512GB, Peach) - Excellent;;;;;0;no_match;;;
SNote20UT256GBBlk-RD-VR-EXD-AU;Samsung Galaxy Note 20 Ultra (256GB, Black) - Excellent;;;;;0;no_match;;;
SNote20UT256GBBrz-RD-VR-EXD-AU;Samsung Galaxy Note 20 Ultra (256GB, Mystic Bronze) - Excellent;;;;;0;no_match;;;
SGlxZFlip5256GBLvn-VR-ASN-AU;Samsung Galaxy Z Flip 5 5G (256GB, Lavender) - Pristine;;;;;0;no_match;;;
SGlxZFlip5256GBMnt-VR-ASN-AU;Samsung Galaxy Z Flip 5 5G (256GB, Mint) - Pristine;;;;;0;no_match;;;
GalS20Pls512GBGry-RD-VR-EXD-AU;Samsung Galaxy S20+ Plus (12GB RAM, 512GB, Grey) - Excellent;;;;;0;no_match;;;
SGlxZFlip5256GBYlw-VR-ASN-AU;Samsung Galaxy Z Flip 5 5G (256GB, Yellow) - Pristine;;;;;0;no_match;;;
SMS20FE5G265GBNavy-RD-VR-EXD-AU;Samsung Galaxy S20 FE 5G (265GB, Navy) - Excellent;;;;;0;no_match;;;
SGlxZFlip5512GBBlu-VR-ASN-AU;Samsung Galaxy Z Flip 5 5G (512GB, Blue) - Pristine;;;;;0;no_match;;;
SGlxWatch3Cel41MMBlk-RD-VR-EXD-AU;Samsung Galaxy Watch 3 (41MM, Cellular, Black) - Excellent;;;;;0;no_match;;;
SamGalWtch3Cel41MMSlv-RD-VR-EXD-AU;Samsung Galaxy Watch 3 (41MM, Silver, Cellular) - Excellent;;;;;0;no_match;;;
SamGalWtch3Cel41MMBrnz-RD-VR-EXD-AU;Samsung Galaxy Watch 3 (41MM, Bronze, Cellular) - Excellent;;;;;0;no_match;;;
SGlxWatch3Bth41MMBlk-RD-VR-EXD-AU;Samsung Galaxy Watch 3 (41MM, Bluetooth, Black) - Excellent;;;;;0;no_match;;;
SamGalWtch3Cel45MMBlck-RD-VR-EXD-AU;Samsung Galaxy Watch 3 (45MM, Black, Cellular) - Excellent;;;;;0;no_match;;;
SamGalWtch3Cel45MMSlv-RD-VR-EXD-AU;Samsung Galaxy Watch 3 (45MM, Silver, Cellular) - Excellent;;;;;0;no_match;;;
SamGalWtch3Bth45MMBlck-RD-VR-EXD-AU;Samsung Galaxy Watch 3 (45MM, Black, Bluetooth) - Excellent;;;;;0;no_match;;;
SamGalWtch3Bth45MMSlv-RD-VR-EXD-AU;Samsung Galaxy Watch 3 (45MM, Silver, Bluetooth) - Excellent;;;;;0;no_match;;;
GalS23FE5G128Crm-RD-VR-EXD-AU;Samsung Galaxy S23 FE (128GB, Cream) - Excellent;;;;;0;no_match;;;
GalS23FE5G128Tng-RD-VR-EXD-AU;Samsung Galaxy S23 FE (128GB, Tangerine) - Excellent;;;;;0;no_match;;;
SGlxZFlip5512GBCrm-VR-ASN-AU;Samsung Galaxy Z Flip 5 5G (512GB, Cream) - Pristine;;;;;0;no_match;;;
SGlxZFlip5512GBGpt-VR-ASN-AU;Samsung Galaxy Z Flip 5 5G (512GB, Graphite) - Pristine;;;;;0;no_match;;;
GalxS205G128GBWht-RD-VR-EXD-AU;Samsung Galaxy S20 5G (12GB RAM, 128GB, Cloud White) - Excellent;;;;;0;no_match;;;
SGlxZFlip5512GBGrn-VR-ASN-AU;Samsung Galaxy Z Flip 5 5G (512GB, Green) - Pristine;;;;;0;no_match;;;
SGlxZFlip5512GBGry-VR-ASN-AU;Samsung Galaxy Z Flip 5 5G (512GB, Grey) - Pristine;;;;;0;no_match;;;
GlxS20+5G128GPnk-RD-VR-EXD-AU;Samsung Galaxy S20+ Plus 5G (12GB RAM, 128GB, Pink) - Excellent;;;;;0;no_match;;;
SGlxZFlip5512GBLvn-VR-ASN-AU;Samsung Galaxy Z Flip 5 5G (512GB, Lavender) - Pristine;;;;;0;no_match;;;
iPh16Plus256GBTeal-RD-VR-EXD-AU;Apple iPhone 16 Plus (256GB, Teal) - Excellent;;;;;0;no_match;;;
SGlxZFlip5512GBMnt-VR-ASN-AU;Samsung Galaxy Z Flip 5 5G (512GB, Mint) - Pristine;;;;;0;no_match;;;
SGlxZFlip5512GBYlw-VR-ASN-AU;Samsung Galaxy Z Flip 5 5G (512GB, Yellow) - Pristine;;;;;0;no_match;;;
SGlxZFlip6256GBBlk-VR-ASN-AU;Samsung Galaxy Z Flip 6 5G (256GB, Black) - Pristine;;;;;0;no_match;;;
iPhn16Pro5G512GBBrz-RD-VR-EXD-AU;Apple iPhone 16 PRO 5G (512GB, Bronze) - Excellent;;;;;0;no_match;;;
iPhn16Pro5G512GBBlk-RD-VR-EXD-AU;Apple iPhone 16 PRO 5G (512GB, Black) - Excellent;;;;;0;no_match;;;
SGlxZFlip6256GBBlu-VR-ASN-AU;Samsung Galaxy Z Flip 6 5G (256GB, Blue) - Pristine;;;;;0;no_match;;;
SGlxZFlip6256GBMnt-VR-ASN-AU;Samsung Galaxy Z Flip 6 5G (256GB, Mint) - Pristine;;;;;0;no_match;;;
GalS23FE5G256Mnt-RD-VR-EXD-AU;Samsung Galaxy S23 FE (256GB, Mint) - Excellent;;;;;0;no_match;;;
GalS23FE5G256iND-RD-VR-EXD-AU;Samsung Galaxy S23 FE (256GB, Indigo) - Excellent;;;;;0;no_match;;;
SGlxZFlip6256GBPch-VR-ASN-AU;Samsung Galaxy Z Flip 6 5G (256GB, Peach) - Pristine;https://reebelo.com.au/collections/samsung-galaxy-z-flip-5-5g?skuId=sku-mq8brelqZsixq3ikzOOrdNX;256GB, 256 GB | Graphite | 5G;597.99;Galaxy Z Flip5 (5G) - 256GB - Graphite;1;matched;;Like New;https://reebelo.com.au/collections/samsung-galaxy-z-flip-5-5g?skuId=sku-mq8brelqZsixq3ikzOOrdNX
SGlxZFlip6256GBSilL-VR-ASN-AU;Samsung Galaxy Z Flip 6 5G (256GB, Silver) - Pristine;;;;;0;no_match;;;
SGlxZFlip6256GBWht-VR-ASN-AU;Samsung Galaxy Z Flip 6 5G (256GB, White) - Pristine;;;;;0;no_match;;;
GalS23FE5G256Crm-RD-VR-EXD-AU;Samsung Galaxy S23 FE (256GB, Cream) - Excellent;;;;;0;no_match;;;
SGlxZFlip6256GBYlw-VR-ASN-AU;Samsung Galaxy Z Flip 6 5G (256GB, Yellow) - Pristine;;;;;0;no_match;;;
SGlxZFlip6512GBBlk-VR-ASN-AU;Samsung Galaxy Z Flip 6 5G (512GB, Black) - Pristine;;;;;0;no_match;;;
SGlxZFlip6512GBBlu-VR-ASN-AU;Samsung Galaxy Z Flip 6 5G (512GB, Blue) - Pristine;;;;;0;no_match;;;
SGlxZFlip6512GBMnt-VR-ASN-AU;Samsung Galaxy Z Flip 6 5G (512GB, Mint) - Pristine;;;;;0;no_match;;;
SGlxZFlip6512GBPch-VR-ASN-AU;Samsung Galaxy Z Flip 6 5G (512GB, Peach) - Pristine;;;;;0;no_match;;;
SGlxZFlip6512GBSIL-VR-ASN-AU;Samsung Galaxy Z Flip 6 5G (512GB, Silver) - Pristine;;;;;0;no_match;;;
SGlxZFlip6512GBWht-VR-ASN-AU;Samsung Galaxy Z Flip 6 5G (512GB, White) - Pristine;;;;;0;no_match;;;
SGlxZFlip6512GBYLw-VR-ASN-AU;Samsung Galaxy Z Flip 6 5G (512GB, Yellow) - Pristine;;;;;0;no_match;;;
SamGalZFold25G256GBBlckDS-VR-ASN-AU;Samsung Galaxy Z Fold 2 5G (256GB, Black) - Pristine;;;;;0;no_match;;;
SamGalZFold25G256GBBrnzDS-VR-ASN-AU;Samsung Galaxy Z Fold 2 5G (256GB, Bronze) - Pristine;;;;;0;no_match;;;
GalxFold2512GBBrnz5G-ASN-AU;Samsung Galaxy Z Fold 2 5G (512GB, Bronze) - Pristine;;;;;0;no_match;;;
SGZfld35G256GMBlk-VR-ASN-AU;Samsung Galaxy Z Fold 3 5G (256GB, Phantom Black) - Pristine;;;;;0;no_match;;;
SGZfld35G256GMGrn-VR-ASN-AU;Samsung Galaxy Z Fold 3 5G (256GB, Phantom Green) - Pristine;;;;;0;no_match;;;
SGlxS23FE256GBOrg-RD-VR-EXD-AU;Samsung Galaxy S23 FE (256GB, Orange/Tangerine) - Excellent;;;;;0;no_match;;;
AplWS841MMCelSlv-RD-VR-EXD-AU;Apple Watch Series 8 Cellular (41MM, Silver) - Excellent;;;;;0;no_match;;;
SGZfld35G256GMSil-VR-ASN-AU;Samsung Galaxy Z Fold 3 5G (256GB, Phantom Silver) - Pristine;;;;;0;no_match;;;
ApWS644mmCelSil-VR-RD-EXD-AU;Apple Watch Series 6 (44MM, Silver, Cellular) - Excellent;;;;;0;no_match;;;
ApWS644mmCelRed-VR-RD-EXD-AU;Apple Watch Series 6 (44MM, Red, Cellular) - Excellent;;;;;0;no_match;;;
SGZfld35G512GBGMBlck-VR-ASN-AU;Samsung Galaxy Z Fold 3 5G (512GB, Phantom Black) - Pristine;;;;;0;no_match;;;
SGZfld35G512GBGMGrn-VR-ASN-AU;Samsung Galaxy Z Fold 3 5G (512GB, Phantom Green) - Pristine;;;;;0;no_match;;;
SGZfld35G512GBGMSilv-VR-ASN-AU;Samsung Galaxy Z Fold 3 5G (512GB, Phantom Silver) - Pristine;;;;;0;no_match;;;
SMZFold5256GBGry-RD-VR-EXD-AU;Samsung Galaxy Z Fold 5 (256GB, Grey) - Excellent;;;;;0;no_match;;;
SMZFold5512GBGry-RD-VR-EXD-AU;Samsung Galaxy Z Fold 5 (512GB, Grey) - Excellent;;;;;0;no_match;;;
SGlxZFld5512GBIBlu-RD-VR-EXD-AU;Samsung Galaxy Z Fold 5 (512GB, Icy Blue) - Excellent;;;;;0;no_match;;;
SGlxZFld51TBBlk-RD-VR-EXD-AU;Samsung Galaxy Z Fold 5 (1TB, Black) - Excellent;;;;;0;no_match;;;
SGlxZFld51TBIBlu-RD-VR-EXD-AU;Samsung Galaxy Z Fold 5 (1TB, Icy Blue) - Excellent;;;;;0;no_match;;;
SamGlxZFold45G1TBBei-VR-ASN-AU;Samsung Galaxy Z Fold 4 5G (1TB, Beige) - Pristine;;;;;0;no_match;;;
SamGlxZFold45G1TBGrn-VR-ASN-AU;Samsung Galaxy Z Fold 4 5G (1TB, Graygreen) - Pristine;;;;;0;no_match;;;
SamGlxZFold45G1TBBlk-VR-ASN-AU;Samsung Galaxy Z Fold 4 5G (1TB, Phantom Black) - Pristine;;;;;0;no_match;;;
SamGlxZFold45G256GBBei-VR-ASN-AU;Samsung Galaxy Z Fold 4 5G (256GB, Beige) - Pristine;;;;;0;no_match;;;
SamGlxZFold45G256GBBGNAS-VR-ASN-AU;Samsung Galaxy Z Fold 4 5G (256GB, Burgundy) AU - Pristine;;;;;0;no_match;;;
SamGlxZFold45G256GBGrn-VR-ASN-AU;Samsung Galaxy Z Fold 4 5G (256GB, Graygreen) - Pristine;;;;;0;no_match;;;
SamGlxZFold45G256GBBlk-VR-ASN-AU;Samsung Galaxy Z Fold 4 5G (256GB, Phantom Black) - Pristine;;;;;0;no_match;;;
SamGlxZFold45G512GBbEI-VR-ASN-AU;Samsung Galaxy Z Fold 4 5G (512GB, Beige) - Pristine;;;;;0;no_match;;;
GalS24Ult12R1TBBlu-RD-VR-EXD-AU;Samsung Galaxy S24 Ultra 5G (1TB, Titanium Blue) - Excellent;;;;;0;no_match;;;
GalS24Ult12R1TBGrn-RD-VR-EXD-AU;Samsung Galaxy S24 Ultra 5G (1TB, Titanium Green) - Excellent;;;;;0;no_match;;;
SamGlxZFold45G512GBBur-VR-ASN-AU;Samsung Galaxy Z Fold 4 5G (512GB, Burgundy) - Pristine;;;;;0;no_match;;;
SamGlxZFold45G512GBGrn-VR-ASN-AU;Samsung Galaxy Z Fold 4 5G (512GB, Graygreen) - Pristine;;;;;0;no_match;;;
GalS24Ult12R1TBOrg-RD-VR-EXD-AU;Samsung Galaxy S24 Ultra 5G (1TB, Orange) - Excellent;;;;;0;no_match;;;
SamGlxZFold45G512GBBlk-VR-ASN-AU;Samsung Galaxy Z Fold 4 5G (512GB, Phantom Black) - Pristine;;;;;0;no_match;;;
GalS24Pls256Blu-RD-VR-EXD-AU;Samsung Galaxy S24 Plus 5G (256GB, Sapphire Blue) - Excellent;;;;;0;no_match;;;
SMZFold5256GBBlk-VR-ASN-AU;Samsung Galaxy Z Fold 5 (256GB, Black) - Pristine;;;;;0;no_match;;;
GalS24Pls256Slv-RD-VR-EXD-AU;Samsung Galaxy S24 Plus 5G (256GB, Silver) - Excellent;;;;;0;no_match;;;
SMZFold5256GBBlu-VR-ASN-AU;Samsung Galaxy Z Fold 5 (256GB, Blue) - Pristine;;;;;0;no_match;;;
SMZFold5256GBCrm-VR-ASN-AU;Samsung Galaxy Z Fold 5 (256GB, Cream) - Pristine;;;;;0;no_match;;;
SMZFold5256GBGry-VR-ASN-AU;Samsung Galaxy Z Fold 5 (256GB, Grey) - Pristine;;;;;0;no_match;;;
AplWS841MMCelGld-RD-VR-EXD-AU;Apple Watch Series 8 Cellular (41MM, Gold) - Excellent;;;;;0;no_match;;;
SMZFold5256GBGryAS-VR-ASN-AU;Samsung Galaxy Z Fold 5 (256GB, Grey) AU - Pristine;;;;;0;no_match;;;
SMZFold5256GBiBlu-VR-ASN-AU;Samsung Galaxy Z Fold 5 (256GB, Ice Blue) - Pristine;;;;;0;no_match;;;
SMZFold5512GBBlk-VR-ASN-AU;Samsung Galaxy Z Fold 5 (512GB, Black) - Pristine;;;;;0;no_match;;;
SMZFold5512GBBlu-VR-ASN-AU;Samsung Galaxy Z Fold 5 (512GB, Blue) - Pristine;;;;;0;no_match;;;
SMZFold5512GBCrm-VR-ASN-AU;Samsung Galaxy Z Fold 5 (512GB, Cream) - Pristine;;;;;0;no_match;;;
iPh13Mn512GBPnkAS-RD-VR-EXD-AU;Apple iPhone 13 Mini (512GB, Pink) - Excellent;;;;;0;no_match;;;
SMZFold5512GBGry-VR-ASN-AU;Samsung Galaxy Z Fold 5 (512GB, Grey) - Pristine;;;;;0;no_match;;;
GNT10Plus5G256GBBlu-RD-VR-EXD-AU;Samsung Galaxy Note 10+ Plus 5G (12GB RAM, 256GB, Blue) - Excellent;;;;;0;no_match;;;
GNT10Plus5G256GBWht-RD-VR-EXD-AU;Samsung Galaxy Note 10+ Plus 5G (12GB RAM, 256GB, White) - Excellent;;;;;0;no_match;;;
GalxNote10+5G512GBWht-RD-VR-EXD-AU;Samsung Galaxy Note 10+ Plus 5G (512GB, White)  - Excellent;;;;;0;no_match;;;
SMZFold5512GBGryAS-VR-ASN-AU;Samsung Galaxy Z Fold 5 (512GB, Grey) AU - Pristine;;;;;0;no_match;;;
SGlxZFld5512GBIBlu-VR-ASN-AU;Samsung Galaxy Z Fold 5 (512GB, Icy Blue) - Pristine;;;;;0;no_match;;;
SGlxZFld5512GBIBluAS-VR-ASN-AU;Samsung Galaxy Z Fold 5 (512GB, Icy Blue) AU - Pristine;;;;;0;no_match;;;
SGlxZFld51TBBlk-VR-ASN-AU;Samsung Galaxy Z Fold 5 5G (1TB, Black) - Pristine;;;;;0;no_match;;;
SGlxZFld51TBBlkAS-VR-ASN-AU;Samsung Galaxy Z Fold 5 5G (1TB, Black) AU - Pristine;;;;;0;no_match;;;
S22Ut5G1TBGrpt-RD-VR-EXD-AU;Samsung Galaxy S22 ULTRA 5G (1TB, Graphite) - Excellent;;;;;0;no_match;;;
AWTCH941MMCLLBlk-RD-VR-EXD-AU;Apple Watch Series 9 Aluminum Cellular (41MM, Black) - Excellent;;;;;0;no_match;;;
SGlxZFld51TBBlu-VR-ASN-AU;Samsung Galaxy Z Fold 5 5G (1TB, Blue) - Pristine;;;;;0;no_match;;;
ApWtS9Al45MMCellSil-RD-VR-EXD-AU;Apple Watch Series 9 Aluminium (45MM, Celullar, Silver) - Excellent;;;;;0;no_match;;;
ApWtS9Al45MMCellRSe-RD-VR-EXD-AU;Apple Watch Series 9 Aluminium (45MM, Celullar, Rose Gold) - Excellent;;;;;0;no_match;;;
SGlxZFld51TBBluAS-VR-ASN-AU;Samsung Galaxy Z Fold 5 5G (1TB, Blue) AU - Pristine;;;;;0;no_match;;;
SGlxZFld51TBCrm-VR-ASN-AU;Samsung Galaxy Z Fold 5 5G (1TB, Cream) - Pristine;;;;;0;no_match;;;
AplWtS845MMMid-RD-VR-EXD-AU;Apple Watch Series 8 (45MM, Midnight) - Excellent;;;;;0;no_match;;;
AplWS845MMCelBlk-RD-VR-EXD-AU;Apple Watch Series 8 Cellular (45MM, Black) - Excellent;;;;;0;no_match;;;
AplWS845MMCelSlv-RD-VR-EXD-AU;Apple Watch Series 8 Cellular (45MM, Silver) - Excellent;;;;;0;no_match;;;
AplWS845MMCelGld-RD-VR-EXD-AU;Apple Watch Series 8 Cellular (45MM, Gold) - Excellent;;;;;0;no_match;;;
SGlxZFld51TBCrmAS-VR-ASN-AU;Samsung Galaxy Z Fold 5 5G (1TB, Cream) AU - Pristine;;;;;0;no_match;;;
SGlxZFld51TBGry-VR-ASN-AU;Samsung Galaxy Z Fold 5 5G (1TB, Grey) - Pristine;;;;;0;no_match;;;
SGlxZFld51TBGryAS-VR-ASN-AU;Samsung Galaxy Z Fold 5 5G (1TB, Grey) AU - Pristine;;;;;0;no_match;;;
SGlxZFld51TBIBlu-VR-ASN-AU;Samsung Galaxy Z Fold 5 5G (1TB, Icy Blue) - Pristine;;;;;0;no_match;;;
SGlxZFld51TBIBluAS-VR-ASN-AU;Samsung Galaxy Z Fold 5 5G (1TB, Icy Blue) AU - Pristine;;;;;0;no_match;;;
AplWtchS741MMCelSlv-RD-VR-EXD-AU;Apple Watch Series 7 (Silver, 41MM, CELLULAR) - Excellent;;;;;0;no_match;;;
AplWtchS741MMCelGry-RD-VR-EXD-AU;Apple Watch Series 7 (Grey, 41MM, CELLULAR) - Excellent;;;;;0;no_match;;;
AplWtchS741MMCelGld-RD-VR-EXD-AU;Apple Watch Series 7 (Gold, 41MM, CELLULAR) - Excellent;;;;;0;no_match;;;
SMFLD61TBBlk-VR-ASN-AU;Samsung Galaxy Z Fold 6 (1TB, Black) - Pristine;;;;;0;no_match;;;
SMFLD61TBNvy-VR-ASN-AU;Samsung Galaxy Z Fold 6 (1TB, Navy) - Pristine;;;;;0;no_match;;;
AplWtchS741MMCelGrn-RD-VR-EXD-AU;Apple Watch Series 7 (Green, 41MM, CELLULAR) - Excellent;;;;;0;no_match;;;
AplWtchS741MMCelRed-RD-VR-EXD-AU;Apple Watch Series 7 (Red, 41MM, CELLULAR) - Excellent;;;;;0;no_match;;;
AplWtchS745MMCelSlv-RD-VR-EXD-AU;Apple Watch Series 7 Celular (45MM, Silver) - Excellent;;;;;0;no_match;;;
AplWtchS745MMCelGry-RD-VR-EXD-AU;Apple Watch Series 7 Celular (45MM, Grey) - Excellent;;;;;0;no_match;;;
AplWtchS745MMMidCel-RD-VR-EXD-AU;Apple Watch Series 7 Celular (45MM, Midnight) - Excellent;;;;;0;no_match;;;
AplWtchS745MMCelGld-RD-VR-EXD-AU;Apple Watch Series 7 Celular (45MM, Gold) - Excellent;;;;;0;no_match;;;
SMFLD61TBPnk-VR-ASN-AU;Samsung Galaxy Z Fold 6 (1TB, Pink) - Pristine;;;;;0;no_match;;;
SMFLD61TBSlv-VR-ASN-AU;Samsung Galaxy Z Fold 6 (1TB, Silver) - Pristine;;;;;0;no_match;;;
SMFLD61TBWht-VR-ASN-AU;Samsung Galaxy Z Fold 6 (1TB, White) - Pristine;;;;;0;no_match;;;
SGlxZFold6256GBBlk-VR-ASN-AU;Samsung Galaxy Z Fold 6 (256GB, Black) - Pristine;;;;;0;no_match;;;
SGlxZFold6256GBNvy-VR-ASN-AU;Samsung Galaxy Z Fold 6 (256GB, Navy) - Pristine;;;;;0;no_match;;;
SGlxZFold6256GBPnk-VR-ASN-AU;Samsung Galaxy Z Fold 6 (256GB, Pink) - Pristine;;;;;0;no_match;;;
SGlxZFold6256GBSlv-VR-ASN-AU;Samsung Galaxy Z Fold 6 (256GB, Silver) - Pristine;;;;;0;no_match;;;
SGlxZFold6256GBWht-VR-ASN-AU;Samsung Galaxy Z Fold 6 (256GB, White) - Pristine;;;;;0;no_match;;;
SM25UT512GBBlk-RD-VR-EXD-AU;Samsung Galaxy S25 Ultra 5G (512GB, Black) - Excellent;;;;;0;no_match;;;
SM25UT512GBGry-RD-VR-EXD-AU;Samsung Galaxy S25 Ultra 5G (512GB, Gray) - Excellent;;;;;0;no_match;;;
SM25PLS256GBSil-RD-VR-EXD-AU;Samsung Galaxy S25 Plus 5G (256GB, Silver Shadow) - Excellent;;;;;0;no_match;;;
SM25PLS256GBNav-RD-VR-EXD-AU;Samsung Galaxy S25 Plus 5G (256GB, Navy) - Excellent;;;;;0;no_match;;;
SGlxZFold6512GBBlk-VR-ASN-AU;Samsung Galaxy Z Fold 6 (512GB, Black) - Pristine;;;;;0;no_match;;;
SGlxZFold6512GBNvy-VR-ASN-AU;Samsung Galaxy Z Fold 6 (512GB, Navy) - Pristine;;;;;0;no_match;;;
iPd10256GBBlu-RD-VR-EXD-AU;Apple iPad 10 (256GB, Blue) - Excellent;;;;;0;no_match;;;
iPd10256GBPnk-RD-VR-EXD-AU;Apple iPad 10 (256GB, Pink) - Excellent;;;;;0;no_match;;;
iPd10256GBSlv-RD-VR-EXD-AU;Apple iPad 10 (256GB, Silver) - Excellent;;;;;0;no_match;;;
iPd10256GBYlw-RD-VR-EXD-AU;Apple iPad 10 (256GB, Yellow) - Excellent;;;;;0;no_match;;;
SGlxZFold6512GBPnk-VR-ASN-AU;Samsung Galaxy Z Fold 6 (512GB, Pink) - Pristine;;;;;0;no_match;;;
SGlxZFold6512GBSlv-VR-ASN-AU;Samsung Galaxy Z Fold 6 (512GB, Silver) - Pristine;;;;;0;no_match;;;
SGlxZFold6512GBWht-VR-ASN-AU;Samsung Galaxy Z Fold 6 (512GB, White) - Pristine;;;;;0;no_match;;;
SM25UT1TBBlck-VR-ASN-AU;Samsung Galaxy S25 Ultra 5G (1TB, Titanium Black) - Pristine;;;;;0;no_match;;;
SM25UT1TBGry-VR-ASN-AU;Samsung Galaxy S25 Ultra 5G (1TB, Titanium Grey) - Pristine;;;;;0;no_match;;;
SM25UT1TBWht-VR-ASN-AU;Samsung Galaxy S25 Ultra 5G (1TB, Titanium White) - Pristine;;;;;0;no_match;;;
SM25UT1TBPnk-VR-ASN-AU;Samsung Galaxy S25 Ultra 5G (1TB, Titanium Pink) - Pristine;;;;;0;no_match;;;
SM25UT1TBGrn-VR-ASN-AU;Samsung Galaxy S25 Ultra 5G (1TB, Titanium Green) - Pristine;;;;;0;no_match;;;
SM25UT1TBJtBlck-VR-ASN-AU;Samsung Galaxy S25 Ultra 5G (1TB, Titanium Jet Black) - Pristine;;;;;0;no_match;;;
SMG25Ult256GBBlck-VR-ASN-AU;Samsung Galaxy S25 Ultra (256GB, Titanium Black) - Pristine;;;;;0;no_match;;;
SMG25Ult256GBGry-VR-ASN-AU;Samsung Galaxy S25 Ultra (256GB, Titanium Grey) - Pristine;;;;;0;no_match;;;
SMG25Ult256GBWht-VR-ASN-AU;Samsung Galaxy S25 Ultra (256GB, Titanium White) - Pristine;;;;;0;no_match;;;
SMG25Ult256GBPnk-VR-ASN-AU;Samsung Galaxy S25 Ultra (256GB, Titanium Pink) - Pristine;;;;;0;no_match;;;
SMG25Ult256GBGrn-VR-ASN-AU;Samsung Galaxy S25 Ultra (256GB, Titanium Green) - Pristine;;;;;0;no_match;;;
SMG25Ult256GBJtBlck-VR-ASN-AU;Samsung Galaxy S25 Ultra (256GB, Titanium Jet Black) - Pristine;;;;;0;no_match;;;
SMG25Ult256GBBLU-VR-ASN-AU;Samsung Galaxy S25 Ultra (256GB, Titanium Silver Blue) - Pristine;;;;;0;no_match;;;
iP15512GBBlue-RD-VR-EXD-AU;Apple iPhone 15 (512GB, Blue) - Excellent;;;;;0;no_match;;;
iP15512GBYlw-RD-VR-EXD-AU;Apple iPhone 15 (512GB, Yellow) - Excellent;;;;;0;no_match;;;
iP15512GBBlue-VR-ASN-AU;Apple iPhone 15 (512GB, Blue) - Pristine;;;;;0;no_match;;;
iP15512GBYlw-VR-ASN-AU;Apple iPhone 15 (512GB, Yellow) - Pristine;;;;;0;no_match;;;
iPh16128GBUlt-RD-VR-EXD-AU;Apple iPhone 16 (128GB, Ultramarine) - Excellent;;;;;0;no_match;;;
iPh16128GBTeal-RD-VR-EXD-AU;Apple iPhone 16 (128GB, Teal) - Excellent;;;;;0;no_match;;;
iPh16128GBUlt-VR-ASN-AU;Apple iPhone 16 (128GB, Ultramarine) - Pristine;;;;;0;no_match;;;
iPh16128GBTeal-VR-ASN-AU;Apple iPhone 16 (128GB, Teal) - Pristine;;;;;0;no_match;;;
iPh16128GBBlck-RD-VR-EXD-AU;Apple iPhone 16 (128GB, Black) - Excellent;;;;;0;no_match;;;
iPh16128GBWht-RD-VR-EXD-AU;Apple iPhone 16 (128GB, White) - Excellent;;;;;0;no_match;;;
iPh16128GBPnk-RD-VR-EXD-AU;Apple iPhone 16 (128GB, Pink) - Excellent;;;;;0;no_match;;;
iPh16128GBBlck-VR-ASN-AU;Apple iPhone 16 (128GB, Black) - Pristine;;;;;0;no_match;;;
iPh16128GBWht-VR-ASN-AU;Apple iPhone 16 (128GB, White) - Pristine;;;;;0;no_match;;;
iPh16128GBPnk-VR-ASN-AU;Apple iPhone 16 (128GB, Pink) - Pristine;;;;;0;no_match;;;
iPh16256GBBlck-RD-VR-EXD-AU;Apple iPhone 16 (256GB, Black) - Excellent;;;;;0;no_match;;;
iPh16256GBBlck-VR-ASN-AU;Apple iPhone 16 (256GB, Black) - Pristine;;;;;0;no_match;;;
iPh16256GBWht-RD-VR-EXD-AU;Apple iPhone 16 (256GB, White) - Excellent;;;;;0;no_match;;;
iPh16256GBPnk-RD-VR-EXD-AU;Apple iPhone 16 (256GB, Pink) - Excellent;;;;;0;no_match;;;
iPh16256GBTeal-RD-VR-EXD-AU;Apple iPhone 16 (256GB, Teal) - Excellent;;;;;0;no_match;;;
iPh16256GBUltrmrn-RD-VR-EXD-AU;Apple iPhone 16 (256GB, Ultramarine) - Excellent;;;;;0;no_match;;;
iPh16256GBWht-VR-ASN-AU;Apple iPhone 16 (256GB, White) - Pristine;;;;;0;no_match;;;
iPh16256GBPnk-VR-ASN-AU;Apple iPhone 16 (256GB, Pink) - Pristine;;;;;0;no_match;;;
iPh16256GBTeal-VR-ASN-AU;Apple iPhone 16 (256GB, Teal) - Pristine;;;;;0;no_match;;;
iPh16256GBUltrmrn-VR-ASN-AU;Apple iPhone 16 (256GB, Ultramarine) - Pristine;;;;;0;no_match;;;
SM25PLS512GBSil-VR-ASN-AU;Samsung Galaxy S25 Plus 5G (512GB, Silver Shadow) - Pristine;;;;;0;no_match;;;
SM25PLS512GBSil-RD-VR-EXD-AU;Samsung Galaxy S25 Plus 5G (512GB, Silver Shadow) - Excellent;;;;;0;no_match;;;
SM25PLS512GBNav-VR-ASN-AU;Samsung Galaxy S25 Plus 5G (512GB, Navy) - Pristine;;;;;0;no_match;;;
SM25PLS512GBNav-RD-VR-EXD-AU;Samsung Galaxy S25 Plus 5G (512GB, Navy) - Excellent;;;;;0;no_match;;;
SM25PLS512GBIBlu-VR-ASN-AU;Samsung Galaxy S25 Plus 5G (512GB, Icy Blue) - Pristine;;;;;0;no_match;;;
SM25PLS512GBIBlu-RD-VR-EXD-AU;Samsung Galaxy S25 Plus 5G (512GB, Icy Blue) - Excellent;;;;;0;no_match;;;
SGlxZFlip7256GBBlu-VR-ASN-AU;Samsung Galaxy Z Flip 7 5G (256GB, Blue) - Pristine;;;;;0;no_match;;;
SGlxZFlip7256GBBlu-RD-VR-EXD-AU;Samsung Galaxy Z Flip 7 5G (256GB, Blue) - Excellent;;;;;0;no_match;;;
SGlxZFlip7256GBJBlk-VR-ASN-AU;Samsung Galaxy Z Flip 7 5G (256GB, Jet Black) - Pristine;;;;;0;no_match;;;
SGlxZFlip7256GBJBlk-RD-VR-EXD-AU;Samsung Galaxy Z Flip 7 5G (256GB, Jet Black) - Excellent;;;;;0;no_match;;;
iPhn16Pro5G512GBWht-VR-ASN-AU;Apple iPhone 16 PRO 5G (512GB, White) - Pristine;;;;;0;no_match;;;
iPhn16Pro5G512GBWht-RD-VR-EXD-AU;Apple iPhone 16 PRO 5G (512GB, White) - Excellent;;;;;0;no_match;;;
SGalA35128GBNvy-VR-ASN-AU;Samsung Galaxy A35 5G (128GB, Navy) - Pristine;;;;;0;no_match;;;
GalS248512ORG-RD-VR-EXD-AU;Samsung Galaxy S24 5G (512GB, Sandstone Orange) - Excellent;;;;;0;no_match;;;
GalS248512ORG-VR-ASN-AU;Samsung Galaxy S24 5G (512GB, Sandstone Orange) - Pristine;;;;;0;no_match;;;
MacPro2020M1256GB-VR-ASN-AU;"Apple Macbook Pro 2020 (M1, 16GB RAM, 256GB, 13"") - Pristine";;;;;0;no_match;;;
MacPro2020M1256GBAS-VR-ASN-AU;"Apple Macbook Pro 2020 (M1, 16GB RAM, 256GB, 13"") AU - Pristine";;;;;0;no_match;;;
